Protocollo;Gruppo;DataOraIncidente;Localizzazione1;STRADA1;Localizzazione2;STRADA2;Strada02;Chilometrica;DaSpecificare;NaturaIncidente;particolaritastrade;TipoStrada;FondoStradale;Pavimentazione;Segnaletica;CondizioneAtmosferica;Traffico;Visibilita;Illuminazione;NUM_FERITI;NUM_RISERVATA;NUM_MORTI;NUM_ILLESI;Longitudine;Latitudine;Confermato;Progressivo;TipoVeicolo;StatoVeicolo;TipoPersona;Sesso;Tipolesione;Deceduto;DecedutoDopo;CinturaCascoUtilizzato;Airbag
2797493;17;01/05/2016 06:30;Strada Urbana;PIAZZALE DEGLI EROI;all'intersezione semaforizzata con;CIRCONVALLAZIONE TRIONFALE;CIRCONVALLAZIONE TRIONFALE;;;Scontro frontale/laterale SX fra veicoli in marcia;Intersezione semaforizzata;Due carreggiate;Bagnato (pioggia);Asfaltata;Verticale ed orizzontale;Nuvoloso;Scarso;Buona;Ore Diurne;3;0;0;0;12.44847;41.90904;-1;2;Autovettura privata;In marcia / fermata / arresto;Conducente;M;Rimandato;0;NON DECEDUTO;Non accertato;Esploso
2797493;17;01/05/2016 06:30;Strada Urbana;PIAZZALE DEGLI EROI;all'intersezione semaforizzata con;CIRCONVALLAZIONE TRIONFALE;CIRCONVALLAZIONE TRIONFALE;;;Scontro frontale/laterale SX fra veicoli in marcia;Intersezione semaforizzata;Due carreggiate;Bagnato (pioggia);Asfaltata;Verticale ed orizzontale;Nuvoloso;Scarso;Buona;Ore Diurne;3;0;0;0;12.44847;41.90904;-1;2;Autovettura privata;In marcia / fermata / arresto;Passeggero;M;Rimandato;0;NON DECEDUTO;Non accertato;Inesploso
2797540;10;02/05/2016 08:10;Strada Urbana;VIA TUSCOLANA;da specificare;;;;in pross. via lamaro;Scontro laterale fra veicoli in marcia;Rettilineo;Due carreggiate;Asciutto;Asfaltata;Verticale ed orizzontale;Sereno;Intenso;Buona;Ore Diurne;0;0;0;4;12.57195;41.85112;-1;1;Autovettura privata;In marcia / fermata / arresto;Conducente;F;Illeso;0;;Non accertato;Inesploso
2797540;10;02/05/2016 08:10;Strada Urbana;VIA TUSCOLANA;da specificare;;;;in pross. via lamaro;Scontro laterale fra veicoli in marcia;Rettilineo;Due carreggiate;Asciutto;Asfaltata;Verticale ed orizzontale;Sereno;Intenso;Buona;Ore Diurne;0;0;0;4;12.57195;41.85112;-1;1;Autovettura privata;In marcia / fermata / arresto;Passeggero;M;Illeso;0;;Non accertato;Inesploso
2797540;10;02/05/2016 08:10;Strada Urbana;VIA TUSCOLANA;da specificare;;;;in pross. via lamaro;Scontro laterale fra veicoli in marcia;Rettilineo;Due carreggiate;Asciutto;Asfaltata;Verticale ed orizzontale;Sereno;Intenso;Buona;Ore Diurne;0;0;0;4;12.57195;41.85112;-1;2;Motociclo con passeggero;In marcia / fermata / arresto;Conducente;M;Illeso;0;;Non accertato;
2797540;10;02/05/2016 08:10;Strada Urbana;VIA TUSCOLANA;da specificare;;;;in pross. via lamaro;Scontro laterale fra veicoli in marcia;Rettilineo;Due carreggiate;Asciutto;Asfaltata;Verticale ed orizzontale;Sereno;Intenso;Buona;Ore Diurne;0;0;0;4;12.57195;41.85112;-1;2;Motociclo con passeggero;In marcia / fermata / arresto;Passeggero;M;Illeso;0;;Non accertato;
2797552;10;02/05/2016 09:50;Strada Urbana;CIRCONVALLAZIONE TUSCOLANA;all'intersezione con;VIA QUINTILIO VARO;VIA QUINTILIO VARO;;;Scontro frontale/laterale DX fra veicoli in marcia;Incrocio;Due carreggiate;Asciutto;Asfaltata;Verticale ed orizzontale;Sereno;Normale;Buona;Ore Diurne;4;0;0;1;12.5684;41.85157;-1;1;Autovettura privata;In marcia / fermata / arresto;Conducente;M;Illeso;0;;Non accertato;Inesploso
2797552;10;02/05/2016 09:50;Strada Urbana;CIRCONVALLAZIONE TUSCOLANA;all'intersezione con;VIA QUINTILIO VARO;VIA QUINTILIO VARO;;;Scontro frontale/laterale DX fra veicoli in marcia;Incrocio;Due carreggiate;Asciutto;Asfaltata;Verticale ed orizzontale;Sereno;Normale;Buona;Ore Diurne;4;0;0;1;12.5684;41.85157;-1;2;Autovettura privata;In marcia / fermata / arresto;Conducente;M;Ricoverato;0;NON DECEDUTO;Utilizzato;Esploso
2797552;10;02/05/2016 09:50;Strada Urbana;CIRCONVALLAZIONE TUSCOLANA;all'intersezione con;VIA QUINTILIO VARO;VIA QUINTILIO VARO;;;Scontro frontale/laterale DX fra veicoli in marcia;Incrocio;Due carreggiate;Asciutto;Asfaltata;Verticale ed orizzontale;Sereno;Normale;Buona;Ore Diurne;4;0;0;1;12.5684;41.85157;-1;3;Autovettura di polizia;In marcia / fermata / arresto;Conducente;M;Rimandato;0;NON DECEDUTO;Non accertato;Inesploso
2797552;10;02/05/2016 09:50;Strada Urbana;CIRCONVALLAZIONE TUSCOLANA;all'intersezione con;VIA QUINTILIO VARO;VIA QUINTILIO VARO;;;Scontro frontale/laterale DX fra veicoli in marcia;Incrocio;Due carreggiate;Asciutto;Asfaltata;Verticale ed orizzontale;Sereno;Normale;Buona;Ore Diurne;4;0;0;1;12.5684;41.85157;-1;3;Autovettura di polizia;In marcia / fermata / arresto;Passeggero;M;Rimandato;0;NON DECEDUTO;Non accertato;Inesistente
2797552;10;02/05/2016 09:50;Strada Urbana;CIRCONVALLAZIONE TUSCOLANA;all'intersezione con;VIA QUINTILIO VARO;VIA QUINTILIO VARO;;;Scontro frontale/laterale DX fra veicoli in marcia;Incrocio;Due carreggiate;Asciutto;Asfaltata;Verticale ed orizzontale;Sereno;Normale;Buona;Ore Diurne;4;0;0;1;12.5684;41.85157;-1;3;Autovettura di polizia;In marcia / fermata / arresto;Passeggero;F;Rimandato;0;NON DECEDUTO;Non accertato;Inesploso
2797571;17;01/05/2016 02:30;Strada Urbana;VIA GREGORIO VII;all'intersezione semaforizzata con;VIA ORMISDA;VIA ORMISDA;;;Scontro frontale/laterale DX fra veicoli in marcia;Intersezione semaforizzata;Più di due carreggiate;Bagnato (pioggia);Asfaltata;Verticale ed orizzontale;Pioggia in atto;Scarso;Buona;Sufficiente;0;0;0;4;12.4452;41.89583;-1;1;Autovettura privata;In marcia / fermata / arresto;Conducente;M;Illeso;0;;Non accertato;Inesploso
2797571;17;01/05/2016 02:30;Strada Urbana;VIA GREGORIO VII;all'intersezione semaforizzata con;VIA ORMISDA;VIA ORMISDA;;;Scontro frontale/laterale DX fra veicoli in marcia;Intersezione semaforizzata;Più di due carreggiate;Bagnato (pioggia);Asfaltata;Verticale ed orizzontale;Pioggia in atto;Scarso;Buona;Sufficiente;0;0;0;4;12.4452;41.89583;-1;2;Autovettura privata;In marcia / fermata / arresto;Conducente;F;Illeso;0;;Non accertato;Inesploso
2797571;17;01/05/2016 02:30;Strada Urbana;VIA GREGORIO VII;all'intersezione semaforizzata con;VIA ORMISDA;VIA ORMISDA;;;Scontro frontale/laterale DX fra veicoli in marcia;Intersezione semaforizzata;Più di due carreggiate;Bagnato (pioggia);Asfaltata;Verticale ed orizzontale;Pioggia in atto;Scarso;Buona;Sufficiente;0;0;0;4;12.4452;41.89583;-1;2;Autovettura privata;In marcia / fermata / arresto;Passeggero;M;Illeso;0;;Non accertato;Inesploso
2797571;17;01/05/2016 02:30;Strada Urbana;VIA GREGORIO VII;all'intersezione semaforizzata con;VIA ORMISDA;VIA ORMISDA;;;Scontro frontale/laterale DX fra veicoli in marcia;Intersezione semaforizzata;Più di due carreggiate;Bagnato (pioggia);Asfaltata;Verticale ed orizzontale;Pioggia in atto;Scarso;Buona;Sufficiente;0;0;0;4;12.4452;41.89583;-1;2;Autovettura privata;In marcia / fermata / arresto;Passeggero;M;Illeso;0;;Non accertato;Inesploso
2797619;16;01/05/2016 03:40;Strada Urbana;VIALE DEL MURO TORTO;da specificare;;;;in prossimità sottopasso P.le Brasile;Infortunio per caduta del veicolo;Curva senza visuale libera;Due carreggiate;Bagnato (pioggia);Asfaltata;Orizzontale;Pioggia in atto;Scarso;Buona;Sufficiente;1;0;0;1;12.48325;41.90968;-1;1;Motociclo con passeggero;In marcia / fermata / arresto;Conducente;M;Illeso;0;;Non accertato;
2797619;16;01/05/2016 03:40;Strada Urbana;VIALE DEL MURO TORTO;da specificare;;;;in prossimità sottopasso P.le Brasile;Infortunio per caduta del veicolo;Curva senza visuale libera;Due carreggiate;Bagnato (pioggia);Asfaltata;Orizzontale;Pioggia in atto;Scarso;Buona;Sufficiente;1;0;0;1;12.48325;41.90968;-1;1;Motociclo con passeggero;In marcia / fermata / arresto;Passeggero;F;Ricoverato;0;NON DECEDUTO;Non accertato;
2797644;16;01/05/2016 23:10;Strada Urbana;VIA LUIGI RONZONI;all'intersezione con;VIA RAFFAELE BATTISTINI;VIA RAFFAELE BATTISTINI;;;Scontro laterale fra veicoli in marcia;Incrocio;Una carreggiata a senso unico di marcia;Asciutto;Asfaltata;Verticale ed orizzontale;Sereno;Scarso;Sufficiente;Sufficiente;0;0;0;3;12.4468;41.86668;-1;1;Autovettura privata;In marcia / fermata / arresto;Conducente;M;Illeso;0;;Non accertato;Inesploso
2797644;16;01/05/2016 23:10;Strada Urbana;VIA LUIGI RONZONI;all'intersezione con;VIA RAFFAELE BATTISTINI;VIA RAFFAELE BATTISTINI;;;Scontro laterale fra veicoli in marcia;Incrocio;Una carreggiata a senso unico di marcia;Asciutto;Asfaltata;Verticale ed orizzontale;Sereno;Scarso;Sufficiente;Sufficiente;0;0;0;3;12.4468;41.86668;-1;1;Autovettura privata;In marcia / fermata / arresto;Passeggero;F;Illeso;0;;Non accertato;Inesploso
2797644;16;01/05/2016 23:10;Strada Urbana;VIA LUIGI RONZONI;all'intersezione con;VIA RAFFAELE BATTISTINI;VIA RAFFAELE BATTISTINI;;;Scontro laterale fra veicoli in marcia;Incrocio;Una carreggiata a senso unico di marcia;Asciutto;Asfaltata;Verticale ed orizzontale;Sereno;Scarso;Sufficiente;Sufficiente;0;0;0;3;12.4468;41.86668;-1;2;Motociclo a solo;In marcia / fermata / arresto;Conducente;M;Illeso;0;;Non accertato;
2797648;2;02/05/2016 16:45;Strada Urbana;VIA ARCHIMEDE;all'intersezione con;PIAZZA EUCLIDE;PIAZZA EUCLIDE;;;Investimento di pedone;Incrocio;Una carreggiata a senso unico di marcia;Bagnato (pioggia);Asfaltata;Verticale ed orizzontale;Pioggia in atto;Normale;Buona;Ore Diurne;1;0;0;1;12.48082;41.9266;-1;;;;Pedone;M;Rifiuta cure immediate;0;NON DECEDUTO;;
2797648;2;02/05/2016 16:45;Strada Urbana;VIA ARCHIMEDE;all'intersezione con;PIAZZA EUCLIDE;PIAZZA EUCLIDE;;;Investimento di pedone;Incrocio;Una carreggiata a senso unico di marcia;Bagnato (pioggia);Asfaltata;Verticale ed orizzontale;Pioggia in atto;Normale;Buona;Ore Diurne;1;0;0;1;12.48082;41.9266;-1;1;Autovettura privata;In marcia / fermata / arresto;Conducente;F;Illeso;0;;Non accertato;Inesistente
2797667;10;02/05/2016 18:40;Strada Urbana;VIALE BRUNO RIZZIERI;all'intersezione con;VIALE BRUNO PELIZZI;VIALE BRUNO PELIZZI;;;Scontro frontale/laterale SX fra veicoli in marcia;Rotatoria;Due carreggiate;Bagnato (pioggia);Asfaltata;Verticale ed orizzontale;Pioggia in atto;Normale;Buona;Ore Diurne;0;0;0;2;12.58323;41.8522;-1;1;Autovettura privata;In marcia / fermata / arresto;Conducente;F;Illeso;0;;Non accertato;Inesploso
2797667;10;02/05/2016 18:40;Strada Urbana;VIALE BRUNO RIZZIERI;all'intersezione con;VIALE BRUNO PELIZZI;VIALE BRUNO PELIZZI;;;Scontro frontale/laterale SX fra veicoli in marcia;Rotatoria;Due carreggiate;Bagnato (pioggia);Asfaltata;Verticale ed orizzontale;Pioggia in atto;Normale;Buona;Ore Diurne;0;0;0;2;12.58323;41.8522;-1;2;Autovettura privata;In marcia / fermata / arresto;Conducente;M;Illeso;0;;Non accertato;Inesploso
2797708;12;02/05/2016 18:00;Strada Urbana;VIALE DELL'OCEANO INDIANO;all'intersezione con;VIA PRAGA;VIA PRAGA;;;Scontro laterale fra veicoli in marcia;Incrocio;Una carreggiata a doppio senso;Bagnato (pioggia);Asfaltata;Verticale ed orizzontale;Pioggia in atto;Normale;Buona;Ore Diurne;1;0;0;1;12.4486;41.82464;-1;1;Autocarro inferiore 35 q.;In marcia / fermata / arresto;Conducente;M;Illeso;0;;Non accertato;Inesploso
2797708;12;02/05/2016 18:00;Strada Urbana;VIALE DELL'OCEANO INDIANO;all'intersezione con;VIA PRAGA;VIA PRAGA;;;Scontro laterale fra veicoli in marcia;Incrocio;Una carreggiata a doppio senso;Bagnato (pioggia);Asfaltata;Verticale ed orizzontale;Pioggia in atto;Normale;Buona;Ore Diurne;1;0;0;1;12.4486;41.82464;-1;2;Motociclo a solo;In marcia / fermata / arresto;Conducente;M;Ricoverato;0;NON DECEDUTO;Utilizzato;
2797719;20;02/05/2016 13:30;Regionale entro l'abitato;VIA CASSIA;in corrispondenza;;del civico n.;280;;Scontro frontale/laterale SX fra veicoli in marcia;Rettilineo;Una carreggiata a doppio senso;Asciutto;Asfaltata;Verticale ed orizzontale;Nuvoloso;Normale;Buona;Ore Diurne;0;0;1;1;12.45982;41.9509;-1;1;Autovettura privata;In marcia / fermata / arresto;Conducente;F;Illeso;0;;Non accertato;Inesploso
2797719;20;02/05/2016 13:30;Regionale entro l'abitato;VIA CASSIA;in corrispondenza;;del civico n.;280;;Scontro frontale/laterale SX fra veicoli in marcia;Rettilineo;Una carreggiata a doppio senso;Asciutto;Asfaltata;Verticale ed orizzontale;Nuvoloso;Normale;Buona;Ore Diurne;0;0;1;1;12.45982;41.9509;-1;2;Motociclo a solo;In marcia / fermata / arresto;Conducente;M;Deceduto durante prime cure;-1;;Non accertato;
2797814;15;02/05/2016 18:05;Strada Urbana;VIA DEL TRULLO;all'intersezione semaforizzata con;VIA DEL MONTE DELLE CAPRE;VIA DEL MONTE DELLE CAPRE;;;Scontro frontale/laterale DX fra veicoli in marcia;Intersezione semaforizzata;Due carreggiate;Bagnato (pioggia);Asfaltata;Verticale ed orizzontale;Pioggia in atto;Normale;Buona;Ore Diurne;0;0;0;3;12.43676;41.84305;-1;1;Autovettura privata;In marcia / fermata / arresto;Conducente;M;Illeso;0;;Utilizzato;
2797814;15;02/05/2016 18:05;Strada Urbana;VIA DEL TRULLO;all'intersezione semaforizzata con;VIA DEL MONTE DELLE CAPRE;VIA DEL MONTE DELLE CAPRE;;;Scontro frontale/laterale DX fra veicoli in marcia;Intersezione semaforizzata;Due carreggiate;Bagnato (pioggia);Asfaltata;Verticale ed orizzontale;Pioggia in atto;Normale;Buona;Ore Diurne;0;0;0;3;12.43676;41.84305;-1;1;Autovettura privata;In marcia / fermata / arresto;Passeggero;M;Illeso;0;;Utilizzato;
2797814;15;02/05/2016 18:05;Strada Urbana;VIA DEL TRULLO;all'intersezione semaforizzata con;VIA DEL MONTE DELLE CAPRE;VIA DEL MONTE DELLE CAPRE;;;Scontro frontale/laterale DX fra veicoli in marcia;Intersezione semaforizzata;Due carreggiate;Bagnato (pioggia);Asfaltata;Verticale ed orizzontale;Pioggia in atto;Normale;Buona;Ore Diurne;0;0;0;3;12.43676;41.84305;-1;2;Autovettura privata;In marcia / fermata / arresto;Conducente;F;Illeso;0;;Utilizzato;
2797917;17;02/05/2016 20:20;Strada Urbana;VIA DAMIATA;all'intersezione con;VIALE DELLE MILIZIE;VIALE DELLE MILIZIE;;;Scontro frontale/laterale SX fra veicoli in marcia;Intersezione semaforizzata;Più di due carreggiate;Bagnato (pioggia);Asfaltata;Verticale ed orizzontale;Pioggia in atto;Normale;Sufficiente;Sufficiente;0;0;0;2;12.46317;41.91236;-1;1;Autovettura privata;In marcia / fermata / arresto;Conducente;F;Illeso;0;;Non accertato;Inesploso
2797917;17;02/05/2016 20:20;Strada Urbana;VIA DAMIATA;all'intersezione con;VIALE DELLE MILIZIE;VIALE DELLE MILIZIE;;;Scontro frontale/laterale SX fra veicoli in marcia;Intersezione semaforizzata;Più di due carreggiate;Bagnato (pioggia);Asfaltata;Verticale ed orizzontale;Pioggia in atto;Normale;Sufficiente;Sufficiente;0;0;0;2;12.46317;41.91236;-1;2;Motociclo a solo;In marcia / fermata / arresto;Conducente;M;Illeso;0;;Non accertato;
2797920;9;02/05/2016 12:15;Strada Urbana;VIA BARTOLOMEO PLATINA;all'intersezione con;VIA FERDINANDO UGHELLI;VIA FERDINANDO UGHELLI;;;Scontro laterale fra veicoli in marcia;Incrocio;Una carreggiata a senso unico di marcia;Asciutto;Asfaltata;Verticale ed orizzontale;Nuvoloso;Normale;Sufficiente;Ore Diurne;2;0;0;1;12.51646;41.86972;-1;1;Autovettura privata;In marcia / fermata / arresto;Conducente;F;Illeso;0;;Non accertato;
2797920;9;02/05/2016 12:15;Strada Urbana;VIA BARTOLOMEO PLATINA;all'intersezione con;VIA FERDINANDO UGHELLI;VIA FERDINANDO UGHELLI;;;Scontro laterale fra veicoli in marcia;Incrocio;Una carreggiata a senso unico di marcia;Asciutto;Asfaltata;Verticale ed orizzontale;Nuvoloso;Normale;Sufficiente;Ore Diurne;2;0;0;1;12.51646;41.86972;-1;2;Motociclo con passeggero;In marcia / fermata / arresto;Conducente;M;Rifiuta cure immediate;0;NON DECEDUTO;Non accertato;
2797920;9;02/05/2016 12:15;Strada Urbana;VIA BARTOLOMEO PLATINA;all'intersezione con;VIA FERDINANDO UGHELLI;VIA FERDINANDO UGHELLI;;;Scontro laterale fra veicoli in marcia;Incrocio;Una carreggiata a senso unico di marcia;Asciutto;Asfaltata;Verticale ed orizzontale;Nuvoloso;Normale;Sufficiente;Ore Diurne;2;0;0;1;12.51646;41.86972;-1;2;Motociclo con passeggero;In marcia / fermata / arresto;Passeggero;M;Rifiuta cure immediate;0;NON DECEDUTO;Non accertato;
2797923;9;02/05/2016 14:00;Strada Urbana;VIA MAGNAGRECIA;in corrispondenza;;del civico n.;11;;Investimento di pedone;Rettilineo;Una carreggiata a doppio senso;Asciutto;Asfaltata;Verticale ed orizzontale;Nuvoloso;Intenso;Buona;Ore Diurne;1;0;0;1;12.50965;41.88505;-1;;;;Pedone;F;Rimandato;0;NON DECEDUTO;;
2797923;9;02/05/2016 14:00;Strada Urbana;VIA MAGNAGRECIA;in corrispondenza;;del civico n.;11;;Investimento di pedone;Rettilineo;Una carreggiata a doppio senso;Asciutto;Asfaltata;Verticale ed orizzontale;Nuvoloso;Intenso;Buona;Ore Diurne;1;0;0;1;12.50965;41.88505;-1;1;Motociclo a solo;In marcia / fermata / arresto;Conducente;M;Illeso;0;;Non accertato;
2797924;4;02/05/2016 08:25;Strada Urbana;VIA ROSINA ANSELMI;all'intersezione con;VIA AMALIA BETTINI;VIA AMALIA BETTINI;;;Scontro frontale/laterale SX fra veicoli in marcia;Incrocio;Una carreggiata a doppio senso;Asciutto;Asfaltata;Verticale;Sereno;Normale;Buona;Ore Diurne;1;0;0;1;12.53193;41.96578;-1;1;Autovettura privata;In marcia / fermata / arresto;Conducente;M;Illeso;0;;Non accertato;Inesploso
2797924;4;02/05/2016 08:25;Strada Urbana;VIA ROSINA ANSELMI;all'intersezione con;VIA AMALIA BETTINI;VIA AMALIA BETTINI;;;Scontro frontale/laterale SX fra veicoli in marcia;Incrocio;Una carreggiata a doppio senso;Asciutto;Asfaltata;Verticale;Sereno;Normale;Buona;Ore Diurne;1;0;0;1;12.53193;41.96578;-1;2;Autovettura privata;In marcia / fermata / arresto;Conducente;M;Rimandato;0;NON DECEDUTO;Non accertato;Inesistente
2797926;11;02/05/2016 08:05;Strada Urbana;VIA DI GROTTA PERFETTA;all'intersezione con;VIA SALVATORE DI GIACOMO;VIA SALVATORE DI GIACOMO;;;Scontro frontale/laterale DX fra veicoli in marcia;Incrocio;Una carreggiata a doppio senso;Asciutto;Asfaltata;Verticale ed orizzontale;Sereno;Normale;Buona;Ore Diurne;1;0;0;3;12.48874;41.8467;-1;1;Autovettura privata;In marcia / fermata / arresto;Conducente;M;Illeso;0;;Non accertato;Inesploso
2797926;11;02/05/2016 08:05;Strada Urbana;VIA DI GROTTA PERFETTA;all'intersezione con;VIA SALVATORE DI GIACOMO;VIA SALVATORE DI GIACOMO;;;Scontro frontale/laterale DX fra veicoli in marcia;Incrocio;Una carreggiata a doppio senso;Asciutto;Asfaltata;Verticale ed orizzontale;Sereno;Normale;Buona;Ore Diurne;1;0;0;3;12.48874;41.8467;-1;1;Autovettura privata;In marcia / fermata / arresto;Passeggero;M;Illeso;0;;Non accertato;Inesploso
2797926;11;02/05/2016 08:05;Strada Urbana;VIA DI GROTTA PERFETTA;all'intersezione con;VIA SALVATORE DI GIACOMO;VIA SALVATORE DI GIACOMO;;;Scontro frontale/laterale DX fra veicoli in marcia;Incrocio;Una carreggiata a doppio senso;Asciutto;Asfaltata;Verticale ed orizzontale;Sereno;Normale;Buona;Ore Diurne;1;0;0;3;12.48874;41.8467;-1;1;Autovettura privata;In marcia / fermata / arresto;Passeggero;M;Rimandato;0;NON DECEDUTO;Non accertato;Inesploso
2797926;11;02/05/2016 08:05;Strada Urbana;VIA DI GROTTA PERFETTA;all'intersezione con;VIA SALVATORE DI GIACOMO;VIA SALVATORE DI GIACOMO;;;Scontro frontale/laterale DX fra veicoli in marcia;Incrocio;Una carreggiata a doppio senso;Asciutto;Asfaltata;Verticale ed orizzontale;Sereno;Normale;Buona;Ore Diurne;1;0;0;3;12.48874;41.8467;-1;2;Autovettura privata;In marcia / fermata / arresto;Conducente;M;Illeso;0;;Non accertato;Inesploso
2797928;8;02/05/2016 09:00;Strada Urbana;VIALE DI TORRE MAURA;in prossimità;;del civico n.;40;;Veicolo in marcia contro ostacolo accidentale;Rettilineo;Due carreggiate;Asciutto;Con buche;Verticale ed orizzontale;Sereno;Normale;Sufficiente;Ore Diurne;0;0;0;1;12.58873;41.86498;-1;1;Autovettura privata;In marcia / fermata / arresto;Conducente;M;Illeso;0;;;
2797933;8;02/05/2016 20:30;Strada Urbana;VIA BIANCAVILLA;in prossimità;;del civico n.;20;;Veicolo in marcia contro ostacolo accidentale;Rettilineo;Una carreggiata a doppio senso;Bagnato (pioggia);Con buche;Verticale;Nuvoloso;Normale;Buona;Sufficiente;0;0;0;1;12.6731;41.86463;-1;1;Autovettura privata;In marcia / fermata / arresto;Conducente;M;Illeso;0;;Non accertato;Inesploso
2797935;8;01/05/2016 12:15;Strada Urbana;VIALE PAOLO FERDINANDO QUAGLIA;in prossimità;;del civico n.;74;;Investimento di pedone;Rettilineo;Una carreggiata a doppio senso;Asciutto;Asfaltata;Verticale ed orizzontale;Sereno;Normale;Buona;Ore Diurne;1;0;0;1;12.64094;41.86838;-1;;;;Pedone;M;Rifiuta cure immediate;0;NON DECEDUTO;;
2797935;8;01/05/2016 12:15;Strada Urbana;VIALE PAOLO FERDINANDO QUAGLIA;in prossimità;;del civico n.;74;;Investimento di pedone;Rettilineo;Una carreggiata a doppio senso;Asciutto;Asfaltata;Verticale ed orizzontale;Sereno;Normale;Buona;Ore Diurne;1;0;0;1;12.64094;41.86838;-1;1;Autovettura privata;In marcia / fermata / arresto;Conducente;M;Illeso;0;;Non accertato;Inesploso
2797936;8;02/05/2016 10:40;Strada Urbana;VIA CASILINA;in corrispondenza;;del civico n.;1873;;Veicolo in marcia contro veicoli in sosta;Rettilineo;Una carreggiata a doppio senso;Asciutto;Asfaltata;Assente;Sereno;Scarso;Buona;Ore Diurne;0;0;0;3;12.68871;41.863;-1;1;Autovettura privata;In marcia / fermata / arresto;Conducente;M;Illeso;0;;Non accertato;Inesploso
2797936;8;02/05/2016 10:40;Strada Urbana;VIA CASILINA;in corrispondenza;;del civico n.;1873;;Veicolo in marcia contro veicoli in sosta;Rettilineo;Una carreggiata a doppio senso;Asciutto;Asfaltata;Assente;Sereno;Scarso;Buona;Ore Diurne;0;0;0;3;12.68871;41.863;-1;2;Autovettura privata;In marcia / fermata / arresto;Conducente;M;Illeso;0;;Non accertato;Inesploso
2797936;8;02/05/2016 10:40;Strada Urbana;VIA CASILINA;in corrispondenza;;del civico n.;1873;;Veicolo in marcia contro veicoli in sosta;Rettilineo;Una carreggiata a doppio senso;Asciutto;Asfaltata;Assente;Sereno;Scarso;Buona;Ore Diurne;0;0;0;3;12.68871;41.863;-1;3;Autovettura privata;In marcia / fermata / arresto;Conducente;M;Illeso;0;;Non accertato;Inesploso
2797937;17;02/05/2016 14:30;Strada Urbana;VIALE GIUSEPPE MAZZINI;da specificare;;;;fronte via de Calboli;Scontro laterale fra veicoli in marcia;Rettilineo;Due carreggiate;Asciutto;Asfaltata;Verticale ed orizzontale;Nuvoloso;Normale;Buona;Ore Diurne;1;0;0;1;12.4614;41.91543;-1;1;Autovettura privata;In marcia / fermata / arresto;Conducente;M;Illeso;0;;;
2797937;17;02/05/2016 14:30;Strada Urbana;VIALE GIUSEPPE MAZZINI;da specificare;;;;fronte via de Calboli;Scontro laterale fra veicoli in marcia;Rettilineo;Due carreggiate;Asciutto;Asfaltata;Verticale ed orizzontale;Nuvoloso;Normale;Buona;Ore Diurne;1;0;0;1;12.4614;41.91543;-1;2;Motociclo a solo;In marcia / fermata / arresto;Conducente;F;Rimandato;0;NON DECEDUTO;;
2797939;8;01/05/2016 12:15;Strada Urbana;VIALE PAOLO FERDINANDO QUAGLIA;in prossimità;;del civico n.;48;;Scontro laterale fra veicoli in marcia;Rettilineo;Una carreggiata a doppio senso;Asciutto;Asfaltata;Verticale ed orizzontale;Sereno;Normale;Buona;Ore Diurne;0;0;0;2;12.64094;41.86838;-1;1;Autovettura privata;In marcia / fermata / arresto;Conducente;M;Illeso;0;;Non accertato;Inesploso
2797939;8;01/05/2016 12:15;Strada Urbana;VIALE PAOLO FERDINANDO QUAGLIA;in prossimità;;del civico n.;48;;Scontro laterale fra veicoli in marcia;Rettilineo;Una carreggiata a doppio senso;Asciutto;Asfaltata;Verticale ed orizzontale;Sereno;Normale;Buona;Ore Diurne;0;0;0;2;12.64094;41.86838;-1;2;Autovettura privata;In marcia / fermata / arresto;Conducente;M;Illeso;0;;Non accertato;Inesploso
2797945;8;01/05/2016 12:15;Strada Urbana;VIALE PAOLO FERDINANDO QUAGLIA;in prossimità;;del civico n.;74;;Veicolo in marcia contro veicolo in sosta;Rettilineo;Una carreggiata a doppio senso;Asciutto;Asfaltata;Verticale ed orizzontale;Sereno;Normale;Buona;Ore Diurne;1;0;0;0;12.64094;41.86838;-1;1;Autovettura privata;In marcia / fermata / arresto;Conducente;M;Rimandato;0;NON DECEDUTO;Non accertato;Inesploso
2797946;8;02/05/2016 14:30;Provinciale entro l'abitato;VIA POLENSE;all'intersezione semaforizzata con;VIA SANT'ELPIDIO A MARE;VIA SANT'ELPIDIO A MARE;;;Scontro frontale/laterale SX fra veicoli in marcia;Intersezione semaforizzata;Una carreggiata a doppio senso;Asciutto;Asfaltata;Verticale ed orizzontale;Nuvoloso;Normale;Buona;Ore Diurne;1;0;0;2;12.73039;41.91282;-1;1;Autovettura privata;In marcia / fermata / arresto;Conducente;M;Illeso;0;;Non accertato;Inesploso
2797946;8;02/05/2016 14:30;Provinciale entro l'abitato;VIA POLENSE;all'intersezione semaforizzata con;VIA SANT'ELPIDIO A MARE;VIA SANT'ELPIDIO A MARE;;;Scontro frontale/laterale SX fra veicoli in marcia;Intersezione semaforizzata;Una carreggiata a doppio senso;Asciutto;Asfaltata;Verticale ed orizzontale;Nuvoloso;Normale;Buona;Ore Diurne;1;0;0;2;12.73039;41.91282;-1;2;Autovettura privata;In marcia / fermata / arresto;Conducente;M;Illeso;0;;Non accertato;Inesploso