Protocollo;Gruppo;DataOraIncidente;Localizzazione1;STRADA1;Localizzazione2;STRADA2;Strada02;Chilometrica;DaSpecificare;NaturaIncidente;particolaritastrade;TipoStrada;FondoStradale;Pavimentazione;Segnaletica;CondizioneAtmosferica;Traffico;Visibilita;Illuminazione;NUM_FERITI;NUM_RISERVATA;NUM_MORTI;NUM_ILLESI;Longitudine;Latitudine;Confermato;Progressivo;TipoVeicolo;StatoVeicolo;TipoPersona;Sesso;Tipolesione;Deceduto;DecedutoDopo;CinturaCascoUtilizzato;Airbag
2799755;17;03/05/2016 12:45;Strada Urbana;LUNGOTEVERE MICHELANGELO;in prossimità;;del civico n.;10;;Scontro laterale fra veicoli in marcia;Rettilineo;Una carreggiata a senso unico di marcia;Asciutto;Asfaltata;Verticale ed orizzontale;Sereno;Normale;Buona;Ore Diurne;1;0;0;1;12.46968;41.91435;-1;1;Autovettura privata;In marcia / fermata / arresto;Conducente;M;Illeso;0;;Non accertato;Inesploso
2799755;17;03/05/2016 12:45;Strada Urbana;LUNGOTEVERE MICHELANGELO;in prossimità;;del civico n.;10;;Scontro laterale fra veicoli in marcia;Rettilineo;Una carreggiata a senso unico di marcia;Asciutto;Asfaltata;Verticale ed orizzontale;Sereno;Normale;Buona;Ore Diurne;1;0;0;1;12.46968;41.91435;-1;2;Motociclo a solo;In marcia / fermata / arresto;Conducente;M;Rimandato;0;NON DECEDUTO;;
2799757;20;03/05/2016 18:21;Strada Urbana;GALLERIA GIOVANNI XXIII;da specificare;;;;prossimità uscita Via Trionfale;Veicolo in marcia contro ostacolo accidentale;Rettilineo;Una carreggiata a senso unico di marcia;Viscido da liquidi oleosi;Asfaltata;Verticale ed orizzontale;Sereno;Normale;Buona;Sufficiente;1;0;0;0;12.44106;41.94044;-1;1;Motociclo a solo;In marcia / fermata / arresto;Conducente;M;Rimandato;0;NON DECEDUTO;;
2799765;13;03/05/2016 10:40;Strada Urbana;VIA DI ACILIA;all'intersezione con;VIA ADOLFO TOMMASI;VIA ADOLFO TOMMASI;;;Scontro frontale/laterale DX fra veicoli in marcia;Incrocio;Una carreggiata a doppio senso;Asciutto;Asfaltata;Orizzontale;Sereno;Normale;Buona;Ore Diurne;0;0;0;2;12.36866;41.77786;-1;1;Autovettura privata;In marcia / fermata / arresto;Conducente;F;Illeso;0;;Non accertato;Inesploso
2799765;13;03/05/2016 10:40;Strada Urbana;VIA DI ACILIA;all'intersezione con;VIA ADOLFO TOMMASI;VIA ADOLFO TOMMASI;;;Scontro frontale/laterale DX fra veicoli in marcia;Incrocio;Una carreggiata a doppio senso;Asciutto;Asfaltata;Orizzontale;Sereno;Normale;Buona;Ore Diurne;0;0;0;2;12.36866;41.77786;-1;2;Autovettura privata;In marcia / fermata / arresto;Conducente;M;Illeso;0;;;
2799774;4;03/05/2016 10:20;Statale;VIA SALARIA;da specificare;;;;fronte salita Catel Giubileo direzione GRA;Scontro laterale fra veicoli in marcia;Curva a visuale libera;Due carreggiate;Asciutto;Asfaltata;Verticale ed orizzontale;Sereno;Normale;Buona;Ore Diurne;0;0;0;2;12.51934;42.00891;-1;1;Autovettura privata;In marcia / fermata / arresto;Conducente;F;Illeso;0;;Non accertato;Inesploso
2799774;4;03/05/2016 10:20;Statale;VIA SALARIA;da specificare;;;;fronte salita Catel Giubileo direzione GRA;Scontro laterale fra veicoli in marcia;Curva a visuale libera;Due carreggiate;Asciutto;Asfaltata;Verticale ed orizzontale;Sereno;Normale;Buona;Ore Diurne;0;0;0;2;12.51934;42.00891;-1;2;Autoarticolato;In marcia / fermata / arresto;Conducente;M;Illeso;0;;Non accertato;Inesploso
2799775;18;03/05/2016 13:20;Strada Urbana;VIA AURELIA;in prossimità;;della chilometrica;7.7;;Tamponamento Multiplo;Rettilineo;Due carreggiate;Asciutto;Asfaltata;Verticale ed orizzontale;Sereno;Normale;Buona;Ore Diurne;0;0;0;3;12.4138;41.89218;-1;1;Autovettura privata;In marcia / fermata / arresto;Conducente;M;Illeso;0;;;
2799775;18;03/05/2016 13:20;Strada Urbana;VIA AURELIA;in prossimità;;della chilometrica;7.7;;Tamponamento Multiplo;Rettilineo;Due carreggiate;Asciutto;Asfaltata;Verticale ed orizzontale;Sereno;Normale;Buona;Ore Diurne;0;0;0;3;12.4138;41.89218;-1;2;Autocarro inferiore 35 q.;In marcia / fermata / arresto;Conducente;M;Illeso;0;;;
2799775;18;03/05/2016 13:20;Strada Urbana;VIA AURELIA;in prossimità;;della chilometrica;7.7;;Tamponamento Multiplo;Rettilineo;Due carreggiate;Asciutto;Asfaltata;Verticale ed orizzontale;Sereno;Normale;Buona;Ore Diurne;0;0;0;3;12.4138;41.89218;-1;3;Autovettura privata;In marcia / fermata / arresto;Conducente;M;Illeso;0;;;
2799779;18;03/05/2016 13:25;Strada Urbana;VIA AURELIA;all'intersezione con;VIA DEI FAGGELLA;VIA DEI FAGGELLA;;;Tamponamento;Incrocio;Due carreggiate;Asciutto;Asfaltata;Verticale ed orizzontale;Sereno;Intenso;Buona;Ore Diurne;0;0;0;5;12.4138;41.89218;-1;1;Autovettura privata;In marcia / fermata / arresto;Conducente;F;Illeso;0;;;
2799779;18;03/05/2016 13:25;Strada Urbana;VIA AURELIA;all'intersezione con;VIA DEI FAGGELLA;VIA DEI FAGGELLA;;;Tamponamento;Incrocio;Due carreggiate;Asciutto;Asfaltata;Verticale ed orizzontale;Sereno;Intenso;Buona;Ore Diurne;0;0;0;5;12.4138;41.89218;-1;1;Autovettura privata;In marcia / fermata / arresto;Passeggero;F;Illeso;0;;;
2799779;18;03/05/2016 13:25;Strada Urbana;VIA AURELIA;all'intersezione con;VIA DEI FAGGELLA;VIA DEI FAGGELLA;;;Tamponamento;Incrocio;Due carreggiate;Asciutto;Asfaltata;Verticale ed orizzontale;Sereno;Intenso;Buona;Ore Diurne;0;0;0;5;12.4138;41.89218;-1;2;Autovettura privata;In marcia / fermata / arresto;Conducente;M;Illeso;0;;;
2799779;18;03/05/2016 13:25;Strada Urbana;VIA AURELIA;all'intersezione con;VIA DEI FAGGELLA;VIA DEI FAGGELLA;;;Tamponamento;Incrocio;Due carreggiate;Asciutto;Asfaltata;Verticale ed orizzontale;Sereno;Intenso;Buona;Ore Diurne;0;0;0;5;12.4138;41.89218;-1;2;Autovettura privata;In marcia / fermata / arresto;Passeggero;F;Illeso;0;;;
2799779;18;03/05/2016 13:25;Strada Urbana;VIA AURELIA;all'intersezione con;VIA DEI FAGGELLA;VIA DEI FAGGELLA;;;Tamponamento;Incrocio;Due carreggiate;Asciutto;Asfaltata;Verticale ed orizzontale;Sereno;Intenso;Buona;Ore Diurne;0;0;0;5;12.4138;41.89218;-1;2;Autovettura privata;In marcia / fermata / arresto;Passeggero;M;Illeso;0;;;
2799780;4;03/05/2016 12:50;Strada Urbana;VIA DON GIUSTINO MARIA RUSSOLILLO;in corrispondenza;;del civico n.;36;;Scontro frontale/laterale DX fra veicoli in marcia;Rettilineo;Una carreggiata a doppio senso;Asciutto;Asfaltata;Verticale ed orizzontale;Sereno;Normale;Buona;Ore Diurne;0;1;0;1;12.51803;41.97095;-1;1;Autovettura privata;In marcia / fermata / arresto;Conducente;M;Illeso;0;;Non accertato;Inesploso
2799780;4;03/05/2016 12:50;Strada Urbana;VIA DON GIUSTINO MARIA RUSSOLILLO;in corrispondenza;;del civico n.;36;;Scontro frontale/laterale DX fra veicoli in marcia;Rettilineo;Una carreggiata a doppio senso;Asciutto;Asfaltata;Verticale ed orizzontale;Sereno;Normale;Buona;Ore Diurne;0;1;0;1;12.51803;41.97095;-1;2;Motociclo a solo;In marcia / fermata / arresto;Conducente;M;Prognosi riservata;0;NON DECEDUTO;;
2799782;5;03/05/2016 18:10;Strada Urbana;VIALE PALMIRO TOGLIATTI;da specificare;;;;ALTEZZA VIA BARDANZELLU;Veicolo in marcia contro veicoli in arresto;Rettilineo;Due carreggiate;Asciutto;Asfaltata;Verticale ed orizzontale;Sereno;Normale;Buona;Ore Diurne;1;0;0;3;12.57054;41.91395;-1;1;Autovettura privata;In marcia / fermata / arresto;Conducente;M;Illeso;0;;Non accertato;Inesploso
2799782;5;03/05/2016 18:10;Strada Urbana;VIALE PALMIRO TOGLIATTI;da specificare;;;;ALTEZZA VIA BARDANZELLU;Veicolo in marcia contro veicoli in arresto;Rettilineo;Due carreggiate;Asciutto;Asfaltata;Verticale ed orizzontale;Sereno;Normale;Buona;Ore Diurne;1;0;0;3;12.57054;41.91395;-1;2;Motociclo a solo;In marcia / fermata / arresto;Conducente;M;Rimandato;0;NON DECEDUTO;Non accertato;
2799782;5;03/05/2016 18:10;Strada Urbana;VIALE PALMIRO TOGLIATTI;da specificare;;;;ALTEZZA VIA BARDANZELLU;Veicolo in marcia contro veicoli in arresto;Rettilineo;Due carreggiate;Asciutto;Asfaltata;Verticale ed orizzontale;Sereno;Normale;Buona;Ore Diurne;1;0;0;3;12.57054;41.91395;-1;3;Macchina operatrice;In marcia / fermata / arresto;Conducente;M;Illeso;0;;Non accertato;Inesploso
2799782;5;03/05/2016 18:10;Strada Urbana;VIALE PALMIRO TOGLIATTI;da specificare;;;;ALTEZZA VIA BARDANZELLU;Veicolo in marcia contro veicoli in arresto;Rettilineo;Due carreggiate;Asciutto;Asfaltata;Verticale ed orizzontale;Sereno;Normale;Buona;Ore Diurne;1;0;0;3;12.57054;41.91395;-1;3;Macchina operatrice;In marcia / fermata / arresto;Passeggero;M;Illeso;0;;Non accertato;Inesploso
2799784;13;03/05/2016 18:00;Strada Urbana;VIA CAPO SPARTIVENTO;all'intersezione con;VIA CESARE LAURENTI;VIA CESARE LAURENTI;;;Scontro laterale fra veicoli in marcia;Incrocio;Una carreggiata a senso unico di marcia;Asciutto;Asfaltata;Verticale ed orizzontale;Sereno;Normale;Buona;Ore Diurne;0;0;0;2;12.2842;41.73421;-1;1;Autovettura privata;In marcia / fermata / arresto;Conducente;M;Illeso;0;;Non accertato;
2799784;13;03/05/2016 18:00;Strada Urbana;VIA CAPO SPARTIVENTO;all'intersezione con;VIA CESARE LAURENTI;VIA CESARE LAURENTI;;;Scontro laterale fra veicoli in marcia;Incrocio;Una carreggiata a senso unico di marcia;Asciutto;Asfaltata;Verticale ed orizzontale;Sereno;Normale;Buona;Ore Diurne;0;0;0;2;12.2842;41.73421;-1;2;Autovettura privata;In marcia / fermata / arresto;Conducente;M;Illeso;0;;Non accertato;
2799789;11;03/05/2016 22:40;Strada Urbana;VIALE DEL TINTORETTO;all'intersezione con;VIALE ALDO BALLARIN;VIALE ALDO BALLARIN;;;Veicolo in marcia contro veicoli in sosta;Incrocio;Due carreggiate;Asciutto;Asfaltata;Verticale ed orizzontale;Sereno;Scarso;Buona;Sufficiente;0;0;0;1;12.48562;41.83825;-1;1;Autovettura privata;In marcia / fermata / arresto;Conducente;M;Illeso;0;;Non accertato;Esploso
2799791;18;03/05/2016 19:15;Strada Urbana;VIA CARDINALE OREGLIA;in corrispondenza;;del civico n.;33;;Veicolo in marcia contro veicolo fermo;Rettilineo;Una carreggiata a doppio senso;Asciutto;Asfaltata;Verticale ed orizzontale;Sereno;Scarso;Buona;Ore Diurne;0;0;0;2;12.42365;41.904;-1;1;Autovettura pubblica;In marcia / fermata / arresto;Conducente;M;Illeso;0;;;
2799791;18;03/05/2016 19:15;Strada Urbana;VIA CARDINALE OREGLIA;in corrispondenza;;del civico n.;33;;Veicolo in marcia contro veicolo fermo;Rettilineo;Una carreggiata a doppio senso;Asciutto;Asfaltata;Verticale ed orizzontale;Sereno;Scarso;Buona;Ore Diurne;0;0;0;2;12.42365;41.904;-1;2;Autovettura privata;In marcia / fermata / arresto;Conducente;M;Illeso;0;;;
2799795;18;03/05/2016 12:20;Strada Urbana;VIA DI VAL CANNUTA;all'intersezione con;VIA DELLA DIVINA PROVVIDENZA;VIA DELLA DIVINA PROVVIDENZA;;;Scontro laterale fra veicoli in marcia;Intersezione stradale segnalata;Una carreggiata a doppio senso;Asciutto;Asfaltata;Verticale ed orizzontale;Sereno;Normale;Buona;Ore Diurne;1;0;0;1;12.41029;41.89698;-1;1;Autovettura privata;In marcia / fermata / arresto;Conducente;F;Illeso;0;;;
2799795;18;03/05/2016 12:20;Strada Urbana;VIA DI VAL CANNUTA;all'intersezione con;VIA DELLA DIVINA PROVVIDENZA;VIA DELLA DIVINA PROVVIDENZA;;;Scontro laterale fra veicoli in marcia;Intersezione stradale segnalata;Una carreggiata a doppio senso;Asciutto;Asfaltata;Verticale ed orizzontale;Sereno;Normale;Buona;Ore Diurne;1;0;0;1;12.41029;41.89698;-1;2;Motociclo a solo;In marcia / fermata / arresto;Conducente;F;Rifiuta cure immediate;0;NON DECEDUTO;;
2799796;19;03/05/2016 19:45;Strada Urbana;VIA DI TORREVECCHIA;all'intersezione con;VIA FRANCESCO RONCATI;VIA FRANCESCO RONCATI;;;Veicolo in marcia contro veicolo in sosta;Incrocio;Una carreggiata a doppio senso;Asciutto;Asfaltata;Verticale ed orizzontale;Sereno;Scarso;Buona;Sufficiente;0;0;0;3;12.41796;41.92981;-1;2;Autovettura privata;In marcia / fermata / arresto;Conducente;M;Illeso;0;;Non accertato;Inesploso
2799796;19;03/05/2016 19:45;Strada Urbana;VIA DI TORREVECCHIA;all'intersezione con;VIA FRANCESCO RONCATI;VIA FRANCESCO RONCATI;;;Veicolo in marcia contro veicolo in sosta;Incrocio;Una carreggiata a doppio senso;Asciutto;Asfaltata;Verticale ed orizzontale;Sereno;Scarso;Buona;Sufficiente;0;0;0;3;12.41796;41.92981;-1;2;Autovettura privata;In marcia / fermata / arresto;Passeggero;F;Illeso;0;;Non accertato;Inesploso
2799796;19;03/05/2016 19:45;Strada Urbana;VIA DI TORREVECCHIA;all'intersezione con;VIA FRANCESCO RONCATI;VIA FRANCESCO RONCATI;;;Veicolo in marcia contro veicolo in sosta;Incrocio;Una carreggiata a doppio senso;Asciutto;Asfaltata;Verticale ed orizzontale;Sereno;Scarso;Buona;Sufficiente;0;0;0;3;12.41796;41.92981;-1;2;Autovettura privata;In marcia / fermata / arresto;Passeggero;M;Illeso;0;;Non accertato;Inesploso
2799799;7;03/05/2016 10:00;Strada Urbana;VIA DEI GELSI;in prossimità;;del civico n.;121/A;;Veicolo in marcia contro veicolo in sosta;Rettilineo;Una carreggiata a doppio senso;Asciutto;Asfaltata;Orizzontale;Sereno;Normale;Buona;Ore Diurne;1;0;0;1;12.5714;41.88985;-1;1;Autocarro inferiore 35 q.;In marcia / fermata / arresto;Conducente;M;Illeso;0;;Non accertato;Inesploso
2799799;7;03/05/2016 10:00;Strada Urbana;VIA DEI GELSI;in prossimità;;del civico n.;121/A;;Veicolo in marcia contro veicolo in sosta;Rettilineo;Una carreggiata a doppio senso;Asciutto;Asfaltata;Orizzontale;Sereno;Normale;Buona;Ore Diurne;1;0;0;1;12.5714;41.88985;-1;2;Autovettura privata;Sosta;Passeggero;M;Rimandato;0;NON DECEDUTO;Non accertato;Inesploso
2799804;19;03/05/2016 18:40;Strada Urbana;VIA DI SELVA CANDIDA;all'intersezione con;VIA PONDERANO;VIA PONDERANO;;;Scontro laterale fra veicoli in marcia;Incrocio;Una carreggiata a doppio senso;Asciutto;Asfaltata;Verticale ed orizzontale;Sereno;Normale;Buona;Ore Diurne;0;0;0;2;12.37767;41.93593;-1;1;Motociclo a solo;In marcia / fermata / arresto;Conducente;M;Illeso;0;;Non accertato;
2799804;19;03/05/2016 18:40;Strada Urbana;VIA DI SELVA CANDIDA;all'intersezione con;VIA PONDERANO;VIA PONDERANO;;;Scontro laterale fra veicoli in marcia;Incrocio;Una carreggiata a doppio senso;Asciutto;Asfaltata;Verticale ed orizzontale;Sereno;Normale;Buona;Ore Diurne;0;0;0;2;12.37767;41.93593;-1;2;Autovettura privata;In marcia / fermata / arresto;Conducente;M;Illeso;0;;Non accertato;Inesistente
2799810;20;03/05/2016 09:25;Strada Urbana;CORSO DI FRANCIA;all'intersezione semaforizzata con;VIA FLAMINIA;VIA FLAMINIA;;;Tamponamento;Incrocio;Due carreggiate;Asciutto;Asfaltata;Verticale ed orizzontale;Sereno;Normale;Buona;Ore Diurne;0;0;0;2;12.47085;41.94142;-1;1;Autovettura privata;In marcia / fermata / arresto;Conducente;M;Illeso;0;;Non accertato;
2799810;20;03/05/2016 09:25;Strada Urbana;CORSO DI FRANCIA;all'intersezione semaforizzata con;VIA FLAMINIA;VIA FLAMINIA;;;Tamponamento;Incrocio;Due carreggiate;Asciutto;Asfaltata;Verticale ed orizzontale;Sereno;Normale;Buona;Ore Diurne;0;0;0;2;12.47085;41.94142;-1;2;Autovettura privata;In marcia / fermata / arresto;Conducente;M;Illeso;0;;Non accertato;Inesploso
2799812;17;03/05/2016 19:00;Strada Urbana;VIA DELLE FORNACI;in prossimità;;del civico n.;48b;;Veicolo in marcia contro veicolo in sosta;Rettilineo;Una carreggiata a doppio senso;Asciutto;Asfaltata;Verticale ed orizzontale;Nuvoloso;Normale;Sufficiente;Sufficiente;0;0;0;1;12.45667;41.89739;-1;1;Autovettura privata;In marcia / fermata / arresto;Conducente;F;Illeso;0;;Non accertato;Inesploso
2799820;7;03/05/2016 07:45;Strada Urbana;VIA COLLATINA;in corrispondenza;;del civico n.;267;;Tamponamento;Rettilineo;Una carreggiata a senso unico di marcia;Asciutto;Asfaltata;Verticale ed orizzontale;Sereno;Normale;Buona;Ore Diurne;0;0;0;3;12.59024;41.90417;-1;1;Autocarro inferiore 35 q.;In marcia / fermata / arresto;Conducente;M;Illeso;0;;;
2799820;7;03/05/2016 07:45;Strada Urbana;VIA COLLATINA;in corrispondenza;;del civico n.;267;;Tamponamento;Rettilineo;Una carreggiata a senso unico di marcia;Asciutto;Asfaltata;Verticale ed orizzontale;Sereno;Normale;Buona;Ore Diurne;0;0;0;3;12.59024;41.90417;-1;1;Autocarro inferiore 35 q.;In marcia / fermata / arresto;Passeggero;M;Illeso;0;;;
2799820;7;03/05/2016 07:45;Strada Urbana;VIA COLLATINA;in corrispondenza;;del civico n.;267;;Tamponamento;Rettilineo;Una carreggiata a senso unico di marcia;Asciutto;Asfaltata;Verticale ed orizzontale;Sereno;Normale;Buona;Ore Diurne;0;0;0;3;12.59024;41.90417;-1;2;Autovettura privata;In marcia / fermata / arresto;Conducente;F;Illeso;0;;;
2799828;7;03/05/2016 17:40;Strada Urbana;VIA DEI CICLAMINI;in corrispondenza;;del civico n.;91;;Investimento di pedone;Rettilineo;Una carreggiata a doppio senso;Asciutto;Asfaltata;Orizzontale;Sereno;Normale;Buona;Ore Diurne;2;0;0;1;12.56613;41.89195;-1;;;;Pedone;F;Rimandato;0;NON DECEDUTO;;
2799828;7;03/05/2016 17:40;Strada Urbana;VIA DEI CICLAMINI;in corrispondenza;;del civico n.;91;;Investimento di pedone;Rettilineo;Una carreggiata a doppio senso;Asciutto;Asfaltata;Orizzontale;Sereno;Normale;Buona;Ore Diurne;2;0;0;1;12.56613;41.89195;-1;;;;Pedone;F;Rimandato;0;NON DECEDUTO;;
2799828;7;03/05/2016 17:40;Strada Urbana;VIA DEI CICLAMINI;in corrispondenza;;del civico n.;91;;Investimento di pedone;Rettilineo;Una carreggiata a doppio senso;Asciutto;Asfaltata;Orizzontale;Sereno;Normale;Buona;Ore Diurne;2;0;0;1;12.56613;41.89195;-1;1;Autovettura privata;In marcia / fermata / arresto;Conducente;M;Illeso;0;;Non accertato;Inesploso
2799835;20;03/05/2016 11:15;Strada Urbana;VIALE DI TOR DI QUINTO;in prossimità;;del civico n.;155;;Tamponamento;Rettilineo;Una carreggiata a senso unico di marcia;Asciutto;Asfaltata;Verticale;Sereno;Normale;Buona;Ore Diurne;0;0;0;2;12.48457;41.94935;-1;1;Autovettura privata;In marcia / fermata / arresto;Conducente;F;Illeso;0;;Non accertato;
2799835;20;03/05/2016 11:15;Strada Urbana;VIALE DI TOR DI QUINTO;in prossimità;;del civico n.;155;;Tamponamento;Rettilineo;Una carreggiata a senso unico di marcia;Asciutto;Asfaltata;Verticale;Sereno;Normale;Buona;Ore Diurne;0;0;0;2;12.48457;41.94935;-1;2;Autovettura privata;In marcia / fermata / arresto;Conducente;M;Illeso;0;;;
2799844;4;03/05/2016 22:00;Strada Urbana;VIA DELLA BUFALOTTA;all'intersezione con;VIA ADOLFO ALBERTAZZI;VIA ADOLFO ALBERTAZZI;;;Scontro frontale/laterale SX fra veicoli in marcia;Incrocio;Una carreggiata a doppio senso;Asciutto;Asfaltata;Assente;Sereno;Normale;Sufficiente;Sufficiente;0;0;0;2;12.54978;41.96725;-1;1;Autovettura privata;In marcia / fermata / arresto;Conducente;M;Illeso;0;;Non accertato;
2799844;4;03/05/2016 22:00;Strada Urbana;VIA DELLA BUFALOTTA;all'intersezione con;VIA ADOLFO ALBERTAZZI;VIA ADOLFO ALBERTAZZI;;;Scontro frontale/laterale SX fra veicoli in marcia;Incrocio;Una carreggiata a doppio senso;Asciutto;Asfaltata;Assente;Sereno;Normale;Sufficiente;Sufficiente;0;0;0;2;12.54978;41.96725;-1;2;Autovettura privata;In marcia / fermata / arresto;Conducente;M;Illeso;0;;Non accertato;
2799870;4;03/05/2016 14:30;Strada Urbana;VIA VAL DI SANGRO;da specificare;;;;civico 145 prossimità complanare via Prati Fiscali;Scontro frontale/laterale SX fra veicoli in marcia;Rettilineo;Una carreggiata a doppio senso;Asciutto;Asfaltata;Verticale;Sereno;Normale;Buona;Ore Diurne;1;0;0;1;12.52163;41.94476;-1;1;Autovettura privata;In marcia / fermata / arresto;Conducente;F;Illeso;0;;;
2799870;4;03/05/2016 14:30;Strada Urbana;VIA VAL DI SANGRO;da specificare;;;;civico 145 prossimità complanare via Prati Fiscali;Scontro frontale/laterale SX fra veicoli in marcia;Rettilineo;Una carreggiata a doppio senso;Asciutto;Asfaltata;Verticale;Sereno;Normale;Buona;Ore Diurne;1;0;0;1;12.52163;41.94476;-1;2;Autovettura privata;In marcia / fermata / arresto;Conducente;F;Rifiuta cure immediate;0;NON DECEDUTO;;
2799871;20;03/05/2016 10:05;Strada Urbana;VIALE DI TOR DI QUINTO;in prossimità;;del civico n.;58;;Scontro frontale/laterale SX fra veicoli in marcia;Rettilineo;Una carreggiata a doppio senso;Asciutto;Asfaltata;Verticale ed orizzontale;Sereno;Normale;Buona;Ore Diurne;1;0;0;3;12.47549;41.93731;-1;1;Motociclo a solo;In marcia / fermata / arresto;Conducente;M;Rimandato;0;NON DECEDUTO;Non accertato;
2799871;20;03/05/2016 10:05;Strada Urbana;VIALE DI TOR DI QUINTO;in prossimità;;del civico n.;58;;Scontro frontale/laterale SX fra veicoli in marcia;Rettilineo;Una carreggiata a doppio senso;Asciutto;Asfaltata;Verticale ed orizzontale;Sereno;Normale;Buona;Ore Diurne;1;0;0;3;12.47549;41.93731;-1;2;Autovettura privata;In marcia / fermata / arresto;Conducente;M;Illeso;0;;Non accertato;
2799871;20;03/05/2016 10:05;Strada Urbana;VIALE DI TOR DI QUINTO;in prossimità;;del civico n.;58;;Scontro frontale/laterale SX fra veicoli in marcia;Rettilineo;Una carreggiata a doppio senso;Asciutto;Asfaltata;Verticale ed orizzontale;Sereno;Normale;Buona;Ore Diurne;1;0;0;3;12.47549;41.93731;-1;2;Autovettura privata;In marcia / fermata / arresto;Passeggero;F;Illeso;0;;;
2799871;20;03/05/2016 10:05;Strada Urbana;VIALE DI TOR DI QUINTO;in prossimità;;del civico n.;58;;Scontro frontale/laterale SX fra veicoli in marcia;Rettilineo;Una carreggiata a doppio senso;Asciutto;Asfaltata;Verticale ed orizzontale;Sereno;Normale;Buona;Ore Diurne;1;0;0;3;12.47549;41.93731;-1;2;Autovettura privata;In marcia / fermata / arresto;Passeggero;F;Illeso;0;;;
2799873;20;03/05/2016 18:22;Strada Urbana;GALLERIA GIOVANNI XXIII;da specificare;;;;in prossimità uscita Via Trionfale ;Veicolo in marcia contro ostacolo accidentale;Rettilineo;Una carreggiata a senso unico di marcia;Viscido da liquidi oleosi;Asfaltata;Verticale ed orizzontale;Sereno;Normale;Buona;Sufficiente;1;0;0;0;12.43076;41.93667;-1;1;Motociclo a solo;In marcia / fermata / arresto;Conducente;M;Rifiuta cure immediate;0;NON DECEDUTO;;
2799881;7;03/05/2016 17:00;Strada Urbana;VIALE PALMIRO TOGLIATTI;all'intersezione semaforizzata con;VIA PRENESTINA;VIA PRENESTINA;;;Tamponamento;Intersezione semaforizzata;Più di due carreggiate;Asciutto;Asfaltata;Verticale ed orizzontale;Sereno;Normale;Buona;Ore Diurne;1;0;0;0;12.57458;41.89502;-1;1;Motociclo a solo;In marcia / fermata / arresto;Conducente;M;Rimandato;0;NON DECEDUTO;Non accertato;
2799883;17;03/05/2016;Strada Urbana;PIAZZALE CLODIO;in corrispondenza;;del civico n.;12;;Veicolo in marcia contro ostacolo fisso;Curva a visuale libera;Una carreggiata a senso unico di marcia;Asciutto;Asfaltata;Verticale ed orizzontale;Sereno;Normale;Buona;Ore Diurne;0;0;0;1;12.45456;41.91627;-1;1;Autovettura privata;In marcia / fermata / arresto;Conducente;F;Illeso;0;;Non accertato;Inesploso
2799884;13;03/05/2016 22:30;Strada Urbana;VIA DEL MARE;in prossimità;;della chilometrica;22.73;;Scontro laterale fra veicoli in marcia;Curva a visuale libera;Una carreggiata a doppio senso;Asciutto;Asfaltata;Verticale ed orizzontale;Nuvoloso;Normale;Buona;Insufficiente;1;0;0;3;12.48786;41.66404;-1;1;Autovettura privata;In marcia / fermata / arresto;Conducente;M;Illeso;0;;Non accertato;
2799884;13;03/05/2016 22:30;Strada Urbana;VIA DEL MARE;in prossimità;;della chilometrica;22.73;;Scontro laterale fra veicoli in marcia;Curva a visuale libera;Una carreggiata a doppio senso;Asciutto;Asfaltata;Verticale ed orizzontale;Nuvoloso;Normale;Buona;Insufficiente;1;0;0;3;12.48786;41.66404;-1;2;Autovettura privata;In marcia / fermata / arresto;Conducente;M;Illeso;0;;Non accertato;
2799884;13;03/05/2016 22:30;Strada Urbana;VIA DEL MARE;in prossimità;;della chilometrica;22.73;;Scontro laterale fra veicoli in marcia;Curva a visuale libera;Una carreggiata a doppio senso;Asciutto;Asfaltata;Verticale ed orizzontale;Nuvoloso;Normale;Buona;Insufficiente;1;0;0;3;12.48786;41.66404;-1;2;Autovettura privata;In marcia / fermata / arresto;Passeggero;F;Illeso;0;;Non accertato;
2799884;13;03/05/2016 22:30;Strada Urbana;VIA DEL MARE;in prossimità;;della chilometrica;22.73;;Scontro laterale fra veicoli in marcia;Curva a visuale libera;Una carreggiata a doppio senso;Asciutto;Asfaltata;Verticale ed orizzontale;Nuvoloso;Normale;Buona;Insufficiente;1;0;0;3;12.48786;41.66404;-1;3;Ciclomotore;In marcia / fermata / arresto;Conducente;M;Rimandato;0;NON DECEDUTO;Non accertato;
2799901;1;03/05/2016 16:35;Strada Urbana;LUNGOTEVERE AVENTINO;all'intersezione semaforizzata con;VIA DI S. MARIA IN COSMEDIN;VIA DI S. MARIA IN COSMEDIN;;;Infortunio per sola frenata improvvisa;Intersezione semaforizzata;Una carreggiata a doppio senso;Asciutto;Asfaltata;Verticale ed orizzontale;Sereno;Intenso;Buona;Ore Diurne;0;0;0;2;12.47894;41.88549;-1;1;Motociclo a solo;In marcia / fermata / arresto;Conducente;M;Illeso;0;;Non accertato;
2799901;1;03/05/2016 16:35;Strada Urbana;LUNGOTEVERE AVENTINO;all'intersezione semaforizzata con;VIA DI S. MARIA IN COSMEDIN;VIA DI S. MARIA IN COSMEDIN;;;Infortunio per sola frenata improvvisa;Intersezione semaforizzata;Una carreggiata a doppio senso;Asciutto;Asfaltata;Verticale ed orizzontale;Sereno;Intenso;Buona;Ore Diurne;0;0;0;2;12.47894;41.88549;-1;2;Autovettura pubblica;In marcia / fermata / arresto;Conducente;M;Illeso;0;;Non accertato;Inesploso