Protocollo;Gruppo;DataOraIncidente;Localizzazione1;STRADA1;Localizzazione2;STRADA2;Strada02;Chilometrica;DaSpecificare;NaturaIncidente;particolaritastrade;TipoStrada;FondoStradale;Pavimentazione;Segnaletica;CondizioneAtmosferica;Traffico;Visibilita;Illuminazione;NUM_FERITI;NUM_RISERVATA;NUM_MORTI;NUM_ILLESI;Longitudine;Latitudine;Confermato;Progressivo;TipoVeicolo;StatoVeicolo;TipoPersona;Sesso;Tipolesione;Deceduto;DecedutoDopo;CinturaCascoUtilizzato;Airbag
2803006;5;05/05/2016 12:10;Strada Urbana;VIA TIBURTINA;da specificare;;;;all'altezza del G.R.A.;Scontro laterale fra veicoli in marcia;Rettilineo;Una carreggiata a doppio senso;Asciutto;Asfaltata;Verticale ed orizzontale;Sereno;Normale;Buona;Ore Diurne;0;0;0;3;12.60252;41.93356;-1;1;Autoarticolato;In marcia / fermata / arresto;Conducente;M;Illeso;0;;Non accertato;Inesploso
2803006;5;05/05/2016 12:10;Strada Urbana;VIA TIBURTINA;da specificare;;;;all'altezza del G.R.A.;Scontro laterale fra veicoli in marcia;Rettilineo;Una carreggiata a doppio senso;Asciutto;Asfaltata;Verticale ed orizzontale;Sereno;Normale;Buona;Ore Diurne;0;0;0;3;12.60252;41.93356;-1;2;Autovettura privata;In marcia / fermata / arresto;Conducente;M;Illeso;0;;Non accertato;Inesploso
2803006;5;05/05/2016 12:10;Strada Urbana;VIA TIBURTINA;da specificare;;;;all'altezza del G.R.A.;Scontro laterale fra veicoli in marcia;Rettilineo;Una carreggiata a doppio senso;Asciutto;Asfaltata;Verticale ed orizzontale;Sereno;Normale;Buona;Ore Diurne;0;0;0;3;12.60252;41.93356;-1;2;Autovettura privata;In marcia / fermata / arresto;Passeggero;F;Illeso;0;;Non accertato;Inesploso
2803007;5;05/05/2016 10:00;Strada Urbana;VIA TIBURTINA;in prossimità;;del civico n.;912;;Scontro laterale fra veicoli in marcia;Rettilineo;Due carreggiate;Asciutto;Asfaltata;Verticale ed orizzontale;Sereno;Normale;Buona;Ore Diurne;0;0;0;3;12.57003;41.92408;-1;1;Autovettura privata;In marcia / fermata / arresto;Passeggero;F;Illeso;0;;Non accertato;
2803007;5;05/05/2016 10:00;Strada Urbana;VIA TIBURTINA;in prossimità;;del civico n.;912;;Scontro laterale fra veicoli in marcia;Rettilineo;Due carreggiate;Asciutto;Asfaltata;Verticale ed orizzontale;Sereno;Normale;Buona;Ore Diurne;0;0;0;3;12.57003;41.92408;-1;1;Autovettura privata;In marcia / fermata / arresto;Conducente;F;Illeso;0;;Non accertato;
2803007;5;05/05/2016 10:00;Strada Urbana;VIA TIBURTINA;in prossimità;;del civico n.;912;;Scontro laterale fra veicoli in marcia;Rettilineo;Due carreggiate;Asciutto;Asfaltata;Verticale ed orizzontale;Sereno;Normale;Buona;Ore Diurne;0;0;0;3;12.57003;41.92408;-1;2;Autovettura privata;In marcia / fermata / arresto;Conducente;F;Illeso;0;;Non accertato;
2803012;20;05/05/2016 16:30;Strada Urbana;VIALE DI TOR DI QUINTO;da specificare;;;;ALTEZ. EX GRAN TEATRO DIR. GRA;Tamponamento;Rettilineo;Più di due carreggiate;Bagnato (pioggia);Asfaltata;Orizzontale;Pioggia in atto;Intenso;Buona;Ore Diurne;1;0;0;0;12.48319;41.9421;-1;1;Autovettura privata;In marcia / fermata / arresto;Conducente;F;Rimandato;0;NON DECEDUTO;Non accertato;Inesploso
2803013;11;05/05/2016 10:45;Strada Urbana;VIA DI VIGNA MURATA;all'intersezione con;VIA DEL COLLE DI MEZZO;VIA DEL COLLE DI MEZZO;;;Scontro frontale/laterale DX fra veicoli in marcia;Intersezione stradale segnalata;Due carreggiate;Asciutto;Asfaltata;Verticale ed orizzontale;Sereno;Normale;Buona;Ore Diurne;1;0;0;1;12.49872;41.82626;-1;1;Autovettura privata;In marcia / fermata / arresto;Conducente;F;Rifiuta cure immediate;0;NON DECEDUTO;Non accertato;Inesploso
2803013;11;05/05/2016 10:45;Strada Urbana;VIA DI VIGNA MURATA;all'intersezione con;VIA DEL COLLE DI MEZZO;VIA DEL COLLE DI MEZZO;;;Scontro frontale/laterale DX fra veicoli in marcia;Intersezione stradale segnalata;Due carreggiate;Asciutto;Asfaltata;Verticale ed orizzontale;Sereno;Normale;Buona;Ore Diurne;1;0;0;1;12.49872;41.82626;-1;2;Autovettura privata;In marcia / fermata / arresto;Conducente;F;Illeso;0;;Non accertato;Inesploso
2803014;13;05/05/2016 13:40;Provinciale;VIA LITORANEA;in prossimità;;della chilometrica;8;;Tamponamento;Rettilineo;Una carreggiata a doppio senso;Asciutto;Asfaltata;Verticale ed orizzontale;Sereno;Normale;Buona;Ore Diurne;1;0;0;1;12.37354;41.68762;-1;1;Motociclo a solo;In marcia / fermata / arresto;Conducente;M;Ricoverato;0;NON DECEDUTO;Non accertato;
2803014;13;05/05/2016 13:40;Provinciale;VIA LITORANEA;in prossimità;;della chilometrica;8;;Tamponamento;Rettilineo;Una carreggiata a doppio senso;Asciutto;Asfaltata;Verticale ed orizzontale;Sereno;Normale;Buona;Ore Diurne;1;0;0;1;12.37354;41.68762;-1;2;Autovettura privata;In marcia / fermata / arresto;Conducente;M;Illeso;0;;Non accertato;
2803017;5;05/05/2016 10:30;Strada Urbana;VIALE PALMIRO TOGLIATTI;all'intersezione semaforizzata con;VIALE FERNANDO SANTI;VIALE FERNANDO SANTI;;;Scontro laterale fra veicoli in marcia;Incrocio;Due carreggiate;Asciutto;Asfaltata;Verticale ed orizzontale;Sereno;Normale;Buona;Ore Diurne;2;0;0;1;12.57013;41.91389;-1;1;Autovettura privata;In marcia / fermata / arresto;Conducente;F;Illeso;0;;Non accertato;
2803017;5;05/05/2016 10:30;Strada Urbana;VIALE PALMIRO TOGLIATTI;all'intersezione semaforizzata con;VIALE FERNANDO SANTI;VIALE FERNANDO SANTI;;;Scontro laterale fra veicoli in marcia;Incrocio;Due carreggiate;Asciutto;Asfaltata;Verticale ed orizzontale;Sereno;Normale;Buona;Ore Diurne;2;0;0;1;12.57013;41.91389;-1;2;Autovettura di polizia;In marcia / fermata / arresto;Conducente;M;Rimandato;0;NON DECEDUTO;Non accertato;
2803017;5;05/05/2016 10:30;Strada Urbana;VIALE PALMIRO TOGLIATTI;all'intersezione semaforizzata con;VIALE FERNANDO SANTI;VIALE FERNANDO SANTI;;;Scontro laterale fra veicoli in marcia;Incrocio;Due carreggiate;Asciutto;Asfaltata;Verticale ed orizzontale;Sereno;Normale;Buona;Ore Diurne;2;0;0;1;12.57013;41.91389;-1;2;Autovettura di polizia;In marcia / fermata / arresto;Passeggero;F;Rimandato;0;NON DECEDUTO;Non accertato;
2803019;19;05/05/2016 16:45;Strada Urbana;VIA TRIONFALE;in prossimità;;del civico n.;10019;;Scontro laterale fra veicoli in marcia;Rettilineo;Una carreggiata a doppio senso;Asciutto;Asfaltata;Orizzontale;Sereno;Normale;Buona;Ore Diurne;1;0;0;1;12.41661;41.94665;-1;1;Autovettura privata;In marcia / fermata / arresto;Conducente;M;Illeso;0;;Non accertato;
2803019;19;05/05/2016 16:45;Strada Urbana;VIA TRIONFALE;in prossimità;;del civico n.;10019;;Scontro laterale fra veicoli in marcia;Rettilineo;Una carreggiata a doppio senso;Asciutto;Asfaltata;Orizzontale;Sereno;Normale;Buona;Ore Diurne;1;0;0;1;12.41661;41.94665;-1;2;Motociclo a solo;In marcia / fermata / arresto;Conducente;M;Rifiuta cure immediate;0;NON DECEDUTO;Non accertato;
2803038;18;05/05/2016 09:50;Strada Urbana;VIA MATTIA BATTISTINI;all'intersezione con;VIA DEL FORTE BRASCHI;VIA DEL FORTE BRASCHI;;;Scontro frontale/laterale SX fra veicoli in marcia;Intersezione semaforizzata;Una carreggiata a doppio senso;Asciutto;Asfaltata;Assente;Sereno;Normale;Buona;Ore Diurne;0;0;0;2;12.41843;41.91385;-1;1;Autovettura privata;In marcia / fermata / arresto;Conducente;M;Illeso;0;;;
2803038;18;05/05/2016 09:50;Strada Urbana;VIA MATTIA BATTISTINI;all'intersezione con;VIA DEL FORTE BRASCHI;VIA DEL FORTE BRASCHI;;;Scontro frontale/laterale SX fra veicoli in marcia;Intersezione semaforizzata;Una carreggiata a doppio senso;Asciutto;Asfaltata;Assente;Sereno;Normale;Buona;Ore Diurne;0;0;0;2;12.41843;41.91385;-1;2;Autovettura privata;In marcia / fermata / arresto;Conducente;M;Illeso;0;;;
2803048;5;05/05/2016 07:50;Strada Urbana;VIA DEL CASALE DI S. BASILIO;all'intersezione con;VIA GRADARA;VIA GRADARA;;;Scontro frontale/laterale DX fra veicoli in marcia;Incrocio;Una carreggiata a doppio senso;Asciutto;Asfaltata;Verticale ed orizzontale;Sereno;Normale;Buona;Ore Diurne;0;1;0;1;12.57915;41.93805;-1;1;Motociclo a solo;In marcia / fermata / arresto;Conducente;M;Prognosi riservata;0;NON DECEDUTO;Non accertato;
2803048;5;05/05/2016 07:50;Strada Urbana;VIA DEL CASALE DI S. BASILIO;all'intersezione con;VIA GRADARA;VIA GRADARA;;;Scontro frontale/laterale DX fra veicoli in marcia;Incrocio;Una carreggiata a doppio senso;Asciutto;Asfaltata;Verticale ed orizzontale;Sereno;Normale;Buona;Ore Diurne;0;1;0;1;12.57915;41.93805;-1;2;Autovettura privata;In marcia / fermata / arresto;Conducente;M;Illeso;0;;Utilizzato;
2803049;11;05/05/2016 15:00;Strada Urbana;VIA DI VIGNA MURATA;all'intersezione con;VIA DEL CASALE SOLARO;VIA DEL CASALE SOLARO;;;Scontro frontale fra veicoli in marcia;Intersezione stradale segnalata;Due carreggiate;Asciutto;Asfaltata;Verticale ed orizzontale;Sereno;Normale;Buona;Ore Diurne;1;0;0;1;12.50038;41.82643;-1;1;Autovettura privata;In marcia / fermata / arresto;Conducente;F;Illeso;0;;Non accertato;Inesploso
2803049;11;05/05/2016 15:00;Strada Urbana;VIA DI VIGNA MURATA;all'intersezione con;VIA DEL CASALE SOLARO;VIA DEL CASALE SOLARO;;;Scontro frontale fra veicoli in marcia;Intersezione stradale segnalata;Due carreggiate;Asciutto;Asfaltata;Verticale ed orizzontale;Sereno;Normale;Buona;Ore Diurne;1;0;0;1;12.50038;41.82643;-1;2;Motociclo a solo;In marcia / fermata / arresto;Conducente;F;Rimandato;0;NON DECEDUTO;Non accertato;
2803053;18;05/05/2016 08:09;Autostrada;VIA DELLA MAGLIANELLA;da specificare;;;;SVINCOLO G.R.A.(CAVALCAVIA) MONTESPACCATO;Veicolo in marcia contro veicolo in sosta;Sottopasso illuminato;Una carreggiata a senso unico di marcia;Asciutto;Asfaltata;Verticale ed orizzontale;Sereno;Scarso;Buona;Ore Diurne;0;0;0;1;12.38178;41.90343;-1;1;Autobus turistico;In marcia / fermata / arresto;Conducente;M;Illeso;0;;;
2803065;18;05/05/2016 10:30;Strada Urbana;LARGO CARDINAL DOMENICO FERRATA;da specificare;;;;in prossimità via Cardinal Domenico Ferrata;Veicolo in marcia contro ostacolo accidentale;Curva a visuale libera;Una carreggiata a doppio senso;Viscido da liquidi oleosi;Asfaltata;Verticale ed orizzontale;Sereno;Normale;Buona;Ore Diurne;1;0;0;0;12.44086;41.88939;-1;1;Motociclo a solo;In marcia / fermata / arresto;Conducente;M;Rifiuta cure immediate;0;NON DECEDUTO;Non accertato;
2803070;18;05/05/2016 18:00;Strada Urbana;VIA DI CASALOTTI;in corrispondenza;;del civico n.;5;;Veicolo in marcia contro ostacolo accidentale;Rettilineo;Una carreggiata a doppio senso;Asciutto;Asfaltata;Verticale ed orizzontale;Sereno;Normale;Buona;Ore Diurne;0;0;0;2;12.37713;41.91866;-1;1;Autovettura privata;In marcia / fermata / arresto;Conducente;M;Illeso;0;;;
2803070;18;05/05/2016 18:00;Strada Urbana;VIA DI CASALOTTI;in corrispondenza;;del civico n.;5;;Veicolo in marcia contro ostacolo accidentale;Rettilineo;Una carreggiata a doppio senso;Asciutto;Asfaltata;Verticale ed orizzontale;Sereno;Normale;Buona;Ore Diurne;0;0;0;2;12.37713;41.91866;-1;1;Autovettura privata;In marcia / fermata / arresto;Passeggero;M;Illeso;0;;;
2803081;18;06/05/2016 00:30;Strada Urbana;VIA NICOLO' PICCOLOMINI;all'intersezione con;VIA DI VILLA BETANIA;VIA DI VILLA BETANIA;;;Scontro frontale/laterale DX fra veicoli in marcia;Intersezione stradale segnalata;Una carreggiata a doppio senso;Asciutto;Asfaltata;Verticale;Sereno;Scarso;Buona;Sufficiente;1;0;0;4;12.44211;41.89098;-1;1;Motociclo a solo;In marcia / fermata / arresto;Conducente;M;Rimandato;0;NON DECEDUTO;Non accertato;
2803081;18;06/05/2016 00:30;Strada Urbana;VIA NICOLO' PICCOLOMINI;all'intersezione con;VIA DI VILLA BETANIA;VIA DI VILLA BETANIA;;;Scontro frontale/laterale DX fra veicoli in marcia;Intersezione stradale segnalata;Una carreggiata a doppio senso;Asciutto;Asfaltata;Verticale;Sereno;Scarso;Buona;Sufficiente;1;0;0;4;12.44211;41.89098;-1;2;Autovettura privata;In marcia / fermata / arresto;Conducente;M;Illeso;0;;Non accertato;Inesploso
2803081;18;06/05/2016 00:30;Strada Urbana;VIA NICOLO' PICCOLOMINI;all'intersezione con;VIA DI VILLA BETANIA;VIA DI VILLA BETANIA;;;Scontro frontale/laterale DX fra veicoli in marcia;Intersezione stradale segnalata;Una carreggiata a doppio senso;Asciutto;Asfaltata;Verticale;Sereno;Scarso;Buona;Sufficiente;1;0;0;4;12.44211;41.89098;-1;2;Autovettura privata;In marcia / fermata / arresto;Passeggero;F;Illeso;0;;Non accertato;Inesploso
2803081;18;06/05/2016 00:30;Strada Urbana;VIA NICOLO' PICCOLOMINI;all'intersezione con;VIA DI VILLA BETANIA;VIA DI VILLA BETANIA;;;Scontro frontale/laterale DX fra veicoli in marcia;Intersezione stradale segnalata;Una carreggiata a doppio senso;Asciutto;Asfaltata;Verticale;Sereno;Scarso;Buona;Sufficiente;1;0;0;4;12.44211;41.89098;-1;2;Autovettura privata;In marcia / fermata / arresto;Passeggero;F;Illeso;0;;Non accertato;Inesploso
2803081;18;06/05/2016 00:30;Strada Urbana;VIA NICOLO' PICCOLOMINI;all'intersezione con;VIA DI VILLA BETANIA;VIA DI VILLA BETANIA;;;Scontro frontale/laterale DX fra veicoli in marcia;Intersezione stradale segnalata;Una carreggiata a doppio senso;Asciutto;Asfaltata;Verticale;Sereno;Scarso;Buona;Sufficiente;1;0;0;4;12.44211;41.89098;-1;2;Autovettura privata;In marcia / fermata / arresto;Passeggero;F;Illeso;0;;Non accertato;Inesploso
2803087;13;05/05/2016 17:05;Strada Urbana;VIA DI CASAL PALOCCO;in prossimità;;del civico n.;127;;Scontro laterale fra veicoli in marcia;Curva a visuale libera;Due carreggiate;Asciutto;Asfaltata;Verticale ed orizzontale;Sereno;Normale;Buona;Ore Diurne;0;0;0;2;12.3508;41.75064;-1;1;Motociclo a solo;In marcia / fermata / arresto;Conducente;M;Illeso;0;;Non accertato;
2803087;13;05/05/2016 17:05;Strada Urbana;VIA DI CASAL PALOCCO;in prossimità;;del civico n.;127;;Scontro laterale fra veicoli in marcia;Curva a visuale libera;Due carreggiate;Asciutto;Asfaltata;Verticale ed orizzontale;Sereno;Normale;Buona;Ore Diurne;0;0;0;2;12.3508;41.75064;-1;2;Autovettura privata;In marcia / fermata / arresto;Conducente;F;Illeso;0;;Non accertato;
2803096;19;05/05/2016 19:40;Strada Urbana;VIA INZAGO;all'intersezione con;VIA DEL FOSSO DI S. SPIRITO;VIA DEL FOSSO DI S. SPIRITO;;;Scontro frontale/laterale DX fra veicoli in marcia;Incrocio;Una carreggiata a doppio senso;Asciutto;Asfaltata;Verticale ed orizzontale;Nuvoloso;Normale;Buona;Ore Diurne;2;0;0;1;12.38525;41.94606;-1;1;Autovettura privata;In marcia / fermata / arresto;Conducente;M;Illeso;0;;Non accertato;Inesploso
2803096;19;05/05/2016 19:40;Strada Urbana;VIA INZAGO;all'intersezione con;VIA DEL FOSSO DI S. SPIRITO;VIA DEL FOSSO DI S. SPIRITO;;;Scontro frontale/laterale DX fra veicoli in marcia;Incrocio;Una carreggiata a doppio senso;Asciutto;Asfaltata;Verticale ed orizzontale;Nuvoloso;Normale;Buona;Ore Diurne;2;0;0;1;12.38525;41.94606;-1;1;Autovettura privata;In marcia / fermata / arresto;Passeggero;F;Rimandato;0;NON DECEDUTO;Non accertato;Inesploso
2803096;19;05/05/2016 19:40;Strada Urbana;VIA INZAGO;all'intersezione con;VIA DEL FOSSO DI S. SPIRITO;VIA DEL FOSSO DI S. SPIRITO;;;Scontro frontale/laterale DX fra veicoli in marcia;Incrocio;Una carreggiata a doppio senso;Asciutto;Asfaltata;Verticale ed orizzontale;Nuvoloso;Normale;Buona;Ore Diurne;2;0;0;1;12.38525;41.94606;-1;2;Autovettura privata;In marcia / fermata / arresto;Conducente;M;Rimandato;0;NON DECEDUTO;;
2803120;7;05/05/2016 15:30;Strada Urbana;VIA CARLO DE' MARCHESETTI;in corrispondenza;;del civico n.;108;;Veicolo in marcia contro veicolo in sosta;Rettilineo;Una carreggiata a doppio senso;Bagnato (pioggia);Asfaltata;Assente;Pioggia in atto;Scarso;Buona;Ore Diurne;0;0;0;1;12.58423;41.87109;-1;1;Autocarro inferiore 35 q.;In marcia / fermata / arresto;Conducente;M;Illeso;0;;Non accertato;Inesploso
2803136;4;05/05/2016 15:20;Strada Urbana;VIADOTTO GIOVANNI GRONCHI;da specificare;;;;rampa di uscita per via Vigne Nuove;Veicolo in marcia contro ostacolo fisso;Curva senza visuale libera;Una carreggiata a senso unico di marcia;Asciutto;Asfaltata;Orizzontale;Sereno;Scarso;Buona;Ore Diurne;0;0;0;2;12.53455;41.95918;-1;1;Autovettura privata;In marcia / fermata / arresto;Conducente;M;Illeso;0;;;
2803136;4;05/05/2016 15:20;Strada Urbana;VIADOTTO GIOVANNI GRONCHI;da specificare;;;;rampa di uscita per via Vigne Nuove;Veicolo in marcia contro ostacolo fisso;Curva senza visuale libera;Una carreggiata a senso unico di marcia;Asciutto;Asfaltata;Orizzontale;Sereno;Scarso;Buona;Ore Diurne;0;0;0;2;12.53455;41.95918;-1;1;Autovettura privata;In marcia / fermata / arresto;Passeggero;F;Illeso;0;;;
2803150;7;05/05/2016 20:00;Strada Urbana;VIA ERNESTO MAURI;in corrispondenza;;del civico n.;12;;Veicolo in marcia contro veicolo fermo;Rettilineo;Una carreggiata a doppio senso;Bagnato (umidità in atto);Asfaltata;Verticale;Nuvoloso;Scarso;Sufficiente;Sufficiente;0;0;0;2;12.57189;41.89031;-1;1;Autovettura privata;In marcia / fermata / arresto;Conducente;M;Illeso;0;;Non accertato;Inesploso
2803150;7;05/05/2016 20:00;Strada Urbana;VIA ERNESTO MAURI;in corrispondenza;;del civico n.;12;;Veicolo in marcia contro veicolo fermo;Rettilineo;Una carreggiata a doppio senso;Bagnato (umidità in atto);Asfaltata;Verticale;Nuvoloso;Scarso;Sufficiente;Sufficiente;0;0;0;2;12.57189;41.89031;-1;2;Autocarro inferiore 35 q.;In marcia / fermata / arresto;Conducente;M;Illeso;0;;Non accertato;Inesploso
2803164;17;05/05/2016 16:50;Strada Urbana;VIA LEONE IV;all'intersezione con;VIALE VATICANO;VIALE VATICANO;;;Scontro laterale fra veicoli in marcia;Intersezione semaforizzata;Una carreggiata a doppio senso;Asciutto;Asfaltata;Verticale ed orizzontale;Nuvoloso;Normale;Buona;Ore Diurne;0;0;0;2;12.45562;41.90757;-1;1;Autobus turistico;In marcia / fermata / arresto;Conducente;M;Illeso;0;;;
2803164;17;05/05/2016 16:50;Strada Urbana;VIA LEONE IV;all'intersezione con;VIALE VATICANO;VIALE VATICANO;;;Scontro laterale fra veicoli in marcia;Intersezione semaforizzata;Una carreggiata a doppio senso;Asciutto;Asfaltata;Verticale ed orizzontale;Nuvoloso;Normale;Buona;Ore Diurne;0;0;0;2;12.45562;41.90757;-1;2;Autovettura privata;In marcia / fermata / arresto;Conducente;M;Illeso;0;;;
2803173;4;05/05/2016 22:35;Strada Urbana;VIA VAL D'OSSOLA;all'intersezione con;VIA VALLE BORBERA;VIA VALLE BORBERA;;;Scontro frontale/laterale SX fra veicoli in marcia;Intersezione stradale segnalata;Una carreggiata a doppio senso;Asciutto;Asfaltata;Verticale ed orizzontale;Sereno;Scarso;Buona;Sufficiente;0;0;0;2;12.52877;41.93518;-1;1;Autovettura privata;In marcia / fermata / arresto;Conducente;M;Illeso;0;;Non accertato;
2803173;4;05/05/2016 22:35;Strada Urbana;VIA VAL D'OSSOLA;all'intersezione con;VIA VALLE BORBERA;VIA VALLE BORBERA;;;Scontro frontale/laterale SX fra veicoli in marcia;Intersezione stradale segnalata;Una carreggiata a doppio senso;Asciutto;Asfaltata;Verticale ed orizzontale;Sereno;Scarso;Buona;Sufficiente;0;0;0;2;12.52877;41.93518;-1;2;Autovettura privata;In marcia / fermata / arresto;Conducente;M;Illeso;0;;Non accertato;
2803184;15;06/05/2016 08:05;Strada Urbana;VIA DELLA MAGLIANA;in prossimità;;del civico n.;99;;Tamponamento;Rettilineo;Una carreggiata a doppio senso;Asciutto;Asfaltata;Orizzontale;Sereno;Normale;Buona;Ore Diurne;0;0;0;4;12.45878;41.85632;-1;1;Autovettura privata;In marcia / fermata / arresto;Conducente;M;Illeso;0;;Utilizzato;Inesploso
2803184;15;06/05/2016 08:05;Strada Urbana;VIA DELLA MAGLIANA;in prossimità;;del civico n.;99;;Tamponamento;Rettilineo;Una carreggiata a doppio senso;Asciutto;Asfaltata;Orizzontale;Sereno;Normale;Buona;Ore Diurne;0;0;0;4;12.45878;41.85632;-1;1;Autovettura privata;In marcia / fermata / arresto;Passeggero;F;Illeso;0;;Utilizzato;Inesploso
2803184;15;06/05/2016 08:05;Strada Urbana;VIA DELLA MAGLIANA;in prossimità;;del civico n.;99;;Tamponamento;Rettilineo;Una carreggiata a doppio senso;Asciutto;Asfaltata;Orizzontale;Sereno;Normale;Buona;Ore Diurne;0;0;0;4;12.45878;41.85632;-1;2;Autovettura privata;In marcia / fermata / arresto;Conducente;M;Illeso;0;;Utilizzato;Inesploso
2803184;15;06/05/2016 08:05;Strada Urbana;VIA DELLA MAGLIANA;in prossimità;;del civico n.;99;;Tamponamento;Rettilineo;Una carreggiata a doppio senso;Asciutto;Asfaltata;Orizzontale;Sereno;Normale;Buona;Ore Diurne;0;0;0;4;12.45878;41.85632;-1;2;Autovettura privata;In marcia / fermata / arresto;Passeggero;M;Illeso;0;;Utilizzato;Inesploso
2803215;9;06/05/2016 07:40;Strada Urbana;VIA FRASCATI;da specificare;;;;prossimità via dell' Acquedotto Felice;Scontro laterale fra veicoli in marcia;Rettilineo;Una carreggiata a senso unico di marcia;Asciutto;Asfaltata;Verticale ed orizzontale;Sereno;Normale;Buona;Ore Diurne;1;0;0;2;12.54264;41.86471;-1;1;Autovettura privata;In marcia / fermata / arresto;Conducente;F;Illeso;0;;Non accertato;
2803215;9;06/05/2016 07:40;Strada Urbana;VIA FRASCATI;da specificare;;;;prossimità via dell' Acquedotto Felice;Scontro laterale fra veicoli in marcia;Rettilineo;Una carreggiata a senso unico di marcia;Asciutto;Asfaltata;Verticale ed orizzontale;Sereno;Normale;Buona;Ore Diurne;1;0;0;2;12.54264;41.86471;-1;1;Autovettura privata;In marcia / fermata / arresto;Passeggero;F;Illeso;0;;Non accertato;
2803215;9;06/05/2016 07:40;Strada Urbana;VIA FRASCATI;da specificare;;;;prossimità via dell' Acquedotto Felice;Scontro laterale fra veicoli in marcia;Rettilineo;Una carreggiata a senso unico di marcia;Asciutto;Asfaltata;Verticale ed orizzontale;Sereno;Normale;Buona;Ore Diurne;1;0;0;2;12.54264;41.86471;-1;2;Motociclo a solo;In marcia / fermata / arresto;Conducente;M;Rimandato;0;NON DECEDUTO;Non accertato;
2803241;17;05/05/2016 15:30;Strada Urbana;VIALE DELLE MILIZIE;all'intersezione con;VIA FRANCESCO DE SANCTIS;VIA FRANCESCO DE SANCTIS;;;Scontro laterale fra veicoli in marcia;Incrocio;Più di due carreggiate;Asciutto;Asfaltata;Verticale;Nuvoloso;Normale;Buona;Ore Diurne;0;0;0;3;12.46213;41.91213;-1;1;Autocarro inferiore 35 q.;In marcia / fermata / arresto;Conducente;M;Illeso;0;;;
2803241;17;05/05/2016 15:30;Strada Urbana;VIALE DELLE MILIZIE;all'intersezione con;VIA FRANCESCO DE SANCTIS;VIA FRANCESCO DE SANCTIS;;;Scontro laterale fra veicoli in marcia;Incrocio;Più di due carreggiate;Asciutto;Asfaltata;Verticale;Nuvoloso;Normale;Buona;Ore Diurne;0;0;0;3;12.46213;41.91213;-1;1;Autocarro inferiore 35 q.;In marcia / fermata / arresto;Passeggero;F;Illeso;0;;;
2803241;17;05/05/2016 15:30;Strada Urbana;VIALE DELLE MILIZIE;all'intersezione con;VIA FRANCESCO DE SANCTIS;VIA FRANCESCO DE SANCTIS;;;Scontro laterale fra veicoli in marcia;Incrocio;Più di due carreggiate;Asciutto;Asfaltata;Verticale;Nuvoloso;Normale;Buona;Ore Diurne;0;0;0;3;12.46213;41.91213;-1;2;Quadriciclo leggero;In marcia / fermata / arresto;Conducente;F;Illeso;0;;;
2803245;4;05/05/2016 09:10;Strada Urbana;PIAZZA CONCA D'ORO;da specificare;;;;fronte civico 22;Scontro laterale fra veicoli in marcia;Rettilineo;Più di due carreggiate;Asciutto;Asfaltata;Verticale ed orizzontale;Sereno;Intenso;Buona;Ore Diurne;0;0;0;2;12.5276;41.93899;-1;1;Autocarro inferiore 35 q.;In marcia / fermata / arresto;Conducente;M;Illeso;0;;Non accertato;Inesploso
2803245;4;05/05/2016 09:10;Strada Urbana;PIAZZA CONCA D'ORO;da specificare;;;;fronte civico 22;Scontro laterale fra veicoli in marcia;Rettilineo;Più di due carreggiate;Asciutto;Asfaltata;Verticale ed orizzontale;Sereno;Intenso;Buona;Ore Diurne;0;0;0;2;12.5276;41.93899;-1;2;Autovettura privata;In marcia / fermata / arresto;Conducente;F;Illeso;0;;Non accertato;Inesploso
2803248;8;05/05/2016 16:00;Strada Urbana;VIALE OXFORD;da specificare;;;;per svincolo imm. area di parcheggio;Scontro frontale/laterale DX fra veicoli in marcia;Rettilineo;Due carreggiate;Bagnato (pioggia);Asfaltata;Verticale ed orizzontale;Pioggia in atto;Normale;Buona;Ore Diurne;2;0;0;2;12.62732;41.85794;-1;1;Autovettura privata;In marcia / fermata / arresto;Conducente;F;Rifiuta cure immediate;0;NON DECEDUTO;Non accertato;Inesploso
2803248;8;05/05/2016 16:00;Strada Urbana;VIALE OXFORD;da specificare;;;;per svincolo imm. area di parcheggio;Scontro frontale/laterale DX fra veicoli in marcia;Rettilineo;Due carreggiate;Bagnato (pioggia);Asfaltata;Verticale ed orizzontale;Pioggia in atto;Normale;Buona;Ore Diurne;2;0;0;2;12.62732;41.85794;-1;1;Autovettura privata;In marcia / fermata / arresto;Passeggero;M;Rimandato;0;NON DECEDUTO;Non accertato;Inesploso
2803248;8;05/05/2016 16:00;Strada Urbana;VIALE OXFORD;da specificare;;;;per svincolo imm. area di parcheggio;Scontro frontale/laterale DX fra veicoli in marcia;Rettilineo;Due carreggiate;Bagnato (pioggia);Asfaltata;Verticale ed orizzontale;Pioggia in atto;Normale;Buona;Ore Diurne;2;0;0;2;12.62732;41.85794;-1;2;Autovettura privata;In marcia / fermata / arresto;Conducente;F;Illeso;0;;Non accertato;Inesploso