Protocollo;Gruppo;DataOraIncidente;Localizzazione1;STRADA1;Localizzazione2;STRADA2;Strada02;Chilometrica;DaSpecificare;NaturaIncidente;particolaritastrade;TipoStrada;FondoStradale;Pavimentazione;Segnaletica;CondizioneAtmosferica;Traffico;Visibilita;Illuminazione;NUM_FERITI;NUM_RISERVATA;NUM_MORTI;NUM_ILLESI;Longitudine;Latitudine;Confermato;Progressivo;TipoVeicolo;StatoVeicolo;TipoPersona;Sesso;Tipolesione;Deceduto;DecedutoDopo;CinturaCascoUtilizzato;Airbag
2807379;2;07/05/2016 18:00;Strada Urbana;VIA LUIGI LUCIANI;all'intersezione con;PIAZZA BARTOLOMEO GASTALDI;PIAZZA BARTOLOMEO GASTALDI;;;Investimento di pedone;Incrocio;Una carreggiata a senso unico di marcia;Asciutto;Asfaltata;Verticale ed orizzontale;Nuvoloso;Normale;Buona;Ore Diurne;0;0;0;4;12.48098;41.92287;-1;1;Autovettura privata;In marcia / fermata / arresto;Passeggero;F;Illeso;0;;Non accertato;Inesploso
2807381;2;09/05/2016 02:05;Strada Urbana;VIA DEI PRATI FISCALI;in prossimità;;del palo luce n.;8;;Veicolo in marcia contro ostacolo fisso;Curva a visuale libera;Una carreggiata a senso unico di marcia;Asciutto;Asfaltata;Orizzontale;Sereno;Scarso;Buona;Sufficiente;1;0;0;0;12.5161;41.94608;-1;1;Autovettura privata;In marcia / fermata / arresto;Conducente;F;Rifiuta cure immediate;0;NON DECEDUTO;Non accertato;Esploso
2807382;2;08/05/2016 10:20;Strada Urbana;VIA LUCA SIGNORELLI;in prossimità;;del civico n.;11;;Veicolo in marcia contro veicolo in sosta;Rettilineo;Una carreggiata a senso unico di marcia;Asciutto;Asfaltata;Verticale ed orizzontale;Sereno;Scarso;Buona;Ore Diurne;0;0;0;2;12.46277;41.92582;-1;1;Autovettura privata;In marcia / fermata / arresto;Conducente;M;Illeso;0;;;
2807382;2;08/05/2016 10:20;Strada Urbana;VIA LUCA SIGNORELLI;in prossimità;;del civico n.;11;;Veicolo in marcia contro veicolo in sosta;Rettilineo;Una carreggiata a senso unico di marcia;Asciutto;Asfaltata;Verticale ed orizzontale;Sereno;Scarso;Buona;Ore Diurne;0;0;0;2;12.46277;41.92582;-1;2;Autovettura privata;Sosta;Passeggero;F;Illeso;0;;;
2807423;10;08/05/2016 19:30;Strada Urbana;VIA ANAGNINA;in prossimità;;del civico n.;100;;Scontro laterale fra veicoli in marcia;Curva a visuale libera;Due carreggiate;Asciutto;Asfaltata;Verticale ed orizzontale;Sereno;Scarso;Buona;Sufficiente;0;0;0;3;12.67298;41.79226;-1;1;Autovettura privata;In marcia / fermata / arresto;Conducente;M;Illeso;0;;Non accertato;Esploso
2807423;10;08/05/2016 19:30;Strada Urbana;VIA ANAGNINA;in prossimità;;del civico n.;100;;Scontro laterale fra veicoli in marcia;Curva a visuale libera;Due carreggiate;Asciutto;Asfaltata;Verticale ed orizzontale;Sereno;Scarso;Buona;Sufficiente;0;0;0;3;12.67298;41.79226;-1;1;Autovettura privata;In marcia / fermata / arresto;Passeggero;M;Illeso;0;;Non accertato;Inesploso
2807423;10;08/05/2016 19:30;Strada Urbana;VIA ANAGNINA;in prossimità;;del civico n.;100;;Scontro laterale fra veicoli in marcia;Curva a visuale libera;Due carreggiate;Asciutto;Asfaltata;Verticale ed orizzontale;Sereno;Scarso;Buona;Sufficiente;0;0;0;3;12.67298;41.79226;-1;2;Autovettura privata;In marcia / fermata / arresto;Conducente;M;Illeso;0;;Non accertato;Inesploso
2807488;10;09/05/2016 13:30;Provinciale entro l'abitato;VIA ANAGNINA;in corrispondenza;;del civico n.;471;;Scontro frontale/laterale DX fra veicoli in marcia;Rettilineo;Due carreggiate;Asciutto;Asfaltata;Orizzontale;Sereno;Normale;Buona;Ore Diurne;0;0;0;2;12.62579;41.81053;-1;1;Autovettura privata;In marcia / fermata / arresto;Conducente;M;Illeso;0;;Non accertato;Inesploso
2807488;10;09/05/2016 13:30;Provinciale entro l'abitato;VIA ANAGNINA;in corrispondenza;;del civico n.;471;;Scontro frontale/laterale DX fra veicoli in marcia;Rettilineo;Due carreggiate;Asciutto;Asfaltata;Orizzontale;Sereno;Normale;Buona;Ore Diurne;0;0;0;2;12.62579;41.81053;-1;2;Autovettura privata;In marcia / fermata / arresto;Conducente;F;Illeso;0;;Non accertato;Inesploso
2807490;12;06/05/2016 22:50;Strada Urbana;VIA CRISTOFORO COLOMBO;da specificare;;;;LATERALE PROSS P.ZZA MARCONI DIREZ G.R.A.;Veicolo in marcia contro veicolo in sosta;Rettilineo;Una carreggiata a senso unico di marcia;Asciutto;Asfaltata;Verticale ed orizzontale;Sereno;Scarso;Buona;Sufficiente;2;0;0;1;12.47107;41.83465;-1;1;Quadriciclo leggero;In marcia / fermata / arresto;Passeggero;F;Rimandato;0;NON DECEDUTO;Non accertato;Inesistente
2807490;12;06/05/2016 22:50;Strada Urbana;VIA CRISTOFORO COLOMBO;da specificare;;;;LATERALE PROSS P.ZZA MARCONI DIREZ G.R.A.;Veicolo in marcia contro veicolo in sosta;Rettilineo;Una carreggiata a senso unico di marcia;Asciutto;Asfaltata;Verticale ed orizzontale;Sereno;Scarso;Buona;Sufficiente;2;0;0;1;12.47107;41.83465;-1;1;Quadriciclo leggero;In marcia / fermata / arresto;Conducente;M;Rimandato;0;NON DECEDUTO;Non accertato;Inesploso
2807490;12;06/05/2016 22:50;Strada Urbana;VIA CRISTOFORO COLOMBO;da specificare;;;;LATERALE PROSS P.ZZA MARCONI DIREZ G.R.A.;Veicolo in marcia contro veicolo in sosta;Rettilineo;Una carreggiata a senso unico di marcia;Asciutto;Asfaltata;Verticale ed orizzontale;Sereno;Scarso;Buona;Sufficiente;2;0;0;1;12.47107;41.83465;-1;2;Autovettura privata;In marcia / fermata / arresto;Conducente;M;Illeso;0;;Non accertato;Inesistente
2807506;17;06/05/2016 11:15;Strada Urbana;VIA CRESCENZIO;in prossimità;;del civico n.;75;;Investimento di pedone;Rettilineo;Una carreggiata a doppio senso;Asciutto;Acciotolata;Verticale ed orizzontale;Sereno;Normale;Buona;Ore Diurne;1;0;0;1;12.46233;41.90565;-1;;;;Pedone;M;Rimandato;0;NON DECEDUTO;;
2807506;17;06/05/2016 11:15;Strada Urbana;VIA CRESCENZIO;in prossimità;;del civico n.;75;;Investimento di pedone;Rettilineo;Una carreggiata a doppio senso;Asciutto;Acciotolata;Verticale ed orizzontale;Sereno;Normale;Buona;Ore Diurne;1;0;0;1;12.46233;41.90565;-1;1;Autovettura privata;In marcia / fermata / arresto;Conducente;M;Illeso;0;;Non accertato;Inesploso
2807532;17;07/05/2016 15:35;Strada Urbana;VIA TRIONFALE;all'intersezione con;VIA PREMUDA;VIA PREMUDA;;;Scontro frontale/laterale SX fra veicoli in marcia;Intersezione non regolata/non segnalata;Una carreggiata a doppio senso;Asciutto;Asfaltata;Verticale ed orizzontale;Sereno;Normale;Buona;Ore Diurne;2;0;0;2;12.42296;41.94088;-1;1;Autovettura privata;In marcia / fermata / arresto;Conducente;M;Illeso;0;;Non accertato;Inesploso
2807532;17;07/05/2016 15:35;Strada Urbana;VIA TRIONFALE;all'intersezione con;VIA PREMUDA;VIA PREMUDA;;;Scontro frontale/laterale SX fra veicoli in marcia;Intersezione non regolata/non segnalata;Una carreggiata a doppio senso;Asciutto;Asfaltata;Verticale ed orizzontale;Sereno;Normale;Buona;Ore Diurne;2;0;0;2;12.42296;41.94088;-1;1;Autovettura privata;In marcia / fermata / arresto;Passeggero;F;Illeso;0;;Non accertato;Inesploso
2807532;17;07/05/2016 15:35;Strada Urbana;VIA TRIONFALE;all'intersezione con;VIA PREMUDA;VIA PREMUDA;;;Scontro frontale/laterale SX fra veicoli in marcia;Intersezione non regolata/non segnalata;Una carreggiata a doppio senso;Asciutto;Asfaltata;Verticale ed orizzontale;Sereno;Normale;Buona;Ore Diurne;2;0;0;2;12.42296;41.94088;-1;2;Motociclo a solo;In marcia / fermata / arresto;Conducente;M;Rimandato;0;NON DECEDUTO;;
2807532;17;07/05/2016 15:35;Strada Urbana;VIA TRIONFALE;all'intersezione con;VIA PREMUDA;VIA PREMUDA;;;Scontro frontale/laterale SX fra veicoli in marcia;Intersezione non regolata/non segnalata;Una carreggiata a doppio senso;Asciutto;Asfaltata;Verticale ed orizzontale;Sereno;Normale;Buona;Ore Diurne;2;0;0;2;12.42296;41.94088;-1;2;Motociclo a solo;In marcia / fermata / arresto;Passeggero;F;Rimandato;0;NON DECEDUTO;Non accertato;
2807542;12;07/05/2016 17:00;Strada Urbana;VIALE CESARE PAVESE;in corrispondenza;;del civico n.;332;;Scontro laterale fra veicoli in marcia;Rettilineo;Due carreggiate;Asciutto;Asfaltata;Verticale ed orizzontale;Sereno;Normale;Buona;Ore Diurne;0;0;0;2;12.47025;41.81689;-1;1;Autovettura privata;In marcia / fermata / arresto;Conducente;M;Illeso;0;;Non accertato;Inesistente
2807542;12;07/05/2016 17:00;Strada Urbana;VIALE CESARE PAVESE;in corrispondenza;;del civico n.;332;;Scontro laterale fra veicoli in marcia;Rettilineo;Due carreggiate;Asciutto;Asfaltata;Verticale ed orizzontale;Sereno;Normale;Buona;Ore Diurne;0;0;0;2;12.47025;41.81689;-1;2;Autovettura privata;In marcia / fermata / arresto;Conducente;M;Illeso;0;;Non accertato;Inesistente
2807568;12;07/05/2016 23:35;Regionale;VIA PONTINA;da specificare;;;;Km 21,980 (n.1110);Veicolo in marcia contro ostacolo accidentale;Rettilineo;Due carreggiate;Asciutto;Asfaltata;Verticale ed orizzontale;Sereno;Scarso;Buona;Sufficiente;0;0;0;1;12.42788;41.71744;-1;1;Autovettura privata;In marcia / fermata / arresto;Conducente;M;Illeso;0;;Utilizzato;Inesistente
2807579;12;08/05/2016 12:40;Strada Urbana;VIALE DELL'AERONAUTICA;in corrispondenza;;del civico n.;26;;Scontro laterale fra veicoli in marcia;Rettilineo;Una carreggiata a senso unico di marcia;Asciutto;Asfaltata;Verticale ed orizzontale;Sereno;Scarso;Buona;Ore Diurne;0;0;0;5;12.4756;41.82598;-1;1;Autovettura privata;In marcia / fermata / arresto;Conducente;M;Illeso;0;;Non accertato;Inesistente
2807579;12;08/05/2016 12:40;Strada Urbana;VIALE DELL'AERONAUTICA;in corrispondenza;;del civico n.;26;;Scontro laterale fra veicoli in marcia;Rettilineo;Una carreggiata a senso unico di marcia;Asciutto;Asfaltata;Verticale ed orizzontale;Sereno;Scarso;Buona;Ore Diurne;0;0;0;5;12.4756;41.82598;-1;2;Autovettura privata;In marcia / fermata / arresto;Conducente;M;Illeso;0;;Non accertato;Inesistente
2807579;12;08/05/2016 12:40;Strada Urbana;VIALE DELL'AERONAUTICA;in corrispondenza;;del civico n.;26;;Scontro laterale fra veicoli in marcia;Rettilineo;Una carreggiata a senso unico di marcia;Asciutto;Asfaltata;Verticale ed orizzontale;Sereno;Scarso;Buona;Ore Diurne;0;0;0;5;12.4756;41.82598;-1;2;Autovettura privata;In marcia / fermata / arresto;Passeggero;F;Illeso;0;;Non accertato;Inesistente
2807579;12;08/05/2016 12:40;Strada Urbana;VIALE DELL'AERONAUTICA;in corrispondenza;;del civico n.;26;;Scontro laterale fra veicoli in marcia;Rettilineo;Una carreggiata a senso unico di marcia;Asciutto;Asfaltata;Verticale ed orizzontale;Sereno;Scarso;Buona;Ore Diurne;0;0;0;5;12.4756;41.82598;-1;2;Autovettura privata;In marcia / fermata / arresto;Passeggero;F;Illeso;0;;Non accertato;Inesistente
2807579;12;08/05/2016 12:40;Strada Urbana;VIALE DELL'AERONAUTICA;in corrispondenza;;del civico n.;26;;Scontro laterale fra veicoli in marcia;Rettilineo;Una carreggiata a senso unico di marcia;Asciutto;Asfaltata;Verticale ed orizzontale;Sereno;Scarso;Buona;Ore Diurne;0;0;0;5;12.4756;41.82598;-1;2;Autovettura privata;In marcia / fermata / arresto;Passeggero;M;Illeso;0;;Non accertato;Inesistente
2807600;17;08/05/2016 14:00;Strada Urbana;VIA COLA DI RIENZO;all'intersezione semaforizzata con;VIA VIRGILIO;VIA VIRGILIO;;;Scontro laterale fra veicoli in marcia;Intersezione semaforizzata;Una carreggiata a doppio senso;Asciutto;In cubetti di porfido;Verticale ed orizzontale;Sereno;Normale;Buona;Ore Diurne;0;0;0;3;12.46505;41.90792;-1;1;Autovettura privata;In marcia / fermata / arresto;Conducente;F;Illeso;0;;Non accertato;Inesploso
2807600;17;08/05/2016 14:00;Strada Urbana;VIA COLA DI RIENZO;all'intersezione semaforizzata con;VIA VIRGILIO;VIA VIRGILIO;;;Scontro laterale fra veicoli in marcia;Intersezione semaforizzata;Una carreggiata a doppio senso;Asciutto;In cubetti di porfido;Verticale ed orizzontale;Sereno;Normale;Buona;Ore Diurne;0;0;0;3;12.46505;41.90792;-1;2;Autovettura privata;In marcia / fermata / arresto;Conducente;M;Illeso;0;;Non accertato;Inesploso
2807600;17;08/05/2016 14:00;Strada Urbana;VIA COLA DI RIENZO;all'intersezione semaforizzata con;VIA VIRGILIO;VIA VIRGILIO;;;Scontro laterale fra veicoli in marcia;Intersezione semaforizzata;Una carreggiata a doppio senso;Asciutto;In cubetti di porfido;Verticale ed orizzontale;Sereno;Normale;Buona;Ore Diurne;0;0;0;3;12.46505;41.90792;-1;2;Autovettura privata;In marcia / fermata / arresto;Passeggero;F;Illeso;0;;Non accertato;Inesploso
2807620;15;09/05/2016 08:50;Strada Urbana;VIALE PROSPERO COLONNA;all'intersezione con;VIA DEGLI IRLANDESI;VIA DEGLI IRLANDESI;;;Scontro laterale fra veicoli in marcia;Incrocio;Due carreggiate;Asciutto;Asfaltata;Verticale ed orizzontale;Sereno;Normale;Buona;Ore Diurne;0;0;0;2;12.45353;41.85629;-1;1;Autovettura privata;In marcia / fermata / arresto;Conducente;F;Illeso;0;;Utilizzato;
2807620;15;09/05/2016 08:50;Strada Urbana;VIALE PROSPERO COLONNA;all'intersezione con;VIA DEGLI IRLANDESI;VIA DEGLI IRLANDESI;;;Scontro laterale fra veicoli in marcia;Incrocio;Due carreggiate;Asciutto;Asfaltata;Verticale ed orizzontale;Sereno;Normale;Buona;Ore Diurne;0;0;0;2;12.45353;41.85629;-1;2;Autovettura privata;In marcia / fermata / arresto;Conducente;F;Illeso;0;;Utilizzato;
2807645;2;09/05/2016 15:30;Strada Urbana;VIA MASSACIUCCOLI;all'intersezione con;VIA LAGO DI LESINA;VIA LAGO DI LESINA;;;Scontro frontale/laterale SX fra veicoli in marcia;Incrocio;Una carreggiata a senso unico di marcia;Asciutto;Asfaltata;Verticale ed orizzontale;Sereno;Normale;Buona;Ore Diurne;1;0;0;1;12.51486;41.92643;-1;1;Autovettura privata;In marcia / fermata / arresto;Conducente;M;Illeso;0;;Non accertato;Esploso
2807645;2;09/05/2016 15:30;Strada Urbana;VIA MASSACIUCCOLI;all'intersezione con;VIA LAGO DI LESINA;VIA LAGO DI LESINA;;;Scontro frontale/laterale SX fra veicoli in marcia;Incrocio;Una carreggiata a senso unico di marcia;Asciutto;Asfaltata;Verticale ed orizzontale;Sereno;Normale;Buona;Ore Diurne;1;0;0;1;12.51486;41.92643;-1;2;Autovettura privata;In marcia / fermata / arresto;Conducente;F;Rifiuta cure immediate;0;NON DECEDUTO;Non accertato;Inesploso
2807654;11;09/05/2016 13:50;Strada Urbana;PIAZZA DEI NAVIGATORI;all'intersezione semaforizzata con;VIA CRISTOFORO COLOMBO;VIA CRISTOFORO COLOMBO;;;Scontro laterale fra veicoli in marcia;Intersezione semaforizzata;Più di due carreggiate;Asciutto;Asfaltata;Verticale ed orizzontale;Sereno;Normale;Buona;Ore Diurne;0;0;0;2;12.49818;41.86038;-1;1;Autovettura privata;In marcia / fermata / arresto;Conducente;F;Illeso;0;;Non accertato;Inesistente
2807654;11;09/05/2016 13:50;Strada Urbana;PIAZZA DEI NAVIGATORI;all'intersezione semaforizzata con;VIA CRISTOFORO COLOMBO;VIA CRISTOFORO COLOMBO;;;Scontro laterale fra veicoli in marcia;Intersezione semaforizzata;Più di due carreggiate;Asciutto;Asfaltata;Verticale ed orizzontale;Sereno;Normale;Buona;Ore Diurne;0;0;0;2;12.49818;41.86038;-1;2;Autocarro inferiore 35 q.;In marcia / fermata / arresto;Conducente;M;Illeso;0;;Non accertato;Inesistente
2807673;11;09/05/2016 08:05;Statale entro l'abitato;VIA ARDEATINA;all'intersezione con;VIA DELLE SETTE CHIESE;VIA DELLE SETTE CHIESE;;;Scontro frontale/laterale DX fra veicoli in marcia;Intersezione stradale segnalata;Una carreggiata a doppio senso;Asciutto;Asfaltata;Verticale ed orizzontale;Nuvoloso;Intenso;Sufficiente;Ore Diurne;0;0;0;2;12.5088;41.8582;-1;1;Motociclo a solo;In marcia / fermata / arresto;Conducente;F;Illeso;0;;Non accertato;
2807673;11;09/05/2016 08:05;Statale entro l'abitato;VIA ARDEATINA;all'intersezione con;VIA DELLE SETTE CHIESE;VIA DELLE SETTE CHIESE;;;Scontro frontale/laterale DX fra veicoli in marcia;Intersezione stradale segnalata;Una carreggiata a doppio senso;Asciutto;Asfaltata;Verticale ed orizzontale;Nuvoloso;Intenso;Sufficiente;Ore Diurne;0;0;0;2;12.5088;41.8582;-1;2;Autovettura privata;In marcia / fermata / arresto;Conducente;F;Illeso;0;;Non accertato;Inesploso
2807676;12;08/05/2016 18:00;Strada Urbana;LARGO BRUNO ANGOLETTA;da specificare;;;;FRONTE CIVICO N.21 VIA RINALDO D'AMI;Veicolo in marcia contro veicoli in arresto;Rettilineo;Una carreggiata a senso unico di marcia;Asciutto;Asfaltata;Assente;Sereno;Scarso;Buona;Ore Diurne;0;0;0;2;12.42792;41.80154;-1;1;Autovettura privata;In marcia / fermata / arresto;Conducente;F;Illeso;0;;Non accertato;Inesistente
2807676;12;08/05/2016 18:00;Strada Urbana;LARGO BRUNO ANGOLETTA;da specificare;;;;FRONTE CIVICO N.21 VIA RINALDO D'AMI;Veicolo in marcia contro veicoli in arresto;Rettilineo;Una carreggiata a senso unico di marcia;Asciutto;Asfaltata;Assente;Sereno;Scarso;Buona;Ore Diurne;0;0;0;2;12.42792;41.80154;-1;2;Autovettura privata;In marcia / fermata / arresto;Conducente;F;Illeso;0;;Non accertato;Inesistente
2807695;6;09/05/2016 14:00;Strada Urbana;VIA DEGLI ANGELI;in corrispondenza;;del civico n.;180;;Scontro laterale fra veicoli in marcia;Rettilineo;Una carreggiata a doppio senso;Asciutto;Asfaltata;Orizzontale;Sereno;Normale;Buona;Ore Diurne;1;0;0;2;12.5472;41.87252;-1;1;Autovettura privata;In marcia / fermata / arresto;Conducente;M;Illeso;0;;Non accertato;Inesploso
2807695;6;09/05/2016 14:00;Strada Urbana;VIA DEGLI ANGELI;in corrispondenza;;del civico n.;180;;Scontro laterale fra veicoli in marcia;Rettilineo;Una carreggiata a doppio senso;Asciutto;Asfaltata;Orizzontale;Sereno;Normale;Buona;Ore Diurne;1;0;0;2;12.5472;41.87252;-1;2;Motociclo a solo;In marcia / fermata / arresto;Conducente;M;Rimandato;0;NON DECEDUTO;Non accertato;
2807695;6;09/05/2016 14:00;Strada Urbana;VIA DEGLI ANGELI;in corrispondenza;;del civico n.;180;;Scontro laterale fra veicoli in marcia;Rettilineo;Una carreggiata a doppio senso;Asciutto;Asfaltata;Orizzontale;Sereno;Normale;Buona;Ore Diurne;1;0;0;2;12.5472;41.87252;-1;3;Autovettura privata;In marcia / fermata / arresto;Conducente;M;Illeso;0;;Non accertato;Inesploso
2807712;13;09/05/2016 06:45;Strada Urbana;VIALE DEI ROMAGNOLI;in prossimità;;del civico n.;803;;Veicolo in marcia contro veicolo fermo;Rettilineo;Una carreggiata a doppio senso;Asciutto;Asfaltata;Verticale ed orizzontale;Sereno;Normale;Buona;Ore Diurne;0;0;0;5;12.30453;41.76137;-1;1;Autovettura privata;In marcia / fermata / arresto;Conducente;M;Illeso;0;;Non accertato;Inesploso
2807712;13;09/05/2016 06:45;Strada Urbana;VIALE DEI ROMAGNOLI;in prossimità;;del civico n.;803;;Veicolo in marcia contro veicolo fermo;Rettilineo;Una carreggiata a doppio senso;Asciutto;Asfaltata;Verticale ed orizzontale;Sereno;Normale;Buona;Ore Diurne;0;0;0;5;12.30453;41.76137;-1;1;Autovettura privata;In marcia / fermata / arresto;Passeggero;F;Illeso;0;;Non accertato;Inesploso
2807712;13;09/05/2016 06:45;Strada Urbana;VIALE DEI ROMAGNOLI;in prossimità;;del civico n.;803;;Veicolo in marcia contro veicolo fermo;Rettilineo;Una carreggiata a doppio senso;Asciutto;Asfaltata;Verticale ed orizzontale;Sereno;Normale;Buona;Ore Diurne;0;0;0;5;12.30453;41.76137;-1;2;Autocarro inferiore 35 q.;In marcia / fermata / arresto;Conducente;M;Illeso;0;;Non accertato;Inesploso
2807712;13;09/05/2016 06:45;Strada Urbana;VIALE DEI ROMAGNOLI;in prossimità;;del civico n.;803;;Veicolo in marcia contro veicolo fermo;Rettilineo;Una carreggiata a doppio senso;Asciutto;Asfaltata;Verticale ed orizzontale;Sereno;Normale;Buona;Ore Diurne;0;0;0;5;12.30453;41.76137;-1;2;Autocarro inferiore 35 q.;In marcia / fermata / arresto;Passeggero;M;Illeso;0;;Non accertato;Inesploso
2807712;13;09/05/2016 06:45;Strada Urbana;VIALE DEI ROMAGNOLI;in prossimità;;del civico n.;803;;Veicolo in marcia contro veicolo fermo;Rettilineo;Una carreggiata a doppio senso;Asciutto;Asfaltata;Verticale ed orizzontale;Sereno;Normale;Buona;Ore Diurne;0;0;0;5;12.30453;41.76137;-1;2;Autocarro inferiore 35 q.;In marcia / fermata / arresto;Passeggero;M;Illeso;0;;Non accertato;Inesploso
2807738;18;09/05/2016 11:25;Strada Urbana;VIA BALDO DEGLI UBALDI;all'intersezione semaforizzata con;VIA GIACINTO DE VECCHI PIERALICE;VIA GIACINTO DE VECCHI PIERALICE;;;Tamponamento;Intersezione semaforizzata;Due carreggiate;Asciutto;Asfaltata;Verticale ed orizzontale;Sereno;Scarso;Buona;Ore Diurne;1;0;0;1;12.4387;41.90126;-1;1;Motociclo a solo;In marcia / fermata / arresto;Conducente;M;Rimandato;0;NON DECEDUTO;Non accertato;
2807738;18;09/05/2016 11:25;Strada Urbana;VIA BALDO DEGLI UBALDI;all'intersezione semaforizzata con;VIA GIACINTO DE VECCHI PIERALICE;VIA GIACINTO DE VECCHI PIERALICE;;;Tamponamento;Intersezione semaforizzata;Due carreggiate;Asciutto;Asfaltata;Verticale ed orizzontale;Sereno;Scarso;Buona;Ore Diurne;1;0;0;1;12.4387;41.90126;-1;2;Autovettura privata;In marcia / fermata / arresto;Conducente;F;Illeso;0;;;
2807739;15;09/05/2016 07:30;Strada Urbana;VIA ODERISI DA GUBBIO;all'intersezione semaforizzata con;VIA FRANCESCO GRIMALDI;VIA FRANCESCO GRIMALDI;;;Investimento di pedone;Incrocio;Una carreggiata a doppio senso;Asciutto;Asfaltata;Verticale ed orizzontale;Sereno;Normale;Buona;Ore Diurne;1;0;0;1;12.46527;41.86551;-1;;;;Pedone;F;Rimandato;0;NON DECEDUTO;;
2807739;15;09/05/2016 07:30;Strada Urbana;VIA ODERISI DA GUBBIO;all'intersezione semaforizzata con;VIA FRANCESCO GRIMALDI;VIA FRANCESCO GRIMALDI;;;Investimento di pedone;Incrocio;Una carreggiata a doppio senso;Asciutto;Asfaltata;Verticale ed orizzontale;Sereno;Normale;Buona;Ore Diurne;1;0;0;1;12.46527;41.86551;-1;1;Autovettura privata;In marcia / fermata / arresto;Conducente;M;Illeso;0;;Utilizzato;
2807763;6;09/05/2016 15:35;Strada Urbana;VIA AVERSA;all'intersezione semaforizzata con;VIA DI ACQUA BULLICANTE;VIA DI ACQUA BULLICANTE;;;Scontro laterale fra veicoli in marcia;Incrocio;Una carreggiata a senso unico di marcia;Asciutto;Asfaltata;Verticale ed orizzontale;Sereno;Normale;Buona;Ore Diurne;0;0;0;3;12.54196;41.89111;-1;1;Autocarro inferiore 35 q.;In marcia / fermata / arresto;Conducente;M;Illeso;0;;Non accertato;Inesploso
2807763;6;09/05/2016 15:35;Strada Urbana;VIA AVERSA;all'intersezione semaforizzata con;VIA DI ACQUA BULLICANTE;VIA DI ACQUA BULLICANTE;;;Scontro laterale fra veicoli in marcia;Incrocio;Una carreggiata a senso unico di marcia;Asciutto;Asfaltata;Verticale ed orizzontale;Sereno;Normale;Buona;Ore Diurne;0;0;0;3;12.54196;41.89111;-1;2;Autovettura privata;In marcia / fermata / arresto;Conducente;M;Illeso;0;;Non accertato;Esploso
2807763;6;09/05/2016 15:35;Strada Urbana;VIA AVERSA;all'intersezione semaforizzata con;VIA DI ACQUA BULLICANTE;VIA DI ACQUA BULLICANTE;;;Scontro laterale fra veicoli in marcia;Incrocio;Una carreggiata a senso unico di marcia;Asciutto;Asfaltata;Verticale ed orizzontale;Sereno;Normale;Buona;Ore Diurne;0;0;0;3;12.54196;41.89111;-1;2;Autovettura privata;In marcia / fermata / arresto;Passeggero;F;Illeso;0;;Non accertato;Inesploso
2807768;10;09/05/2016 17:30;Strada Urbana;VIALE PALMIRO TOGLIATTI;da specificare;;;;altezza f.te civ. 1;Scontro frontale/laterale SX fra veicoli in marcia;Curva a visuale libera;Due carreggiate;Asciutto;Asfaltata;Verticale ed orizzontale;Sereno;Normale;Buona;Ore Diurne;0;0;0;4;12.57081;41.85344;-1;1;Autovettura privata;In marcia / fermata / arresto;Conducente;M;Illeso;0;;Non accertato;Inesploso
2807768;10;09/05/2016 17:30;Strada Urbana;VIALE PALMIRO TOGLIATTI;da specificare;;;;altezza f.te civ. 1;Scontro frontale/laterale SX fra veicoli in marcia;Curva a visuale libera;Due carreggiate;Asciutto;Asfaltata;Verticale ed orizzontale;Sereno;Normale;Buona;Ore Diurne;0;0;0;4;12.57081;41.85344;-1;2;Autovettura privata;In marcia / fermata / arresto;Conducente;M;Illeso;0;;Non accertato;Inesploso
2807768;10;09/05/2016 17:30;Strada Urbana;VIALE PALMIRO TOGLIATTI;da specificare;;;;altezza f.te civ. 1;Scontro frontale/laterale SX fra veicoli in marcia;Curva a visuale libera;Due carreggiate;Asciutto;Asfaltata;Verticale ed orizzontale;Sereno;Normale;Buona;Ore Diurne;0;0;0;4;12.57081;41.85344;-1;2;Autovettura privata;In marcia / fermata / arresto;Passeggero;F;Illeso;0;;Non accertato;Inesploso
2807768;10;09/05/2016 17:30;Strada Urbana;VIALE PALMIRO TOGLIATTI;da specificare;;;;altezza f.te civ. 1;Scontro frontale/laterale SX fra veicoli in marcia;Curva a visuale libera;Due carreggiate;Asciutto;Asfaltata;Verticale ed orizzontale;Sereno;Normale;Buona;Ore Diurne;0;0;0;4;12.57081;41.85344;-1;2;Autovettura privata;In marcia / fermata / arresto;Passeggero;F;Illeso;0;;Non accertato;Inesploso
2807774;6;09/05/2016 14:50;Strada Urbana;VIA TOR DE' SCHIAVI;in corrispondenza;;del civico n.;359;;Scontro laterale fra veicoli in marcia;Rettilineo;Più di due carreggiate;Asciutto;Asfaltata;Orizzontale;Sereno;Normale;Buona;Ore Diurne;0;0;0;2;12.55952;41.89314;-1;1;Autovettura privata;In marcia / fermata / arresto;Conducente;M;Illeso;0;;Non accertato;Inesploso