Protocollo;Gruppo;DataOraIncidente;Localizzazione1;STRADA1;Localizzazione2;STRADA2;Strada02;Chilometrica;DaSpecificare;NaturaIncidente;particolaritastrade;TipoStrada;FondoStradale;Pavimentazione;Segnaletica;CondizioneAtmosferica;Traffico;Visibilita;Illuminazione;NUM_FERITI;NUM_RISERVATA;NUM_MORTI;NUM_ILLESI;Longitudine;Latitudine;Confermato;Progressivo;TipoVeicolo;StatoVeicolo;TipoPersona;Sesso;Tipolesione;Deceduto;DecedutoDopo;CinturaCascoUtilizzato;Airbag
2809785;8;10/05/2016 13:50;Strada Urbana;VIA DI LUNGHEZZINA;all'intersezione con;AUTOSTRADA PER L'AQUILA;AUTOSTRADA PER L'AQUILA;;;Scontro frontale/laterale SX fra veicoli in marcia;Intersezione stradale segnalata;Una carreggiata a doppio senso;Asciutto;Asfaltata;Verticale ed orizzontale;Sereno;Normale;Buona;Ore Diurne;2;0;0;1;12.67677;41.92261;-1;2;Autovettura privata;In marcia / fermata / arresto;Conducente;F;Rimandato;0;NON DECEDUTO;Non accertato;
2809785;8;10/05/2016 13:50;Strada Urbana;VIA DI LUNGHEZZINA;all'intersezione con;AUTOSTRADA PER L'AQUILA;AUTOSTRADA PER L'AQUILA;;;Scontro frontale/laterale SX fra veicoli in marcia;Intersezione stradale segnalata;Una carreggiata a doppio senso;Asciutto;Asfaltata;Verticale ed orizzontale;Sereno;Normale;Buona;Ore Diurne;2;0;0;1;12.67677;41.92261;-1;2;Autovettura privata;In marcia / fermata / arresto;Passeggero;F;Rimandato;0;NON DECEDUTO;Non accertato;
2809792;16;10/05/2016 10:35;Strada Urbana;VIA DI DONNA OLIMPIA;in corrispondenza;;del civico n.;124;;Tamponamento;Rettilineo;Una carreggiata a doppio senso;Asciutto;Asfaltata;Verticale ed orizzontale;Sereno;Normale;Buona;Ore Diurne;0;0;0;2;12.45396;41.87611;-1;1;Autovettura privata;In marcia / fermata / arresto;Conducente;F;Illeso;0;;;
2809792;16;10/05/2016 10:35;Strada Urbana;VIA DI DONNA OLIMPIA;in corrispondenza;;del civico n.;124;;Tamponamento;Rettilineo;Una carreggiata a doppio senso;Asciutto;Asfaltata;Verticale ed orizzontale;Sereno;Normale;Buona;Ore Diurne;0;0;0;2;12.45396;41.87611;-1;2;Autocarro inferiore 35 q.;In marcia / fermata / arresto;Conducente;M;Illeso;0;;;
2809803;20;10/05/2016 17:30;Strada Urbana;VIA CASSIA;in prossimità;;del civico n.;328;;Veicolo in marcia contro ostacolo accidentale;Rettilineo;Una carreggiata a doppio senso;Asciutto;Asfaltata;Verticale ed orizzontale;Sereno;Normale;Buona;Ore Diurne;0;0;0;1;12.4563;41.95351;-1;1;Autovettura privata;In marcia / fermata / arresto;Conducente;M;Illeso;0;;;
2809805;15;10/05/2016 17:00;Strada Urbana;LUNGOTEVERE DEGLI INVENTORI;in corrispondenza;;del civico n.;10;;Veicolo in marcia contro ostacolo fisso;Rettilineo;Una carreggiata a doppio senso;Asciutto;Asfaltata;Orizzontale;Sereno;Scarso;Buona;Ore Diurne;1;0;0;0;12.46911;41.86122;-1;1;Autovettura privata;In marcia / fermata / arresto;Conducente;F;Rimandato;0;NON DECEDUTO;Utilizzato;Inesploso
2809809;5;10/05/2016 10:00;Strada Urbana;VIA ALBERTO BERGAMINI;da specificare;;;;in prossimità di via Filippo Fiorentini;Veicolo in marcia contro ostacolo fisso;Curva senza visuale libera;Più di due carreggiate;Asciutto;Asfaltata;Verticale;Sereno;Normale;Buona;Ore Diurne;1;0;0;0;12.55759;41.90615;-1;1;Autovettura privata;In marcia / fermata / arresto;Conducente;M;Ricoverato;0;NON DECEDUTO;Non accertato;
2809815;9;10/05/2016 18:50;Strada Urbana;VIA APPIA NUOVA;all'intersezione semaforizzata con;VIA CARLO CIPOLLA;VIA CARLO CIPOLLA;;;Scontro laterale fra veicoli in marcia;Incrocio;Due carreggiate;Asciutto;Asfaltata;Verticale ed orizzontale;Sereno;Normale;Sufficiente;Ore Diurne;0;0;0;3;12.53061;41.86639;-1;1;Autovettura privata;In marcia / fermata / arresto;Conducente;F;Illeso;0;;Non accertato;Inesploso
2809815;9;10/05/2016 18:50;Strada Urbana;VIA APPIA NUOVA;all'intersezione semaforizzata con;VIA CARLO CIPOLLA;VIA CARLO CIPOLLA;;;Scontro laterale fra veicoli in marcia;Incrocio;Due carreggiate;Asciutto;Asfaltata;Verticale ed orizzontale;Sereno;Normale;Sufficiente;Ore Diurne;0;0;0;3;12.53061;41.86639;-1;1;Autovettura privata;In marcia / fermata / arresto;Passeggero;F;Illeso;0;;Utilizzato;Inesploso
2809815;9;10/05/2016 18:50;Strada Urbana;VIA APPIA NUOVA;all'intersezione semaforizzata con;VIA CARLO CIPOLLA;VIA CARLO CIPOLLA;;;Scontro laterale fra veicoli in marcia;Incrocio;Due carreggiate;Asciutto;Asfaltata;Verticale ed orizzontale;Sereno;Normale;Sufficiente;Ore Diurne;0;0;0;3;12.53061;41.86639;-1;2;Autovettura privata;In marcia / fermata / arresto;Conducente;F;Illeso;0;;Non accertato;Inesploso
2809830;20;10/05/2016 12:00;Provinciale entro l'abitato;VIA FLAMINIA;in corrispondenza;;del civico n.;1838;;Tamponamento;Curva a visuale libera;Una carreggiata a doppio senso;Asciutto;Asfaltata;Verticale ed orizzontale;Sereno;Scarso;Buona;Ore Diurne;0;0;0;2;12.48569;42.04343;-1;1;Autovettura privata;In marcia / fermata / arresto;Conducente;F;Illeso;0;;Non accertato;Inesploso
2809830;20;10/05/2016 12:00;Provinciale entro l'abitato;VIA FLAMINIA;in corrispondenza;;del civico n.;1838;;Tamponamento;Curva a visuale libera;Una carreggiata a doppio senso;Asciutto;Asfaltata;Verticale ed orizzontale;Sereno;Scarso;Buona;Ore Diurne;0;0;0;2;12.48569;42.04343;-1;2;Autovettura privata;In marcia / fermata / arresto;Conducente;F;Illeso;0;;Non accertato;Inesploso
2809833;9;10/05/2016 18:30;Strada Urbana;VIA SEGESTA;in corrispondenza;;del civico n.;59;;Veicolo in marcia contro veicoli in sosta;Rettilineo;Una carreggiata a senso unico di marcia;Asciutto;Asfaltata;Orizzontale;Sereno;Normale;Sufficiente;Ore Diurne;0;0;0;1;12.51178;41.87278;-1;1;Autovettura privata;In marcia / fermata / arresto;Conducente;M;Illeso;0;;Non accertato;Inesploso
2809835;5;10/05/2016 22:00;Strada Urbana;VIA TUSCOLANA;all'intersezione semaforizzata con;VIALE PALMIRO TOGLIATTI;VIALE PALMIRO TOGLIATTI;;;Scontro frontale/laterale DX fra veicoli in marcia;Intersezione semaforizzata;Due carreggiate;Asciutto;Asfaltata;Verticale ed orizzontale;Sereno;Normale;Sufficiente;Sufficiente;3;0;0;0;12.56986;41.85264;-1;1;Autovettura privata;In marcia / fermata / arresto;Conducente;M;Rimandato;0;NON DECEDUTO;Non accertato;Inesploso
2809835;5;10/05/2016 22:00;Strada Urbana;VIA TUSCOLANA;all'intersezione semaforizzata con;VIALE PALMIRO TOGLIATTI;VIALE PALMIRO TOGLIATTI;;;Scontro frontale/laterale DX fra veicoli in marcia;Intersezione semaforizzata;Due carreggiate;Asciutto;Asfaltata;Verticale ed orizzontale;Sereno;Normale;Sufficiente;Sufficiente;3;0;0;0;12.56986;41.85264;-1;1;Autovettura privata;In marcia / fermata / arresto;Passeggero;M;Rimandato;0;NON DECEDUTO;Non accertato;Inesploso
2809835;5;10/05/2016 22:00;Strada Urbana;VIA TUSCOLANA;all'intersezione semaforizzata con;VIALE PALMIRO TOGLIATTI;VIALE PALMIRO TOGLIATTI;;;Scontro frontale/laterale DX fra veicoli in marcia;Intersezione semaforizzata;Due carreggiate;Asciutto;Asfaltata;Verticale ed orizzontale;Sereno;Normale;Sufficiente;Sufficiente;3;0;0;0;12.56986;41.85264;-1;2;Autovettura privata;In marcia / fermata / arresto;Conducente;M;Rimandato;0;NON DECEDUTO;Non accertato;Inesploso
2809867;5;10/05/2016 16:50;Strada Urbana;VIA TIBURTINA;da specificare;;;;ponte FF SS;Scontro laterale fra veicoli in marcia;Rettilineo;Una carreggiata a doppio senso;Asciutto;Asfaltata;Verticale ed orizzontale;Sereno;Normale;Buona;Ore Diurne;0;0;0;2;12.53383;41.90817;-1;1;Autovettura privata;In marcia / fermata / arresto;Conducente;F;Illeso;0;;Non accertato;Inesploso
2809867;5;10/05/2016 16:50;Strada Urbana;VIA TIBURTINA;da specificare;;;;ponte FF SS;Scontro laterale fra veicoli in marcia;Rettilineo;Una carreggiata a doppio senso;Asciutto;Asfaltata;Verticale ed orizzontale;Sereno;Normale;Buona;Ore Diurne;0;0;0;2;12.53383;41.90817;-1;2;Autovettura privata;In marcia / fermata / arresto;Conducente;M;Illeso;0;;Non accertato;Inesploso
2809869;20;10/05/2016 13:10;Strada Urbana;VIA CASSIA;in corrispondenza;;del civico n.;328;;Tamponamento Multiplo;Rettilineo;Una carreggiata a doppio senso;Asciutto;Asfaltata;Verticale ed orizzontale;Nuvoloso;Intenso;Buona;Ore Diurne;0;0;0;3;12.45631;41.95351;-1;1;Autovettura privata;In marcia / fermata / arresto;Conducente;F;Illeso;0;;;
2809869;20;10/05/2016 13:10;Strada Urbana;VIA CASSIA;in corrispondenza;;del civico n.;328;;Tamponamento Multiplo;Rettilineo;Una carreggiata a doppio senso;Asciutto;Asfaltata;Verticale ed orizzontale;Nuvoloso;Intenso;Buona;Ore Diurne;0;0;0;3;12.45631;41.95351;-1;2;Autovettura privata;In marcia / fermata / arresto;Conducente;F;Illeso;0;;;
2809869;20;10/05/2016 13:10;Strada Urbana;VIA CASSIA;in corrispondenza;;del civico n.;328;;Tamponamento Multiplo;Rettilineo;Una carreggiata a doppio senso;Asciutto;Asfaltata;Verticale ed orizzontale;Nuvoloso;Intenso;Buona;Ore Diurne;0;0;0;3;12.45631;41.95351;-1;2;Autovettura privata;In marcia / fermata / arresto;Passeggero;F;Illeso;0;;;
2809876;5;10/05/2016 10:00;Strada Urbana;VIA TIBURTINA;da specificare;;;;alt. ponte Portonaccio area parcheggio;Veicolo in marcia contro veicolo in sosta;Rettilineo;Due carreggiate;Asciutto;Asfaltata;Verticale ed orizzontale;Nuvoloso;Scarso;Buona;Ore Diurne;0;0;0;1;12.53389;41.90824;-1;1;Autobus turistico;In marcia / fermata / arresto;Conducente;M;Illeso;0;;Non accertato;Inesploso
2809878;5;10/05/2016 19:20;Strada Urbana;VIA IGINO GIORDANI;in prossimità;;del civico n.;55;;Tamponamento;Rettilineo;Una carreggiata a doppio senso;Asciutto;Asfaltata;Verticale ed orizzontale;Sereno;Normale;Buona;Ore Diurne;1;0;0;1;12.56304;41.90684;-1;1;Autovettura privata;In marcia / fermata / arresto;Conducente;M;Illeso;0;;Non accertato;
2809878;5;10/05/2016 19:20;Strada Urbana;VIA IGINO GIORDANI;in prossimità;;del civico n.;55;;Tamponamento;Rettilineo;Una carreggiata a doppio senso;Asciutto;Asfaltata;Verticale ed orizzontale;Sereno;Normale;Buona;Ore Diurne;1;0;0;1;12.56304;41.90684;-1;2;Motociclo a solo;In marcia / fermata / arresto;Conducente;F;Rimandato;0;NON DECEDUTO;Non accertato;
2809891;20;10/05/2016 11:05;Strada Urbana;VIA DI GROTTAROSSA;in corrispondenza;;del civico n.;214;;Ribaltamento senza urto contro ostacolo fisso;Rettilineo;Una carreggiata a doppio senso;Asciutto;Asfaltata;Orizzontale;Sereno;Scarso;Buona;Ore Diurne;1;0;0;0;12.44482;41.97295;-1;1;Motociclo a solo;In marcia / fermata / arresto;Conducente;F;Rimandato;0;NON DECEDUTO;Non accertato;
2809907;3;10/05/2016 09:00;Strada Urbana;VIA ORESTE TOMMASINI;all'intersezione con;PIAZZA MARIANO ARMELLINI;PIAZZA MARIANO ARMELLINI;;;Investimento di pedone;Incrocio;Una carreggiata a senso unico di marcia;Asciutto;In cubetti di porfido;Verticale ed orizzontale;Sereno;Normale;Buona;Ore Diurne;1;0;0;1;12.52437;41.91936;-1;;;;Pedone;F;Ricoverato;0;NON DECEDUTO;;
2809907;3;10/05/2016 09:00;Strada Urbana;VIA ORESTE TOMMASINI;all'intersezione con;PIAZZA MARIANO ARMELLINI;PIAZZA MARIANO ARMELLINI;;;Investimento di pedone;Incrocio;Una carreggiata a senso unico di marcia;Asciutto;In cubetti di porfido;Verticale ed orizzontale;Sereno;Normale;Buona;Ore Diurne;1;0;0;1;12.52437;41.91936;-1;1;Autovettura privata;In marcia / fermata / arresto;Conducente;F;Illeso;0;;Non accertato;Inesploso
2809921;17;10/05/2016 02:20;Strada Urbana;PIAZZA DEL RISORGIMENTO;all'intersezione con;VIA DEL MASCHERINO;VIA DEL MASCHERINO;;;Scontro frontale/laterale DX fra veicoli in marcia;Incrocio;Una carreggiata a senso unico di marcia;Asciutto;Asfaltata;Verticale ed orizzontale;Sereno;Scarso;Buona;Sufficiente;4;0;0;2;12.45884;41.90577;-1;1;Autocarro inferiore 35 q.;In marcia / fermata / arresto;Conducente;M;Rimandato;0;NON DECEDUTO;Non accertato;Inesploso
2809921;17;10/05/2016 02:20;Strada Urbana;PIAZZA DEL RISORGIMENTO;all'intersezione con;VIA DEL MASCHERINO;VIA DEL MASCHERINO;;;Scontro frontale/laterale DX fra veicoli in marcia;Incrocio;Una carreggiata a senso unico di marcia;Asciutto;Asfaltata;Verticale ed orizzontale;Sereno;Scarso;Buona;Sufficiente;4;0;0;2;12.45884;41.90577;-1;2;Autovettura privata;In marcia / fermata / arresto;Conducente;F;Illeso;0;;Non accertato;Esploso
2809921;17;10/05/2016 02:20;Strada Urbana;PIAZZA DEL RISORGIMENTO;all'intersezione con;VIA DEL MASCHERINO;VIA DEL MASCHERINO;;;Scontro frontale/laterale DX fra veicoli in marcia;Incrocio;Una carreggiata a senso unico di marcia;Asciutto;Asfaltata;Verticale ed orizzontale;Sereno;Scarso;Buona;Sufficiente;4;0;0;2;12.45884;41.90577;-1;2;Autovettura privata;In marcia / fermata / arresto;Passeggero;F;Rimandato;0;NON DECEDUTO;;
2809921;17;10/05/2016 02:20;Strada Urbana;PIAZZA DEL RISORGIMENTO;all'intersezione con;VIA DEL MASCHERINO;VIA DEL MASCHERINO;;;Scontro frontale/laterale DX fra veicoli in marcia;Incrocio;Una carreggiata a senso unico di marcia;Asciutto;Asfaltata;Verticale ed orizzontale;Sereno;Scarso;Buona;Sufficiente;4;0;0;2;12.45884;41.90577;-1;2;Autovettura privata;In marcia / fermata / arresto;Passeggero;F;Rimandato;0;NON DECEDUTO;Non accertato;
2809921;17;10/05/2016 02:20;Strada Urbana;PIAZZA DEL RISORGIMENTO;all'intersezione con;VIA DEL MASCHERINO;VIA DEL MASCHERINO;;;Scontro frontale/laterale DX fra veicoli in marcia;Incrocio;Una carreggiata a senso unico di marcia;Asciutto;Asfaltata;Verticale ed orizzontale;Sereno;Scarso;Buona;Sufficiente;4;0;0;2;12.45884;41.90577;-1;2;Autovettura privata;In marcia / fermata / arresto;Passeggero;M;Illeso;0;;Non accertato;
2809923;3;10/05/2016 15:30;Strada Urbana;VIA DEI SABELLI;all'intersezione con;VIA DEI LATINI;VIA DEI LATINI;;;Scontro frontale/laterale DX fra veicoli in marcia;Incrocio;Una carreggiata a senso unico di marcia;Asciutto;Asfaltata;Verticale;Sereno;Normale;Buona;Ore Diurne;1;0;0;1;12.51409;41.89638;-1;1;Autovettura privata;In marcia / fermata / arresto;Conducente;M;Illeso;0;;Non accertato;Inesploso
2809923;3;10/05/2016 15:30;Strada Urbana;VIA DEI SABELLI;all'intersezione con;VIA DEI LATINI;VIA DEI LATINI;;;Scontro frontale/laterale DX fra veicoli in marcia;Incrocio;Una carreggiata a senso unico di marcia;Asciutto;Asfaltata;Verticale;Sereno;Normale;Buona;Ore Diurne;1;0;0;1;12.51409;41.89638;-1;2;Motociclo a solo;In marcia / fermata / arresto;Conducente;M;Rimandato;0;NON DECEDUTO;Non accertato;
2809927;16;10/05/2016 10:20;Strada Urbana;PIAZZA CARLO ALBERTO SCOTTI;all'intersezione con;VIA DI MONTE VERDE;VIA DI MONTE VERDE;;;Scontro frontale/laterale DX fra veicoli in marcia;Incrocio;Una carreggiata a senso unico di marcia;Asciutto;Asfaltata;Verticale;Sereno;Normale;Buona;Ore Diurne;0;0;0;2;12.44583;41.86975;-1;1;Motociclo a solo;In marcia / fermata / arresto;Conducente;M;Illeso;0;;;
2809927;16;10/05/2016 10:20;Strada Urbana;PIAZZA CARLO ALBERTO SCOTTI;all'intersezione con;VIA DI MONTE VERDE;VIA DI MONTE VERDE;;;Scontro frontale/laterale DX fra veicoli in marcia;Incrocio;Una carreggiata a senso unico di marcia;Asciutto;Asfaltata;Verticale;Sereno;Normale;Buona;Ore Diurne;0;0;0;2;12.44583;41.86975;-1;2;Autovettura privata;In marcia / fermata / arresto;Conducente;M;Illeso;0;;Non accertato;
2809942;4;10/05/2016 13:45;Provinciale;VIA NOMENTANA;all'intersezione con;VIALE DEL POGGIO FIORITO;VIALE DEL POGGIO FIORITO;;;Scontro frontale/laterale DX fra veicoli in marcia;Intersezione stradale segnalata;Una carreggiata a doppio senso;Asciutto;Asfaltata;Verticale ed orizzontale;Sereno;Normale;Buona;Ore Diurne;1;0;0;1;12.55238;41.94111;-1;1;Ciclomotore;In marcia / fermata / arresto;Conducente;M;Rimandato;0;NON DECEDUTO;Non accertato;
2809942;4;10/05/2016 13:45;Provinciale;VIA NOMENTANA;all'intersezione con;VIALE DEL POGGIO FIORITO;VIALE DEL POGGIO FIORITO;;;Scontro frontale/laterale DX fra veicoli in marcia;Intersezione stradale segnalata;Una carreggiata a doppio senso;Asciutto;Asfaltata;Verticale ed orizzontale;Sereno;Normale;Buona;Ore Diurne;1;0;0;1;12.55238;41.94111;-1;2;Autovettura privata;In marcia / fermata / arresto;Conducente;M;Illeso;0;;Non accertato;Inesploso
2809948;7;10/05/2016 14:05;Strada Urbana;VIA DI TOR TRE TESTE;in corrispondenza;;del palo luce n.;61;;Veicolo in marcia contro ostacolo accidentale;Rettilineo;Una carreggiata a doppio senso;Asciutto;Asfaltata;Orizzontale;Sereno;Normale;Buona;Ore Diurne;1;0;0;3;12.59171;41.88101;-1;1;Autoarticolato;In marcia / fermata / arresto;Conducente;M;Illeso;0;;Non accertato;Inesploso
2809948;7;10/05/2016 14:05;Strada Urbana;VIA DI TOR TRE TESTE;in corrispondenza;;del palo luce n.;61;;Veicolo in marcia contro ostacolo accidentale;Rettilineo;Una carreggiata a doppio senso;Asciutto;Asfaltata;Orizzontale;Sereno;Normale;Buona;Ore Diurne;1;0;0;3;12.59171;41.88101;-1;2;Autovettura privata;In marcia / fermata / arresto;Conducente;M;Illeso;0;;Non accertato;Inesploso
2809948;7;10/05/2016 14:05;Strada Urbana;VIA DI TOR TRE TESTE;in corrispondenza;;del palo luce n.;61;;Veicolo in marcia contro ostacolo accidentale;Rettilineo;Una carreggiata a doppio senso;Asciutto;Asfaltata;Orizzontale;Sereno;Normale;Buona;Ore Diurne;1;0;0;3;12.59171;41.88101;-1;2;Autovettura privata;In marcia / fermata / arresto;Passeggero;M;Illeso;0;;Non accertato;Inesploso
2809948;7;10/05/2016 14:05;Strada Urbana;VIA DI TOR TRE TESTE;in corrispondenza;;del palo luce n.;61;;Veicolo in marcia contro ostacolo accidentale;Rettilineo;Una carreggiata a doppio senso;Asciutto;Asfaltata;Orizzontale;Sereno;Normale;Buona;Ore Diurne;1;0;0;3;12.59171;41.88101;-1;3;Autovettura privata;In marcia / fermata / arresto;Conducente;M;Rimandato;0;NON DECEDUTO;Non accertato;Esploso
2809951;7;10/05/2016 17:20;Strada Urbana;VIA DEI CICLAMINI;in prossimità;;del civico n.;14;;Tamponamento Multiplo;Rettilineo;Una carreggiata a doppio senso;Asciutto;Asfaltata;Verticale ed orizzontale;Sereno;Normale;Buona;Ore Diurne;0;0;0;3;12.5673;41.88861;-1;1;Autovettura privata;In marcia / fermata / arresto;Conducente;F;Illeso;0;;;
2809951;7;10/05/2016 17:20;Strada Urbana;VIA DEI CICLAMINI;in prossimità;;del civico n.;14;;Tamponamento Multiplo;Rettilineo;Una carreggiata a doppio senso;Asciutto;Asfaltata;Verticale ed orizzontale;Sereno;Normale;Buona;Ore Diurne;0;0;0;3;12.5673;41.88861;-1;2;Autovettura privata;In marcia / fermata / arresto;Conducente;M;Illeso;0;;;
2809951;7;10/05/2016 17:20;Strada Urbana;VIA DEI CICLAMINI;in prossimità;;del civico n.;14;;Tamponamento Multiplo;Rettilineo;Una carreggiata a doppio senso;Asciutto;Asfaltata;Verticale ed orizzontale;Sereno;Normale;Buona;Ore Diurne;0;0;0;3;12.5673;41.88861;-1;3;Autovettura privata;In marcia / fermata / arresto;Conducente;F;Illeso;0;;;
2809957;4;10/05/2016 15:00;Strada Urbana;VIA INCISA IN VAL D'ARNO;all'intersezione con;VIA SAN LEO;VIA SAN LEO;;;Tamponamento;Incrocio;Una carreggiata a doppio senso;Asciutto;Asfaltata;Assente;Sereno;Normale;Buona;Ore Diurne;0;0;0;2;12.5096;41.9796;-1;1;Autovettura privata;In marcia / fermata / arresto;Conducente;M;Illeso;0;;;
2809957;4;10/05/2016 15:00;Strada Urbana;VIA INCISA IN VAL D'ARNO;all'intersezione con;VIA SAN LEO;VIA SAN LEO;;;Tamponamento;Incrocio;Una carreggiata a doppio senso;Asciutto;Asfaltata;Assente;Sereno;Normale;Buona;Ore Diurne;0;0;0;2;12.5096;41.9796;-1;2;Autovettura privata;In marcia / fermata / arresto;Conducente;F;Illeso;0;;;
2809971;13;10/05/2016 10:30;Strada Urbana;VIA VILLABASSA;in prossimità;;del civico n.;2;;Veicolo in marcia contro ostacolo accidentale;Rettilineo;Una carreggiata a doppio senso;Asciutto;Asfaltata;Assente;Sereno;Scarso;Buona;Ore Diurne;0;0;0;1;12.38106;41.73315;-1;1;Autovettura privata;In marcia / fermata / arresto;Conducente;M;Illeso;0;;Non accertato;Inesploso
2810016;2;10/05/2016 10:30;Strada Urbana;VIA ALESSANDRIA;all'intersezione con;VIA NOVARA;VIA NOVARA;;;Scontro frontale/laterale SX fra veicoli in marcia;Incrocio;Una carreggiata a senso unico di marcia;Asciutto;Asfaltata;Verticale ed orizzontale;Sereno;Normale;Buona;Ore Diurne;1;0;0;1;12.50407;41.91289;-1;1;Autovettura privata;In marcia / fermata / arresto;Conducente;F;Illeso;0;;Non accertato;Inesploso
2810016;2;10/05/2016 10:30;Strada Urbana;VIA ALESSANDRIA;all'intersezione con;VIA NOVARA;VIA NOVARA;;;Scontro frontale/laterale SX fra veicoli in marcia;Incrocio;Una carreggiata a senso unico di marcia;Asciutto;Asfaltata;Verticale ed orizzontale;Sereno;Normale;Buona;Ore Diurne;1;0;0;1;12.50407;41.91289;-1;2;Ciclomotore;In marcia / fermata / arresto;Conducente;M;Rifiuta cure immediate;0;NON DECEDUTO;Non accertato;
2810017;2;11/05/2016 05:30;Strada Urbana;VIA VALNERINA;in corrispondenza;;del civico n.;4;;Veicolo in marcia contro veicoli in sosta;Curva a visuale libera;Una carreggiata a senso unico di marcia;Bagnato (pioggia);Asfaltata;Verticale ed orizzontale;Pioggia in atto;Normale;Buona;Sufficiente;0;0;0;2;12.51498;41.93204;-1;1;Autovettura privata;In marcia / fermata / arresto;Conducente;F;Illeso;0;;;
2810017;2;11/05/2016 05:30;Strada Urbana;VIA VALNERINA;in corrispondenza;;del civico n.;4;;Veicolo in marcia contro veicoli in sosta;Curva a visuale libera;Una carreggiata a senso unico di marcia;Bagnato (pioggia);Asfaltata;Verticale ed orizzontale;Pioggia in atto;Normale;Buona;Sufficiente;0;0;0;2;12.51498;41.93204;-1;1;Autovettura privata;In marcia / fermata / arresto;Passeggero;M;Illeso;0;;Non accertato;Inesploso
2810019;2;10/05/2016 14:05;Strada Urbana;PIAZZA TRASIMENO;in prossimità;;del civico n.;48;;Veicolo in marcia contro veicolo in sosta;Rettilineo;Due carreggiate;Asciutto;Asfaltata;Verticale ed orizzontale;Sereno;Normale;Buona;Ore Diurne;0;0;0;1;12.50621;41.9187;-1;1;Autovettura privata;In marcia / fermata / arresto;Conducente;M;Illeso;0;;Non accertato;Inesploso
2810023;2;10/05/2016 18:20;Strada Urbana;VIALE LIEGI;in prossimità;;del civico n.;52;;Veicolo in marcia contro ostacolo accidentale;Rettilineo;Una carreggiata a doppio senso;Asciutto;Asfaltata;Verticale ed orizzontale;Sereno;Normale;Sufficiente;Ore Diurne;0;0;0;3;12.4942;41.9221;-1;1;Motociclo a solo;In marcia / fermata / arresto;Conducente;M;Illeso;0;;;
2810023;2;10/05/2016 18:20;Strada Urbana;VIALE LIEGI;in prossimità;;del civico n.;52;;Veicolo in marcia contro ostacolo accidentale;Rettilineo;Una carreggiata a doppio senso;Asciutto;Asfaltata;Verticale ed orizzontale;Sereno;Normale;Sufficiente;Ore Diurne;0;0;0;3;12.4942;41.9221;-1;2;Autovettura privata;In marcia / fermata / arresto;Conducente;M;Illeso;0;;;
2810023;2;10/05/2016 18:20;Strada Urbana;VIALE LIEGI;in prossimità;;del civico n.;52;;Veicolo in marcia contro ostacolo accidentale;Rettilineo;Una carreggiata a doppio senso;Asciutto;Asfaltata;Verticale ed orizzontale;Sereno;Normale;Sufficiente;Ore Diurne;0;0;0;3;12.4942;41.9221;-1;2;Autovettura privata;In marcia / fermata / arresto;Passeggero;F;Illeso;0;;;
2810027;6;11/05/2016 07:50;Strada Urbana;VIA ROMOLO BALZANI;in prossimità;;del civico n.;40;;Investimento di pedone;Rettilineo;Una carreggiata a senso unico di marcia;Bagnato (pioggia);Asfaltata;Assente;Pioggia in atto;Normale;Buona;Ore Diurne;1;0;0;1;12.55427;41.8785;-1;;;;Pedone;F;Rimandato;0;NON DECEDUTO;;
2810027;6;11/05/2016 07:50;Strada Urbana;VIA ROMOLO BALZANI;in prossimità;;del civico n.;40;;Investimento di pedone;Rettilineo;Una carreggiata a senso unico di marcia;Bagnato (pioggia);Asfaltata;Assente;Pioggia in atto;Normale;Buona;Ore Diurne;1;0;0;1;12.55427;41.8785;-1;1;Autovettura privata;In marcia / fermata / arresto;Conducente;F;Illeso;0;;Non accertato;Inesploso
2810037;13;10/05/2016 10:00;Strada Urbana;VIALE DI CASTEL PORZIANO;all'intersezione con;VIA TORCEGNO;VIA TORCEGNO;;;Scontro frontale/laterale DX fra veicoli in marcia;Incrocio;Una carreggiata a doppio senso;Asciutto;Asfaltata;Verticale;Nuvoloso;Normale;Buona;Ore Diurne;0;0;0;2;12.34914;41.73083;-1;1;Autovettura privata;In marcia / fermata / arresto;Conducente;M;Illeso;0;;Non accertato;Inesploso
2810037;13;10/05/2016 10:00;Strada Urbana;VIALE DI CASTEL PORZIANO;all'intersezione con;VIA TORCEGNO;VIA TORCEGNO;;;Scontro frontale/laterale DX fra veicoli in marcia;Incrocio;Una carreggiata a doppio senso;Asciutto;Asfaltata;Verticale;Nuvoloso;Normale;Buona;Ore Diurne;0;0;0;2;12.34914;41.73083;-1;2;Autovettura privata;In marcia / fermata / arresto;Conducente;F;Illeso;0;;Non accertato;Inesploso
2810039;2;10/05/2016 19:30;Strada Urbana;VIALE PINTURICCHIO;all'intersezione semaforizzata con;VIA FRANCESCO GAI;VIA FRANCESCO GAI;;;Scontro frontale/laterale DX fra veicoli in marcia;Intersezione semaforizzata;Più di due carreggiate;Asciutto;Asfaltata;Verticale ed orizzontale;Sereno;Normale;Buona;Ore Diurne;2;0;0;1;12.46461;41.9303;-1;1;Autovettura privata;In marcia / fermata / arresto;Conducente;F;Rifiuta cure immediate;0;NON DECEDUTO;;