Protocollo;Gruppo;DataOraIncidente;Localizzazione1;STRADA1;Localizzazione2;STRADA2;Strada02;Chilometrica;DaSpecificare;NaturaIncidente;particolaritastrade;TipoStrada;FondoStradale;Pavimentazione;Segnaletica;CondizioneAtmosferica;Traffico;Visibilita;Illuminazione;NUM_FERITI;NUM_RISERVATA;NUM_MORTI;NUM_ILLESI;Longitudine;Latitudine;Confermato;Progressivo;TipoVeicolo;StatoVeicolo;TipoPersona;Sesso;Tipolesione;Deceduto;DecedutoDopo;CinturaCascoUtilizzato;Airbag
2810039;2;10/05/2016 19:30;Strada Urbana;VIALE PINTURICCHIO;all'intersezione semaforizzata con;VIA FRANCESCO GAI;VIA FRANCESCO GAI;;;Scontro frontale/laterale DX fra veicoli in marcia;Intersezione semaforizzata;Più di due carreggiate;Asciutto;Asfaltata;Verticale ed orizzontale;Sereno;Normale;Buona;Ore Diurne;2;0;0;1;12.46461;41.9303;-1;1;Autovettura privata;In marcia / fermata / arresto;Passeggero;M;Rifiuta cure immediate;0;NON DECEDUTO;;
2810039;2;10/05/2016 19:30;Strada Urbana;VIALE PINTURICCHIO;all'intersezione semaforizzata con;VIA FRANCESCO GAI;VIA FRANCESCO GAI;;;Scontro frontale/laterale DX fra veicoli in marcia;Intersezione semaforizzata;Più di due carreggiate;Asciutto;Asfaltata;Verticale ed orizzontale;Sereno;Normale;Buona;Ore Diurne;2;0;0;1;12.46461;41.9303;-1;2;Autovettura privata;In marcia / fermata / arresto;Conducente;M;Illeso;0;;;
2810040;1;10/05/2016 19:20;Strada Urbana;VIA DEL MONTE OPPIO;in corrispondenza;;del civico n.;32;;Tamponamento;Rettilineo;Una carreggiata a doppio senso;Asciutto;Asfaltata;Verticale ed orizzontale;Sereno;Scarso;Buona;Ore Diurne;0;0;0;2;12.49317;41.89177;-1;1;Autovettura privata;In marcia / fermata / arresto;Conducente;F;Illeso;0;;Non accertato;Inesploso
2810040;1;10/05/2016 19:20;Strada Urbana;VIA DEL MONTE OPPIO;in corrispondenza;;del civico n.;32;;Tamponamento;Rettilineo;Una carreggiata a doppio senso;Asciutto;Asfaltata;Verticale ed orizzontale;Sereno;Scarso;Buona;Ore Diurne;0;0;0;2;12.49317;41.89177;-1;2;Ciclomotore;In marcia / fermata / arresto;Conducente;F;Illeso;0;;Non accertato;
2810042;2;11/05/2016 05:30;Strada Urbana;VIA ANAPO;in prossimità;;del civico n.;28;;Veicolo in marcia contro veicolo in sosta;Rettilineo;Più di due carreggiate;Bagnato (pioggia);Asfaltata;Verticale ed orizzontale;Nuvoloso;Scarso;Sufficiente;Ore Diurne;0;0;0;1;12.50782;41.92563;-1;1;Autovettura privata;In marcia / fermata / arresto;Conducente;M;Illeso;0;;Non accertato;Inesploso
2810058;23;10/05/2016 11:50;Strada Urbana;LUNGOTEVERE TOR DI NONA;in corrispondenza;;del civico n.;1;;Tamponamento;Rettilineo;Una carreggiata a senso unico di marcia;Asciutto;Asfaltata;Orizzontale;Sereno;Normale;Buona;Ore Diurne;0;0;0;2;12.47107;41.90186;-1;1;Autovettura privata;In marcia / fermata / arresto;Conducente;F;Illeso;0;;Non accertato;Inesploso
2810058;23;10/05/2016 11:50;Strada Urbana;LUNGOTEVERE TOR DI NONA;in corrispondenza;;del civico n.;1;;Tamponamento;Rettilineo;Una carreggiata a senso unico di marcia;Asciutto;Asfaltata;Orizzontale;Sereno;Normale;Buona;Ore Diurne;0;0;0;2;12.47107;41.90186;-1;2;Motociclo a solo;In marcia / fermata / arresto;Conducente;M;Illeso;0;;Utilizzato;
2810077;17;10/05/2016 11:00;Strada Urbana;PIAZZA MONTE GRAPPA;in prossimità;;del civico n.;14;;Scontro laterale fra veicoli in marcia;Rettilineo;Una carreggiata a senso unico di marcia;Asciutto;Asfaltata;Verticale ed orizzontale;Sereno;Normale;Buona;Ore Diurne;1;0;0;2;12.46892;41.91835;-1;1;Autovettura privata;In marcia / fermata / arresto;Conducente;M;Illeso;0;;;
2810077;17;10/05/2016 11:00;Strada Urbana;PIAZZA MONTE GRAPPA;in prossimità;;del civico n.;14;;Scontro laterale fra veicoli in marcia;Rettilineo;Una carreggiata a senso unico di marcia;Asciutto;Asfaltata;Verticale ed orizzontale;Sereno;Normale;Buona;Ore Diurne;1;0;0;2;12.46892;41.91835;-1;1;Autovettura privata;In marcia / fermata / arresto;Passeggero;M;Illeso;0;;;
2810077;17;10/05/2016 11:00;Strada Urbana;PIAZZA MONTE GRAPPA;in prossimità;;del civico n.;14;;Scontro laterale fra veicoli in marcia;Rettilineo;Una carreggiata a senso unico di marcia;Asciutto;Asfaltata;Verticale ed orizzontale;Sereno;Normale;Buona;Ore Diurne;1;0;0;2;12.46892;41.91835;-1;2;Motociclo a solo;In marcia / fermata / arresto;Conducente;M;Rimandato;0;NON DECEDUTO;;
2810088;4;10/05/2016 20:00;Strada Urbana;VIA CAVRIGLIA;da specificare;;;;prossimità Via Valmarana;Tamponamento;Rettilineo;Una carreggiata a doppio senso;Asciutto;Asfaltata;Verticale ed orizzontale;Sereno;Normale;Buona;Sufficiente;2;0;0;1;12.51588;41.94744;-1;1;Autovettura privata;In marcia / fermata / arresto;Conducente;M;Rifiuta cure immediate;0;NON DECEDUTO;Non accertato;
2810088;4;10/05/2016 20:00;Strada Urbana;VIA CAVRIGLIA;da specificare;;;;prossimità Via Valmarana;Tamponamento;Rettilineo;Una carreggiata a doppio senso;Asciutto;Asfaltata;Verticale ed orizzontale;Sereno;Normale;Buona;Sufficiente;2;0;0;1;12.51588;41.94744;-1;1;Autovettura privata;In marcia / fermata / arresto;Passeggero;F;Rifiuta cure immediate;0;NON DECEDUTO;Non accertato;
2810088;4;10/05/2016 20:00;Strada Urbana;VIA CAVRIGLIA;da specificare;;;;prossimità Via Valmarana;Tamponamento;Rettilineo;Una carreggiata a doppio senso;Asciutto;Asfaltata;Verticale ed orizzontale;Sereno;Normale;Buona;Sufficiente;2;0;0;1;12.51588;41.94744;-1;2;Autovettura privata;In marcia / fermata / arresto;Conducente;F;Illeso;0;;Non accertato;
2810093;4;10/05/2016 10:17;Statale;VIA SALARIA;da specificare;;;;prossimità di via Montevarchi;Scontro laterale fra veicoli in marcia;Rettilineo;Due carreggiate;Asciutto;Asfaltata;Verticale ed orizzontale;Sereno;Normale;Buona;Ore Diurne;2;0;0;1;12.50445;41.9554;-1;1;Autovettura privata;In marcia / fermata / arresto;Conducente;M;Illeso;0;;;
2810093;4;10/05/2016 10:17;Statale;VIA SALARIA;da specificare;;;;prossimità di via Montevarchi;Scontro laterale fra veicoli in marcia;Rettilineo;Due carreggiate;Asciutto;Asfaltata;Verticale ed orizzontale;Sereno;Normale;Buona;Ore Diurne;2;0;0;1;12.50445;41.9554;-1;2;Motociclo con passeggero;In marcia / fermata / arresto;Conducente;M;Ricoverato;0;NON DECEDUTO;;
2810093;4;10/05/2016 10:17;Statale;VIA SALARIA;da specificare;;;;prossimità di via Montevarchi;Scontro laterale fra veicoli in marcia;Rettilineo;Due carreggiate;Asciutto;Asfaltata;Verticale ed orizzontale;Sereno;Normale;Buona;Ore Diurne;2;0;0;1;12.50445;41.9554;-1;2;Motociclo con passeggero;In marcia / fermata / arresto;Passeggero;F;Rimandato;0;NON DECEDUTO;;
2810128;16;10/05/2016 17:00;Strada Urbana;PIAZZALE EUGENIO MORELLI;in prossimità;;del civico n.;36;;Veicolo in marcia contro veicolo arresto;Rettilineo;Due carreggiate;Asciutto;Asfaltata;Verticale ed orizzontale;Sereno;Normale;Buona;Ore Diurne;0;0;0;3;12.4428;41.86011;-1;1;Autovettura privata;In marcia / fermata / arresto;Conducente;F;Illeso;0;;Non accertato;Inesploso
2810128;16;10/05/2016 17:00;Strada Urbana;PIAZZALE EUGENIO MORELLI;in prossimità;;del civico n.;36;;Veicolo in marcia contro veicolo arresto;Rettilineo;Due carreggiate;Asciutto;Asfaltata;Verticale ed orizzontale;Sereno;Normale;Buona;Ore Diurne;0;0;0;3;12.4428;41.86011;-1;1;Autovettura privata;In marcia / fermata / arresto;Passeggero;F;Illeso;0;;Non accertato;Inesploso
2810128;16;10/05/2016 17:00;Strada Urbana;PIAZZALE EUGENIO MORELLI;in prossimità;;del civico n.;36;;Veicolo in marcia contro veicolo arresto;Rettilineo;Due carreggiate;Asciutto;Asfaltata;Verticale ed orizzontale;Sereno;Normale;Buona;Ore Diurne;0;0;0;3;12.4428;41.86011;-1;2;Autovettura privata;In marcia / fermata / arresto;Conducente;M;Illeso;0;;Non accertato;Inesploso
2810132;1;11/05/2016 10:10;Strada Urbana;PIAZZA DI S. GIOVANNI IN LATERANO;in prossimità;;del civico n.;4;;Scontro frontale/laterale SX fra veicoli in marcia;Curva a visuale libera;Una carreggiata a doppio senso;Asciutto;Asfaltata;Verticale ed orizzontale;Nuvoloso;Normale;Buona;Ore Diurne;0;0;0;2;12.50482;41.88696;-1;1;Autovettura privata;In marcia / fermata / arresto;Conducente;M;Illeso;0;;Non accertato;Inesploso
2810132;1;11/05/2016 10:10;Strada Urbana;PIAZZA DI S. GIOVANNI IN LATERANO;in prossimità;;del civico n.;4;;Scontro frontale/laterale SX fra veicoli in marcia;Curva a visuale libera;Una carreggiata a doppio senso;Asciutto;Asfaltata;Verticale ed orizzontale;Nuvoloso;Normale;Buona;Ore Diurne;0;0;0;2;12.50482;41.88696;-1;2;Motociclo a solo;In marcia / fermata / arresto;Conducente;M;Illeso;0;;Non accertato;
2810148;23;10/05/2016 16:10;Comunale extraurbana;VIA CRISTOFORO COLOMBO;in corrispondenza;;della chilometrica;14.8;;Veicolo in marcia contro ostacolo accidentale;Rettilineo;Più di due carreggiate;Asciutto;Asfaltata;Verticale ed orizzontale;Sereno;Normale;Buona;Ore Diurne;0;0;0;1;12.40099;41.77866;-1;1;Autobus turistico;In marcia / fermata / arresto;Conducente;M;Illeso;0;;Utilizzato;Inesploso
2810159;1;10/05/2016 18:25;Strada Urbana;VIA ANTONIO SALANDRA;in prossimità;;del civico n.;5;;Scontro laterale fra veicoli in marcia;Rettilineo;Una carreggiata a senso unico di marcia;Asciutto;In cubetti di porfido;Verticale ed orizzontale;Sereno;Normale;Buona;Ore Diurne;0;0;0;2;12.49562;41.9056;-1;1;Motociclo a solo;In marcia / fermata / arresto;Conducente;F;Illeso;0;;;
2810159;1;10/05/2016 18:25;Strada Urbana;VIA ANTONIO SALANDRA;in prossimità;;del civico n.;5;;Scontro laterale fra veicoli in marcia;Rettilineo;Una carreggiata a senso unico di marcia;Asciutto;In cubetti di porfido;Verticale ed orizzontale;Sereno;Normale;Buona;Ore Diurne;0;0;0;2;12.49562;41.9056;-1;2;Autovettura privata;In marcia / fermata / arresto;Conducente;F;Illeso;0;;;
2810163;4;10/05/2016 11:00;Strada Urbana;VIA RINA DE LIGUORO;in prossimità;;del civico n.;50;;Scontro laterale fra veicoli in marcia;Rettilineo;Una carreggiata a senso unico di marcia;Asciutto;Asfaltata;Assente;Sereno;Scarso;Buona;Ore Diurne;2;0;0;1;12.53942;41.96361;-1;1;Autovettura privata;In marcia / fermata / arresto;Conducente;M;Illeso;0;;Non accertato;Inesploso
2810163;4;10/05/2016 11:00;Strada Urbana;VIA RINA DE LIGUORO;in prossimità;;del civico n.;50;;Scontro laterale fra veicoli in marcia;Rettilineo;Una carreggiata a senso unico di marcia;Asciutto;Asfaltata;Assente;Sereno;Scarso;Buona;Ore Diurne;2;0;0;1;12.53942;41.96361;-1;2;Velocipede;In marcia / fermata / arresto;Conducente;M;Rimandato;0;NON DECEDUTO;Esente;
2810163;4;10/05/2016 11:00;Strada Urbana;VIA RINA DE LIGUORO;in prossimità;;del civico n.;50;;Scontro laterale fra veicoli in marcia;Rettilineo;Una carreggiata a senso unico di marcia;Asciutto;Asfaltata;Assente;Sereno;Scarso;Buona;Ore Diurne;2;0;0;1;12.53942;41.96361;-1;3;Velocipede;In marcia / fermata / arresto;Conducente;M;Rimandato;0;NON DECEDUTO;Esente;
2810166;4;10/05/2016 07:30;Provinciale entro l'abitato;VIA NOMENTANA;all'intersezione con;VIA ETTORE ROMAGNOLI;VIA ETTORE ROMAGNOLI;;;Scontro laterale fra veicoli in marcia;Incrocio;Una carreggiata a doppio senso;Asciutto;Asfaltata;Verticale ed orizzontale;Sereno;Normale;Buona;Ore Diurne;0;0;0;3;12.55238;41.94111;-1;1;Autovettura privata;In marcia / fermata / arresto;Conducente;M;Illeso;0;;;
2810166;4;10/05/2016 07:30;Provinciale entro l'abitato;VIA NOMENTANA;all'intersezione con;VIA ETTORE ROMAGNOLI;VIA ETTORE ROMAGNOLI;;;Scontro laterale fra veicoli in marcia;Incrocio;Una carreggiata a doppio senso;Asciutto;Asfaltata;Verticale ed orizzontale;Sereno;Normale;Buona;Ore Diurne;0;0;0;3;12.55238;41.94111;-1;1;Autovettura privata;In marcia / fermata / arresto;Passeggero;F;Illeso;0;;;
2810166;4;10/05/2016 07:30;Provinciale entro l'abitato;VIA NOMENTANA;all'intersezione con;VIA ETTORE ROMAGNOLI;VIA ETTORE ROMAGNOLI;;;Scontro laterale fra veicoli in marcia;Incrocio;Una carreggiata a doppio senso;Asciutto;Asfaltata;Verticale ed orizzontale;Sereno;Normale;Buona;Ore Diurne;0;0;0;3;12.55238;41.94111;-1;2;Motociclo a solo;In marcia / fermata / arresto;Conducente;F;Illeso;0;;;
2810191;4;10/05/2016 09:45;Strada Urbana;VIA MONTE CERVIALTO;in corrispondenza;;del civico n.;121;;Scontro laterale fra veicoli in marcia;Rettilineo;Più di due carreggiate;Asciutto;Asfaltata;Verticale ed orizzontale;Sereno;Normale;Buona;Ore Diurne;1;0;0;1;12.52319;41.95335;-1;1;Motociclo a solo;In marcia / fermata / arresto;Conducente;M;Rifiuta cure immediate;0;NON DECEDUTO;Non accertato;
2810191;4;10/05/2016 09:45;Strada Urbana;VIA MONTE CERVIALTO;in corrispondenza;;del civico n.;121;;Scontro laterale fra veicoli in marcia;Rettilineo;Più di due carreggiate;Asciutto;Asfaltata;Verticale ed orizzontale;Sereno;Normale;Buona;Ore Diurne;1;0;0;1;12.52319;41.95335;-1;2;Autovettura privata;In marcia / fermata / arresto;Conducente;F;Illeso;0;;Non accertato;
2810214;13;10/05/2016 07:20;Strada Urbana;VIA MAR DEI CORALLI;all'intersezione con;VIA DEI PESCATORI;VIA DEI PESCATORI;;;Scontro frontale/laterale SX fra veicoli in marcia;Incrocio;Una carreggiata a doppio senso;Asciutto;Asfaltata;Verticale;Sereno;Normale;Buona;Ore Diurne;0;0;0;2;12.30448;41.72754;-1;1;Autovettura privata;In marcia / fermata / arresto;Conducente;F;Illeso;0;;Non accertato;Inesploso
2810214;13;10/05/2016 07:20;Strada Urbana;VIA MAR DEI CORALLI;all'intersezione con;VIA DEI PESCATORI;VIA DEI PESCATORI;;;Scontro frontale/laterale SX fra veicoli in marcia;Incrocio;Una carreggiata a doppio senso;Asciutto;Asfaltata;Verticale;Sereno;Normale;Buona;Ore Diurne;0;0;0;2;12.30448;41.72754;-1;2;Autovettura privata;In marcia / fermata / arresto;Conducente;F;Illeso;0;;Non accertato;Inesploso
2810218;7;10/05/2016 16:30;Strada Urbana;VIALE PALMIRO TOGLIATTI;all'intersezione con;PIAZZALE PINO PASCALI;PIAZZALE PINO PASCALI;;;Scontro frontale/laterale DX fra veicoli in marcia;Intersezione semaforizzata;Due carreggiate;Asciutto;Asfaltata;Verticale ed orizzontale;Sereno;Scarso;Buona;Ore Diurne;0;0;0;5;12.57339;41.88769;-1;1;Autovettura privata;In marcia / fermata / arresto;Conducente;M;Illeso;0;;Non accertato;Inesploso
2810218;7;10/05/2016 16:30;Strada Urbana;VIALE PALMIRO TOGLIATTI;all'intersezione con;PIAZZALE PINO PASCALI;PIAZZALE PINO PASCALI;;;Scontro frontale/laterale DX fra veicoli in marcia;Intersezione semaforizzata;Due carreggiate;Asciutto;Asfaltata;Verticale ed orizzontale;Sereno;Scarso;Buona;Ore Diurne;0;0;0;5;12.57339;41.88769;-1;1;Autovettura privata;In marcia / fermata / arresto;Passeggero;M;Illeso;0;;Non accertato;Inesistente
2810218;7;10/05/2016 16:30;Strada Urbana;VIALE PALMIRO TOGLIATTI;all'intersezione con;PIAZZALE PINO PASCALI;PIAZZALE PINO PASCALI;;;Scontro frontale/laterale DX fra veicoli in marcia;Intersezione semaforizzata;Due carreggiate;Asciutto;Asfaltata;Verticale ed orizzontale;Sereno;Scarso;Buona;Ore Diurne;0;0;0;5;12.57339;41.88769;-1;2;Autovettura privata;In marcia / fermata / arresto;Conducente;M;Illeso;0;;Non accertato;Inesploso
2810218;7;10/05/2016 16:30;Strada Urbana;VIALE PALMIRO TOGLIATTI;all'intersezione con;PIAZZALE PINO PASCALI;PIAZZALE PINO PASCALI;;;Scontro frontale/laterale DX fra veicoli in marcia;Intersezione semaforizzata;Due carreggiate;Asciutto;Asfaltata;Verticale ed orizzontale;Sereno;Scarso;Buona;Ore Diurne;0;0;0;5;12.57339;41.88769;-1;2;Autovettura privata;In marcia / fermata / arresto;Passeggero;M;Illeso;0;;Non accertato;Inesploso
2810218;7;10/05/2016 16:30;Strada Urbana;VIALE PALMIRO TOGLIATTI;all'intersezione con;PIAZZALE PINO PASCALI;PIAZZALE PINO PASCALI;;;Scontro frontale/laterale DX fra veicoli in marcia;Intersezione semaforizzata;Due carreggiate;Asciutto;Asfaltata;Verticale ed orizzontale;Sereno;Scarso;Buona;Ore Diurne;0;0;0;5;12.57339;41.88769;-1;3;Autovettura privata;In marcia / fermata / arresto;Conducente;M;Illeso;0;;Non accertato;Inesploso
2810236;7;10/05/2016 21:25;Strada Urbana;VIA TUSCOLANA;in corrispondenza;;del civico n.;692;;Scontro laterale fra veicoli in marcia;Rettilineo;Una carreggiata a senso unico di marcia;Asciutto;Asfaltata;Verticale ed orizzontale;Sereno;Scarso;Sufficiente;Sufficiente;1;0;0;3;12.58857;41.83948;-1;1;Autovettura privata;In marcia / fermata / arresto;Conducente;M;Illeso;0;;Non accertato;Inesploso
2810236;7;10/05/2016 21:25;Strada Urbana;VIA TUSCOLANA;in corrispondenza;;del civico n.;692;;Scontro laterale fra veicoli in marcia;Rettilineo;Una carreggiata a senso unico di marcia;Asciutto;Asfaltata;Verticale ed orizzontale;Sereno;Scarso;Sufficiente;Sufficiente;1;0;0;3;12.58857;41.83948;-1;2;Autoambulanza;In marcia / fermata / arresto;Conducente;M;Illeso;0;;Non accertato;Inesploso
2810236;7;10/05/2016 21:25;Strada Urbana;VIA TUSCOLANA;in corrispondenza;;del civico n.;692;;Scontro laterale fra veicoli in marcia;Rettilineo;Una carreggiata a senso unico di marcia;Asciutto;Asfaltata;Verticale ed orizzontale;Sereno;Scarso;Sufficiente;Sufficiente;1;0;0;3;12.58857;41.83948;-1;2;Autoambulanza;In marcia / fermata / arresto;Passeggero;M;Illeso;0;;Non accertato;Inesploso
2810236;7;10/05/2016 21:25;Strada Urbana;VIA TUSCOLANA;in corrispondenza;;del civico n.;692;;Scontro laterale fra veicoli in marcia;Rettilineo;Una carreggiata a senso unico di marcia;Asciutto;Asfaltata;Verticale ed orizzontale;Sereno;Scarso;Sufficiente;Sufficiente;1;0;0;3;12.58857;41.83948;-1;2;Autoambulanza;In marcia / fermata / arresto;Passeggero;M;Rimandato;0;NON DECEDUTO;Non accertato;Inesploso
2810238;1;10/05/2016 20:20;Strada Urbana;PIAZZA DI S. COSIMATO;all'intersezione con;VIA LUCIANO MANARA;VIA LUCIANO MANARA;;;Scontro laterale fra veicoli in marcia;Incrocio;Una carreggiata a senso unico di marcia;Asciutto;In cubetti di porfido;Verticale ed orizzontale;Sereno;Normale;Buona;Sufficiente;1;0;0;1;12.46983;41.88718;-1;1;Autovettura privata;In marcia / fermata / arresto;Conducente;F;Rimandato;0;NON DECEDUTO;Non accertato;Inesploso
2810238;1;10/05/2016 20:20;Strada Urbana;PIAZZA DI S. COSIMATO;all'intersezione con;VIA LUCIANO MANARA;VIA LUCIANO MANARA;;;Scontro laterale fra veicoli in marcia;Incrocio;Una carreggiata a senso unico di marcia;Asciutto;In cubetti di porfido;Verticale ed orizzontale;Sereno;Normale;Buona;Sufficiente;1;0;0;1;12.46983;41.88718;-1;2;Autovettura privata;In marcia / fermata / arresto;Conducente;F;Illeso;0;;Non accertato;Inesploso
2810243;18;09/05/2016 22:50;Strada Urbana;VIA DELLA CONCILIAZIONE;all'intersezione con;VIA DELLA TRASPONTINA;VIA DELLA TRASPONTINA;;;Veicolo in marcia contro ostacolo fisso;Intersezione non regolata/non segnalata;Più di due carreggiate;Asciutto;Asfaltata;Verticale ed orizzontale;Sereno;Scarso;Sufficiente;Sufficiente;1;0;0;0;12.46294;41.90254;-1;1;Motociclo a solo;In marcia / fermata / arresto;Conducente;M;Ricoverato;0;NON DECEDUTO;Non accertato;
2810266;13;10/05/2016 19:15;Strada Urbana;VIA FRANCESCO CILEA;in corrispondenza;;del civico n.;55;;Veicolo in marcia contro ostacolo fisso;Rettilineo;Una carreggiata a doppio senso;Asciutto;Asfaltata;Orizzontale;Nuvoloso;Normale;Buona;Ore Diurne;0;0;0;1;12.37528;41.74331;-1;1;Autovettura privata;In marcia / fermata / arresto;Conducente;M;Illeso;0;;Non accertato;Inesploso
2810268;13;10/05/2016 12:35;Strada Urbana;VIA DELLE ANTILLE;all'intersezione con;VIA DELLE BALEARI;VIA DELLE BALEARI;;;Scontro laterale fra veicoli in marcia;Incrocio;Una carreggiata a senso unico di marcia;Asciutto;Asfaltata;Assente;Sereno;Intenso;Buona;Ore Diurne;0;0;0;3;12.28054;41.73774;-1;1;Autovettura privata;In marcia / fermata / arresto;Conducente;F;Illeso;0;;Non accertato;Inesploso
2810268;13;10/05/2016 12:35;Strada Urbana;VIA DELLE ANTILLE;all'intersezione con;VIA DELLE BALEARI;VIA DELLE BALEARI;;;Scontro laterale fra veicoli in marcia;Incrocio;Una carreggiata a senso unico di marcia;Asciutto;Asfaltata;Assente;Sereno;Intenso;Buona;Ore Diurne;0;0;0;3;12.28054;41.73774;-1;2;Autovettura privata;In marcia / fermata / arresto;Conducente;M;Illeso;0;;Non accertato;Inesploso
2810268;13;10/05/2016 12:35;Strada Urbana;VIA DELLE ANTILLE;all'intersezione con;VIA DELLE BALEARI;VIA DELLE BALEARI;;;Scontro laterale fra veicoli in marcia;Incrocio;Una carreggiata a senso unico di marcia;Asciutto;Asfaltata;Assente;Sereno;Intenso;Buona;Ore Diurne;0;0;0;3;12.28054;41.73774;-1;2;Autovettura privata;In marcia / fermata / arresto;Passeggero;F;Illeso;0;;Non accertato;Inesploso
2810278;12;11/05/2016 09:10;Strada Urbana;VIA DEL RISARO;da specificare;;;;altezza palo Acea n. 119;Fuoriuscita dalla sede stradale;Curva senza visuale libera;Una carreggiata a doppio senso;Asciutto;Asfaltata;Verticale ed orizzontale;Nuvoloso;Scarso;Buona;Ore Diurne;0;0;0;1;12.41964;41.78145;-1;1;Autovettura privata;In marcia / fermata / arresto;Conducente;M;Illeso;0;;Non accertato;Inesploso
2810338;5;10/05/2016 16:25;Strada Urbana;VIA DI PORTONACCIO;da specificare;;;;ALTEZZA LARGO DE DOMINICIS ;Scontro laterale fra veicoli in marcia;Rettilineo;Due carreggiate;Asciutto;Asfaltata;Verticale ed orizzontale;Sereno;Intenso;Buona;Ore Diurne;0;0;0;3;12.53742;41.90003;-1;1;Autovettura privata;In marcia / fermata / arresto;Conducente;F;Illeso;0;;Non accertato;Inesploso
2810338;5;10/05/2016 16:25;Strada Urbana;VIA DI PORTONACCIO;da specificare;;;;ALTEZZA LARGO DE DOMINICIS ;Scontro laterale fra veicoli in marcia;Rettilineo;Due carreggiate;Asciutto;Asfaltata;Verticale ed orizzontale;Sereno;Intenso;Buona;Ore Diurne;0;0;0;3;12.53742;41.90003;-1;1;Autovettura privata;In marcia / fermata / arresto;Passeggero;F;Illeso;0;;Non accertato;Inesploso
2810338;5;10/05/2016 16:25;Strada Urbana;VIA DI PORTONACCIO;da specificare;;;;ALTEZZA LARGO DE DOMINICIS ;Scontro laterale fra veicoli in marcia;Rettilineo;Due carreggiate;Asciutto;Asfaltata;Verticale ed orizzontale;Sereno;Intenso;Buona;Ore Diurne;0;0;0;3;12.53742;41.90003;-1;2;Autovettura privata;In marcia / fermata / arresto;Conducente;F;Illeso;0;;Non accertato;Inesploso
2810492;18;11/05/2016 11:15;Strada Urbana;VIA DEI CAVALLEGGERI;all'intersezione con;VIA ALESSANDRO III;VIA ALESSANDRO III;;;Veicolo in marcia contro veicolo in sosta;Intersezione stradale segnalata;Una carreggiata a senso unico di marcia;Asciutto;Asfaltata;Verticale ed orizzontale;Nuvoloso;Normale;Buona;Ore Diurne;0;0;0;1;12.45521;41.89989;-1;1;Autocarro inferiore 35 q.;In marcia / fermata / arresto;Conducente;M;Illeso;0;;;
2810494;18;11/05/2016 07:14;Strada Urbana;VIA DELLA MAGLIANELLA;in prossimità;;del civico n.;185;;Scontro frontale fra veicoli in marcia;Curva senza visuale libera;Una carreggiata a doppio senso;Bagnato (pioggia);Asfaltata;Orizzontale;Pioggia in atto;Normale;Buona;Ore Diurne;2;0;0;0;12.37902;41.90183;-1;1;Autocarro inferiore 35 q.;In marcia / fermata / arresto;Conducente;M;Rimandato;0;NON DECEDUTO;Non accertato;Inesploso
2810494;18;11/05/2016 07:14;Strada Urbana;VIA DELLA MAGLIANELLA;in prossimità;;del civico n.;185;;Scontro frontale fra veicoli in marcia;Curva senza visuale libera;Una carreggiata a doppio senso;Bagnato (pioggia);Asfaltata;Orizzontale;Pioggia in atto;Normale;Buona;Ore Diurne;2;0;0;0;12.37902;41.90183;-1;2;Autobus di linea;In marcia / fermata / arresto;Conducente;M;Rimandato;0;NON DECEDUTO;Non accertato;Inesploso
2810534;1;10/05/2016 12:55;Strada Urbana;VIA DI S. TEODORO;in prossimità;;del civico n.;46;;Veicolo in marcia contro veicolo in sosta;Rettilineo;Una carreggiata a senso unico di marcia;Asciutto;Acciotolata;Verticale ed orizzontale;Sereno;Normale;Buona;Ore Diurne;0;0;0;1;12.48392;41.89009;-1;1;Autobus turistico;In marcia / fermata / arresto;Conducente;M;Illeso;0;;;
2810581;6;11/05/2016 11:20;Strada Urbana;VIALE DELLA VENEZIA GIULIA;da specificare;;;;pross. civico 74 direzione Prenestina;Tamponamento;Rettilineo;Una carreggiata a doppio senso;Asciutto;Asfaltata;Verticale ed orizzontale;Sereno;Normale;Buona;Ore Diurne;0;0;0;2;12.55508;41.89638;-1;1;Autovettura privata;In marcia / fermata / arresto;Conducente;M;Illeso;0;;;
2810581;6;11/05/2016 11:20;Strada Urbana;VIALE DELLA VENEZIA GIULIA;da specificare;;;;pross. civico 74 direzione Prenestina;Tamponamento;Rettilineo;Una carreggiata a doppio senso;Asciutto;Asfaltata;Verticale ed orizzontale;Sereno;Normale;Buona;Ore Diurne;0;0;0;2;12.55508;41.89638;-1;2;Autovettura privata;In marcia / fermata / arresto;Conducente;M;Illeso;0;;;
2810583;1;11/05/2016 07:25;Strada Urbana;VIA DEI CERCHI;in prossimità;;del civico n.;67;;Tamponamento Multiplo;Rettilineo;Una carreggiata a senso unico di marcia;Bagnato (pioggia);In cubetti di porfido;Verticale ed orizzontale;Pioggia in atto;Normale;Sufficiente;Ore Diurne;1;0;0;2;12.48397;41.88777;-1;1;Autovettura privata;In marcia / fermata / arresto;Conducente;F;Illeso;0;;;
2810583;1;11/05/2016 07:25;Strada Urbana;VIA DEI CERCHI;in prossimità;;del civico n.;67;;Tamponamento Multiplo;Rettilineo;Una carreggiata a senso unico di marcia;Bagnato (pioggia);In cubetti di porfido;Verticale ed orizzontale;Pioggia in atto;Normale;Sufficiente;Ore Diurne;1;0;0;2;12.48397;41.88777;-1;2;Autovettura privata;In marcia / fermata / arresto;Conducente;F;Illeso;0;;;