Protocollo;Gruppo;DataOraIncidente;Localizzazione1;STRADA1;Localizzazione2;STRADA2;Strada02;Chilometrica;DaSpecificare;NaturaIncidente;particolaritastrade;TipoStrada;FondoStradale;Pavimentazione;Segnaletica;CondizioneAtmosferica;Traffico;Visibilita;Illuminazione;NUM_FERITI;NUM_RISERVATA;NUM_MORTI;NUM_ILLESI;Longitudine;Latitudine;Confermato;Progressivo;TipoVeicolo;StatoVeicolo;TipoPersona;Sesso;Tipolesione;Deceduto;DecedutoDopo;CinturaCascoUtilizzato;Airbag
2812913;9;12/05/2016 20:00;Strada Urbana;VIA BELLICIA;all'intersezione con;VIA ROCCA IMPERIALE;VIA ROCCA IMPERIALE;;;Scontro frontale/laterale DX fra veicoli in marcia;Incrocio;Una carreggiata a doppio senso;Asciutto;Asfaltata;Verticale ed orizzontale;Sereno;Scarso;Buona;Sufficiente;0;0;0;2;12.60976;41.82372;-1;1;Autovettura privata;In marcia / fermata / arresto;Conducente;F;Illeso;0;;Non accertato;
2812913;9;12/05/2016 20:00;Strada Urbana;VIA BELLICIA;all'intersezione con;VIA ROCCA IMPERIALE;VIA ROCCA IMPERIALE;;;Scontro frontale/laterale DX fra veicoli in marcia;Incrocio;Una carreggiata a doppio senso;Asciutto;Asfaltata;Verticale ed orizzontale;Sereno;Scarso;Buona;Sufficiente;0;0;0;2;12.60976;41.82372;-1;2;Autovettura privata;In marcia / fermata / arresto;Conducente;M;Illeso;0;;Non accertato;
2812914;9;12/05/2016 22:00;Strada Urbana;VIA APULIA;in prossimità;;del civico n.;42;;Tamponamento;Rettilineo;Una carreggiata a doppio senso;Asciutto;Asfaltata;Verticale ed orizzontale;Sereno;Normale;Buona;Ore Diurne;2;0;0;1;12.50472;41.88246;-1;1;Autovettura privata;In marcia / fermata / arresto;Conducente;M;Illeso;0;;Utilizzato;Inesploso
2812914;9;12/05/2016 22:00;Strada Urbana;VIA APULIA;in prossimità;;del civico n.;42;;Tamponamento;Rettilineo;Una carreggiata a doppio senso;Asciutto;Asfaltata;Verticale ed orizzontale;Sereno;Normale;Buona;Ore Diurne;2;0;0;1;12.50472;41.88246;-1;2;Motociclo con passeggero;In marcia / fermata / arresto;Conducente;M;Rimandato;0;NON DECEDUTO;Utilizzato;
2812914;9;12/05/2016 22:00;Strada Urbana;VIA APULIA;in prossimità;;del civico n.;42;;Tamponamento;Rettilineo;Una carreggiata a doppio senso;Asciutto;Asfaltata;Verticale ed orizzontale;Sereno;Normale;Buona;Ore Diurne;2;0;0;1;12.50472;41.88246;-1;2;Motociclo con passeggero;In marcia / fermata / arresto;Passeggero;F;Rimandato;0;NON DECEDUTO;Utilizzato;
2812916;11;12/05/2016 22:58;Strada Urbana;CIRCONVALLAZIONE OSTIENSE;all'intersezione con;VIA MANFREDO CAMPERIO;VIA MANFREDO CAMPERIO;;;Scontro frontale/laterale DX fra veicoli in marcia;Incrocio;Due carreggiate;Asciutto;Asfaltata;Verticale ed orizzontale;Sereno;Scarso;Buona;Sufficiente;1;0;0;1;12.49031;41.86737;-1;1;Autovettura privata;In marcia / fermata / arresto;Conducente;F;Rifiuta cure immediate;0;NON DECEDUTO;Non accertato;
2812916;11;12/05/2016 22:58;Strada Urbana;CIRCONVALLAZIONE OSTIENSE;all'intersezione con;VIA MANFREDO CAMPERIO;VIA MANFREDO CAMPERIO;;;Scontro frontale/laterale DX fra veicoli in marcia;Incrocio;Due carreggiate;Asciutto;Asfaltata;Verticale ed orizzontale;Sereno;Scarso;Buona;Sufficiente;1;0;0;1;12.49031;41.86737;-1;2;Autovettura privata;In marcia / fermata / arresto;Conducente;M;Illeso;0;;Non accertato;
2812927;8;12/05/2016 12:30;Strada Urbana;VIA DI VERMICINO;in corrispondenza;;del civico n.;55;;Scontro frontale/laterale DX fra veicoli in marcia;Rettilineo;Una carreggiata a doppio senso;Asciutto;Asfaltata;Verticale;Sereno;Normale;Buona;Ore Diurne;2;0;0;4;12.67219;41.85972;-1;1;Autovettura privata;In marcia / fermata / arresto;Conducente;M;Rifiuta cure immediate;0;NON DECEDUTO;Non accertato;Inesploso
2812927;8;12/05/2016 12:30;Strada Urbana;VIA DI VERMICINO;in corrispondenza;;del civico n.;55;;Scontro frontale/laterale DX fra veicoli in marcia;Rettilineo;Una carreggiata a doppio senso;Asciutto;Asfaltata;Verticale;Sereno;Normale;Buona;Ore Diurne;2;0;0;4;12.67219;41.85972;-1;1;Autovettura privata;In marcia / fermata / arresto;Passeggero;F;Rifiuta cure immediate;0;NON DECEDUTO;Non accertato;Inesploso
2812927;8;12/05/2016 12:30;Strada Urbana;VIA DI VERMICINO;in corrispondenza;;del civico n.;55;;Scontro frontale/laterale DX fra veicoli in marcia;Rettilineo;Una carreggiata a doppio senso;Asciutto;Asfaltata;Verticale;Sereno;Normale;Buona;Ore Diurne;2;0;0;4;12.67219;41.85972;-1;2;Autovettura privata;In marcia / fermata / arresto;Conducente;M;Illeso;0;;Non accertato;Inesploso
2812927;8;12/05/2016 12:30;Strada Urbana;VIA DI VERMICINO;in corrispondenza;;del civico n.;55;;Scontro frontale/laterale DX fra veicoli in marcia;Rettilineo;Una carreggiata a doppio senso;Asciutto;Asfaltata;Verticale;Sereno;Normale;Buona;Ore Diurne;2;0;0;4;12.67219;41.85972;-1;3;Autovettura privata;In marcia / fermata / arresto;Conducente;F;Illeso;0;;Non accertato;Inesploso
2812927;8;12/05/2016 12:30;Strada Urbana;VIA DI VERMICINO;in corrispondenza;;del civico n.;55;;Scontro frontale/laterale DX fra veicoli in marcia;Rettilineo;Una carreggiata a doppio senso;Asciutto;Asfaltata;Verticale;Sereno;Normale;Buona;Ore Diurne;2;0;0;4;12.67219;41.85972;-1;3;Autovettura privata;In marcia / fermata / arresto;Passeggero;M;Illeso;0;;Non accertato;Inesploso
2812927;8;12/05/2016 12:30;Strada Urbana;VIA DI VERMICINO;in corrispondenza;;del civico n.;55;;Scontro frontale/laterale DX fra veicoli in marcia;Rettilineo;Una carreggiata a doppio senso;Asciutto;Asfaltata;Verticale;Sereno;Normale;Buona;Ore Diurne;2;0;0;4;12.67219;41.85972;-1;3;Autovettura privata;In marcia / fermata / arresto;Passeggero;M;Illeso;0;;Non accertato;Inesploso
2812931;8;13/05/2016 02:30;Strada Urbana;VIA FURIO CICOGNA;in prossimità;;del palo luce n.;18;;Scontro laterale fra veicoli in marcia;Curva senza visuale libera;Una carreggiata a doppio senso;Asciutto;Asfaltata;Verticale ed orizzontale;Sereno;Scarso;Buona;Sufficiente;1;0;0;2;12.5645;41.92528;-1;1;Autovettura privata;In marcia / fermata / arresto;Conducente;M;Illeso;0;;Non accertato;Inesploso
2812931;8;13/05/2016 02:30;Strada Urbana;VIA FURIO CICOGNA;in prossimità;;del palo luce n.;18;;Scontro laterale fra veicoli in marcia;Curva senza visuale libera;Una carreggiata a doppio senso;Asciutto;Asfaltata;Verticale ed orizzontale;Sereno;Scarso;Buona;Sufficiente;1;0;0;2;12.5645;41.92528;-1;1;Autovettura privata;In marcia / fermata / arresto;Passeggero;M;Illeso;0;;Non accertato;Inesploso
2812931;8;13/05/2016 02:30;Strada Urbana;VIA FURIO CICOGNA;in prossimità;;del palo luce n.;18;;Scontro laterale fra veicoli in marcia;Curva senza visuale libera;Una carreggiata a doppio senso;Asciutto;Asfaltata;Verticale ed orizzontale;Sereno;Scarso;Buona;Sufficiente;1;0;0;2;12.5645;41.92528;-1;2;Motociclo a solo;In marcia / fermata / arresto;Conducente;M;Rimandato;0;NON DECEDUTO;Non accertato;
2812934;6;12/05/2016 13:15;Strada Urbana;VIA TOR DE' SCHIAVI;in corrispondenza;;del civico n.;255;;Tamponamento;Rettilineo;Due carreggiate;Asciutto;Asfaltata;Orizzontale;Nuvoloso;Normale;Buona;Ore Diurne;1;0;0;1;12.561;41.88898;-1;1;Autovettura privata;In marcia / fermata / arresto;Conducente;F;Illeso;0;;;
2812934;6;12/05/2016 13:15;Strada Urbana;VIA TOR DE' SCHIAVI;in corrispondenza;;del civico n.;255;;Tamponamento;Rettilineo;Due carreggiate;Asciutto;Asfaltata;Orizzontale;Nuvoloso;Normale;Buona;Ore Diurne;1;0;0;1;12.561;41.88898;-1;2;Autovettura privata;In marcia / fermata / arresto;Conducente;M;Rimandato;0;NON DECEDUTO;;
2812935;8;12/05/2016 12:50;Strada Urbana;VIA DELLE RONDINI;in corrispondenza;;del civico n.;66;;Investimento di pedone;Rettilineo;Una carreggiata a senso unico di marcia;Asciutto;Asfaltata;Verticale ed orizzontale;Sereno;Scarso;Buona;Ore Diurne;0;1;0;1;12.59369;41.86456;-1;;;;Pedone;F;Prognosi riservata;0;NON DECEDUTO;;
2812935;8;12/05/2016 12:50;Strada Urbana;VIA DELLE RONDINI;in corrispondenza;;del civico n.;66;;Investimento di pedone;Rettilineo;Una carreggiata a senso unico di marcia;Asciutto;Asfaltata;Verticale ed orizzontale;Sereno;Scarso;Buona;Ore Diurne;0;1;0;1;12.59369;41.86456;-1;1;Autocarro inferiore 35 q.;In marcia / fermata / arresto;Conducente;M;Illeso;0;;Non accertato;Inesploso
2812940;6;12/05/2016 18:50;Strada Urbana;VIA CASILINA;in prossimità;;del civico n.;695;;Tamponamento;Rettilineo;Due carreggiate;Asciutto;Asfaltata;Orizzontale;Sereno;Normale;Buona;Ore Diurne;0;0;0;2;12.55221;41.87708;-1;1;Autovettura privata;In marcia / fermata / arresto;Conducente;M;Illeso;0;;Non accertato;
2812940;6;12/05/2016 18:50;Strada Urbana;VIA CASILINA;in prossimità;;del civico n.;695;;Tamponamento;Rettilineo;Due carreggiate;Asciutto;Asfaltata;Orizzontale;Sereno;Normale;Buona;Ore Diurne;0;0;0;2;12.55221;41.87708;-1;2;Autovettura privata;In marcia / fermata / arresto;Conducente;M;Illeso;0;;Non accertato;
2812957;5;12/05/2016 09:20;Strada Urbana;VIA DI GROTTA DI GREGNA;in prossimità;;del civico n.;110;;Scontro laterale fra veicoli in marcia;Rettilineo;Una carreggiata a doppio senso;Bagnato (pioggia);Asfaltata;Orizzontale;Pioggia in atto;Intenso;Buona;Ore Diurne;1;0;0;1;12.5661;41.90478;-1;1;Autovettura privata;In marcia / fermata / arresto;Conducente;M;Illeso;0;;Non accertato;
2812957;5;12/05/2016 09:20;Strada Urbana;VIA DI GROTTA DI GREGNA;in prossimità;;del civico n.;110;;Scontro laterale fra veicoli in marcia;Rettilineo;Una carreggiata a doppio senso;Bagnato (pioggia);Asfaltata;Orizzontale;Pioggia in atto;Intenso;Buona;Ore Diurne;1;0;0;1;12.5661;41.90478;-1;2;Motociclo a solo;In marcia / fermata / arresto;Conducente;M;Rimandato;0;NON DECEDUTO;Non accertato;
2812961;20;12/05/2016 07:35;Strada Urbana;VIA DEL FORO ITALICO;da specificare;;;;direzione Stadio Olimpico pross. Galleria Fleming;Scontro laterale fra veicoli in marcia;Rettilineo;Una carreggiata a senso unico di marcia;Bagnato (pioggia);Asfaltata;Orizzontale;Pioggia in atto;Intenso;Sufficiente;Ore Diurne;2;0;0;1;12.48375;41.93991;-1;1;Autovettura privata;In marcia / fermata / arresto;Conducente;M;Rifiuta cure immediate;0;NON DECEDUTO;Non accertato;
2812961;20;12/05/2016 07:35;Strada Urbana;VIA DEL FORO ITALICO;da specificare;;;;direzione Stadio Olimpico pross. Galleria Fleming;Scontro laterale fra veicoli in marcia;Rettilineo;Una carreggiata a senso unico di marcia;Bagnato (pioggia);Asfaltata;Orizzontale;Pioggia in atto;Intenso;Sufficiente;Ore Diurne;2;0;0;1;12.48375;41.93991;-1;1;Autovettura privata;In marcia / fermata / arresto;Passeggero;F;Rifiuta cure immediate;0;NON DECEDUTO;Non accertato;
2812961;20;12/05/2016 07:35;Strada Urbana;VIA DEL FORO ITALICO;da specificare;;;;direzione Stadio Olimpico pross. Galleria Fleming;Scontro laterale fra veicoli in marcia;Rettilineo;Una carreggiata a senso unico di marcia;Bagnato (pioggia);Asfaltata;Orizzontale;Pioggia in atto;Intenso;Sufficiente;Ore Diurne;2;0;0;1;12.48375;41.93991;-1;2;Autocarro inferiore 35 q.;In marcia / fermata / arresto;Conducente;M;Illeso;0;;Non accertato;Inesploso
2812963;5;12/05/2016 09:40;Strada Urbana;LARGO GIOVANNI PITTALUGA;all'intersezione con;VIA GIOVANNI PITTALUGA;VIA GIOVANNI PITTALUGA;;;Scontro laterale fra veicoli in marcia;Incrocio;Due carreggiate;Bagnato (pioggia);Asfaltata;Verticale ed orizzontale;Pioggia in atto;Normale;Buona;Ore Diurne;0;0;0;4;12.53717;41.89986;-1;1;Autovettura privata;In marcia / fermata / arresto;Conducente;F;Illeso;0;;Non accertato;
2812963;5;12/05/2016 09:40;Strada Urbana;LARGO GIOVANNI PITTALUGA;all'intersezione con;VIA GIOVANNI PITTALUGA;VIA GIOVANNI PITTALUGA;;;Scontro laterale fra veicoli in marcia;Incrocio;Due carreggiate;Bagnato (pioggia);Asfaltata;Verticale ed orizzontale;Pioggia in atto;Normale;Buona;Ore Diurne;0;0;0;4;12.53717;41.89986;-1;2;Autovettura privata;In marcia / fermata / arresto;Conducente;M;Illeso;0;;Non accertato;
2812963;5;12/05/2016 09:40;Strada Urbana;LARGO GIOVANNI PITTALUGA;all'intersezione con;VIA GIOVANNI PITTALUGA;VIA GIOVANNI PITTALUGA;;;Scontro laterale fra veicoli in marcia;Incrocio;Due carreggiate;Bagnato (pioggia);Asfaltata;Verticale ed orizzontale;Pioggia in atto;Normale;Buona;Ore Diurne;0;0;0;4;12.53717;41.89986;-1;2;Autovettura privata;In marcia / fermata / arresto;Passeggero;F;Illeso;0;;Non accertato;
2812963;5;12/05/2016 09:40;Strada Urbana;LARGO GIOVANNI PITTALUGA;all'intersezione con;VIA GIOVANNI PITTALUGA;VIA GIOVANNI PITTALUGA;;;Scontro laterale fra veicoli in marcia;Incrocio;Due carreggiate;Bagnato (pioggia);Asfaltata;Verticale ed orizzontale;Pioggia in atto;Normale;Buona;Ore Diurne;0;0;0;4;12.53717;41.89986;-1;2;Autovettura privata;In marcia / fermata / arresto;Passeggero;F;Illeso;0;;Non accertato;
2812964;6;12/05/2016 19:15;Strada Urbana;VIA PRENESTINA;all'intersezione semaforizzata con;VIA SABAUDIA;VIA SABAUDIA;;;Scontro laterale fra veicoli in marcia;Intersezione semaforizzata;Due carreggiate;Asciutto;Asfaltata;Verticale ed orizzontale;Sereno;Normale;Buona;Ore Diurne;2;0;0;1;12.55754;41.89448;-1;1;Autocarro inferiore 35 q.;In marcia / fermata / arresto;Conducente;M;Illeso;0;;Non accertato;Inesploso
2812964;6;12/05/2016 19:15;Strada Urbana;VIA PRENESTINA;all'intersezione semaforizzata con;VIA SABAUDIA;VIA SABAUDIA;;;Scontro laterale fra veicoli in marcia;Intersezione semaforizzata;Due carreggiate;Asciutto;Asfaltata;Verticale ed orizzontale;Sereno;Normale;Buona;Ore Diurne;2;0;0;1;12.55754;41.89448;-1;2;Motociclo con passeggero;In marcia / fermata / arresto;Conducente;M;Rifiuta cure immediate;0;NON DECEDUTO;Non accertato;
2812964;6;12/05/2016 19:15;Strada Urbana;VIA PRENESTINA;all'intersezione semaforizzata con;VIA SABAUDIA;VIA SABAUDIA;;;Scontro laterale fra veicoli in marcia;Intersezione semaforizzata;Due carreggiate;Asciutto;Asfaltata;Verticale ed orizzontale;Sereno;Normale;Buona;Ore Diurne;2;0;0;1;12.55754;41.89448;-1;2;Motociclo con passeggero;In marcia / fermata / arresto;Passeggero;F;Rifiuta cure immediate;0;NON DECEDUTO;Non accertato;
2812969;20;12/05/2016 10:00;Regionale entro l'abitato;VIA CASSIA;in corrispondenza;;del civico n.;546;;Investimento di pedone;Rettilineo;Una carreggiata a doppio senso;Asciutto;Asfaltata;Orizzontale;Nuvoloso;Normale;Buona;Ore Diurne;1;0;0;2;12.45164;41.96037;-1;;;;Pedone;M;Rimandato;0;NON DECEDUTO;;
2812969;20;12/05/2016 10:00;Regionale entro l'abitato;VIA CASSIA;in corrispondenza;;del civico n.;546;;Investimento di pedone;Rettilineo;Una carreggiata a doppio senso;Asciutto;Asfaltata;Orizzontale;Nuvoloso;Normale;Buona;Ore Diurne;1;0;0;2;12.45164;41.96037;-1;1;Autovettura privata;In marcia / fermata / arresto;Conducente;M;Illeso;0;;;
2812969;20;12/05/2016 10:00;Regionale entro l'abitato;VIA CASSIA;in corrispondenza;;del civico n.;546;;Investimento di pedone;Rettilineo;Una carreggiata a doppio senso;Asciutto;Asfaltata;Orizzontale;Nuvoloso;Normale;Buona;Ore Diurne;1;0;0;2;12.45164;41.96037;-1;1;Autovettura privata;In marcia / fermata / arresto;Passeggero;M;Illeso;0;;;
2812971;6;12/05/2016 18:20;Strada Urbana;VIALE DELLA STAZIONE PRENESTINA;all'intersezione con;VIALE DELLA VENEZIA GIULIA;VIALE DELLA VENEZIA GIULIA;;;Scontro frontale/laterale SX fra veicoli in marcia;Incrocio;Due carreggiate;Asciutto;Asfaltata;Verticale ed orizzontale;Sereno;Normale;Buona;Ore Diurne;0;0;0;2;12.54621;41.89547;-1;1;Autovettura privata;In marcia / fermata / arresto;Conducente;M;Illeso;0;;Non accertato;
2812971;6;12/05/2016 18:20;Strada Urbana;VIALE DELLA STAZIONE PRENESTINA;all'intersezione con;VIALE DELLA VENEZIA GIULIA;VIALE DELLA VENEZIA GIULIA;;;Scontro frontale/laterale SX fra veicoli in marcia;Incrocio;Due carreggiate;Asciutto;Asfaltata;Verticale ed orizzontale;Sereno;Normale;Buona;Ore Diurne;0;0;0;2;12.54621;41.89547;-1;2;Autovettura privata;In marcia / fermata / arresto;Conducente;M;Illeso;0;;Non accertato;
2812975;5;12/05/2016 09:55;Strada Urbana;VIA IGINO GIORDANI;all'intersezione con;PIAZZA EDOARDO PERSICO;PIAZZA EDOARDO PERSICO;;;Scontro laterale fra veicoli in marcia;Rotatoria;Una carreggiata a doppio senso;Bagnato (umidità in atto);Asfaltata;Verticale ed orizzontale;Nuvoloso;Normale;Buona;Ore Diurne;0;0;0;4;12.5597;41.90624;-1;1;Autovettura privata;In marcia / fermata / arresto;Conducente;F;Illeso;0;;Non accertato;
2812975;5;12/05/2016 09:55;Strada Urbana;VIA IGINO GIORDANI;all'intersezione con;PIAZZA EDOARDO PERSICO;PIAZZA EDOARDO PERSICO;;;Scontro laterale fra veicoli in marcia;Rotatoria;Una carreggiata a doppio senso;Bagnato (umidità in atto);Asfaltata;Verticale ed orizzontale;Nuvoloso;Normale;Buona;Ore Diurne;0;0;0;4;12.5597;41.90624;-1;1;Autovettura privata;In marcia / fermata / arresto;Passeggero;F;Illeso;0;;Non utilizzato;
2812975;5;12/05/2016 09:55;Strada Urbana;VIA IGINO GIORDANI;all'intersezione con;PIAZZA EDOARDO PERSICO;PIAZZA EDOARDO PERSICO;;;Scontro laterale fra veicoli in marcia;Rotatoria;Una carreggiata a doppio senso;Bagnato (umidità in atto);Asfaltata;Verticale ed orizzontale;Nuvoloso;Normale;Buona;Ore Diurne;0;0;0;4;12.5597;41.90624;-1;1;Autovettura privata;In marcia / fermata / arresto;Passeggero;F;Illeso;0;;Non accertato;
2812975;5;12/05/2016 09:55;Strada Urbana;VIA IGINO GIORDANI;all'intersezione con;PIAZZA EDOARDO PERSICO;PIAZZA EDOARDO PERSICO;;;Scontro laterale fra veicoli in marcia;Rotatoria;Una carreggiata a doppio senso;Bagnato (umidità in atto);Asfaltata;Verticale ed orizzontale;Nuvoloso;Normale;Buona;Ore Diurne;0;0;0;4;12.5597;41.90624;-1;2;Motociclo a solo;In marcia / fermata / arresto;Conducente;F;Illeso;0;;Non accertato;
2812985;1;12/05/2016 19:50;Strada Urbana;VIA DEL CIRCO MASSIMO;in prossimità;;del palo luce n.;20;;Scontro frontale/laterale SX fra veicoli in marcia;Rettilineo;Una carreggiata a doppio senso;Asciutto;Asfaltata;Orizzontale;Sereno;Intenso;Buona;Ore Diurne;1;0;0;1;12.48626;41.88459;-1;1;Autovettura privata;In marcia / fermata / arresto;Conducente;M;Illeso;0;;Non accertato;Inesploso
2812985;1;12/05/2016 19:50;Strada Urbana;VIA DEL CIRCO MASSIMO;in prossimità;;del palo luce n.;20;;Scontro frontale/laterale SX fra veicoli in marcia;Rettilineo;Una carreggiata a doppio senso;Asciutto;Asfaltata;Orizzontale;Sereno;Intenso;Buona;Ore Diurne;1;0;0;1;12.48626;41.88459;-1;2;Motociclo a solo;In marcia / fermata / arresto;Conducente;M;Ricoverato;0;NON DECEDUTO;Utilizzato;
2812986;6;12/05/2016 23:00;Strada Urbana;VIA CASILINA;in prossimità;;del civico n.;618;;Tamponamento;Rettilineo;Due carreggiate;Asciutto;Asfaltata;Verticale;Sereno;Scarso;Sufficiente;Sufficiente;1;0;0;2;12.55072;41.87719;-1;1;Autovettura privata;In marcia / fermata / arresto;Conducente;M;Illeso;0;;;
2812986;6;12/05/2016 23:00;Strada Urbana;VIA CASILINA;in prossimità;;del civico n.;618;;Tamponamento;Rettilineo;Due carreggiate;Asciutto;Asfaltata;Verticale;Sereno;Scarso;Sufficiente;Sufficiente;1;0;0;2;12.55072;41.87719;-1;2;Autovettura privata;In marcia / fermata / arresto;Conducente;M;Illeso;0;;Non accertato;Inesploso
2812986;6;12/05/2016 23:00;Strada Urbana;VIA CASILINA;in prossimità;;del civico n.;618;;Tamponamento;Rettilineo;Due carreggiate;Asciutto;Asfaltata;Verticale;Sereno;Scarso;Sufficiente;Sufficiente;1;0;0;2;12.55072;41.87719;-1;2;Autovettura privata;In marcia / fermata / arresto;Passeggero;F;Rimandato;0;NON DECEDUTO;Non accertato;Inesploso
2812990;18;12/05/2016 15:10;Strada Urbana;VIA DI BOCCEA;in corrispondenza;;del civico n.;637;;Scontro laterale fra veicoli in marcia;Rettilineo;Una carreggiata a doppio senso;Asciutto;Asfaltata;Verticale ed orizzontale;Sereno;Intenso;Buona;Ore Diurne;0;0;0;2;12.37579;41.92093;-1;1;Autovettura privata;In marcia / fermata / arresto;Conducente;F;Illeso;0;;Non accertato;Inesploso
2812990;18;12/05/2016 15:10;Strada Urbana;VIA DI BOCCEA;in corrispondenza;;del civico n.;637;;Scontro laterale fra veicoli in marcia;Rettilineo;Una carreggiata a doppio senso;Asciutto;Asfaltata;Verticale ed orizzontale;Sereno;Intenso;Buona;Ore Diurne;0;0;0;2;12.37579;41.92093;-1;2;Motociclo a solo;In marcia / fermata / arresto;Conducente;M;Illeso;0;;Non accertato;
2812993;20;13/05/2016 07:30;Strada Urbana;VIA FLAMINIA NUOVA;da specificare;;;;prossimità via Valle Vescovo;Tamponamento Multiplo;Curva a visuale libera;Due carreggiate;Asciutto;Asfaltata;Verticale ed orizzontale;Nuvoloso;Normale;Buona;Ore Diurne;0;0;0;3;12.48999;41.9658;-1;1;Autocarro inferiore 35 q.;In marcia / fermata / arresto;Conducente;M;Illeso;0;;Non accertato;Inesploso
2812993;20;13/05/2016 07:30;Strada Urbana;VIA FLAMINIA NUOVA;da specificare;;;;prossimità via Valle Vescovo;Tamponamento Multiplo;Curva a visuale libera;Due carreggiate;Asciutto;Asfaltata;Verticale ed orizzontale;Nuvoloso;Normale;Buona;Ore Diurne;0;0;0;3;12.48999;41.9658;-1;2;Autovettura privata;In marcia / fermata / arresto;Conducente;F;Illeso;0;;Non accertato;Inesploso
2812993;20;13/05/2016 07:30;Strada Urbana;VIA FLAMINIA NUOVA;da specificare;;;;prossimità via Valle Vescovo;Tamponamento Multiplo;Curva a visuale libera;Due carreggiate;Asciutto;Asfaltata;Verticale ed orizzontale;Nuvoloso;Normale;Buona;Ore Diurne;0;0;0;3;12.48999;41.9658;-1;3;Autovettura privata;In marcia / fermata / arresto;Conducente;F;Illeso;0;;Non accertato;Inesploso
2812996;4;12/05/2016 07:10;Strada Urbana;VIALE TIRRENO;in prossimità;;del civico n.;222;;Investimento di pedone;Rettilineo;Due carreggiate;Bagnato (pioggia);Asfaltata;Verticale ed orizzontale;Pioggia in atto;Normale;Buona;Ore Diurne;1;0;0;1;12.52954;41.94318;-1;;;;Pedone;F;Rimandato;0;NON DECEDUTO;;
2812996;4;12/05/2016 07:10;Strada Urbana;VIALE TIRRENO;in prossimità;;del civico n.;222;;Investimento di pedone;Rettilineo;Due carreggiate;Bagnato (pioggia);Asfaltata;Verticale ed orizzontale;Pioggia in atto;Normale;Buona;Ore Diurne;1;0;0;1;12.52954;41.94318;-1;1;Autocarro inferiore 35 q.;In marcia / fermata / arresto;Conducente;M;Illeso;0;;Non accertato;
2812997;6;13/05/2016 02:15;Strada Urbana;VIA PRENESTINA;all'intersezione semaforizzata con;VIA TOR DE' SCHIAVI;VIA TOR DE' SCHIAVI;;;Scontro frontale/laterale DX fra veicoli in marcia;Intersezione semaforizzata;Due carreggiate;Asciutto;Asfaltata;Verticale ed orizzontale;Sereno;Scarso;Sufficiente;Sufficiente;2;0;0;2;12.55948;41.89478;-1;1;Autovettura privata;In marcia / fermata / arresto;Conducente;F;Rimandato;0;NON DECEDUTO;;
2812997;6;13/05/2016 02:15;Strada Urbana;VIA PRENESTINA;all'intersezione semaforizzata con;VIA TOR DE' SCHIAVI;VIA TOR DE' SCHIAVI;;;Scontro frontale/laterale DX fra veicoli in marcia;Intersezione semaforizzata;Due carreggiate;Asciutto;Asfaltata;Verticale ed orizzontale;Sereno;Scarso;Sufficiente;Sufficiente;2;0;0;2;12.55948;41.89478;-1;1;Autovettura privata;In marcia / fermata / arresto;Passeggero;F;Rifiuta cure immediate;0;NON DECEDUTO;;
2812997;6;13/05/2016 02:15;Strada Urbana;VIA PRENESTINA;all'intersezione semaforizzata con;VIA TOR DE' SCHIAVI;VIA TOR DE' SCHIAVI;;;Scontro frontale/laterale DX fra veicoli in marcia;Intersezione semaforizzata;Due carreggiate;Asciutto;Asfaltata;Verticale ed orizzontale;Sereno;Scarso;Sufficiente;Sufficiente;2;0;0;2;12.55948;41.89478;-1;2;Autovettura privata;In marcia / fermata / arresto;Conducente;M;Illeso;0;;;
2812997;6;13/05/2016 02:15;Strada Urbana;VIA PRENESTINA;all'intersezione semaforizzata con;VIA TOR DE' SCHIAVI;VIA TOR DE' SCHIAVI;;;Scontro frontale/laterale DX fra veicoli in marcia;Intersezione semaforizzata;Due carreggiate;Asciutto;Asfaltata;Verticale ed orizzontale;Sereno;Scarso;Sufficiente;Sufficiente;2;0;0;2;12.55948;41.89478;-1;2;Autovettura privata;In marcia / fermata / arresto;Passeggero;M;Illeso;0;;;Esploso
2812999;18;12/05/2016 13:05;Strada Urbana;VIA DI SELVA CANDIDA;in corrispondenza;;del civico n.;1;;Scontro frontale/laterale SX fra veicoli in marcia;Rettilineo;Una carreggiata a doppio senso;Asciutto;Asfaltata;Verticale ed orizzontale;Sereno;Normale;Buona;Ore Diurne;0;0;0;2;12.37602;41.92112;-1;1;Motociclo a solo;In marcia / fermata / arresto;Conducente;M;Illeso;0;;;
2812999;18;12/05/2016 13:05;Strada Urbana;VIA DI SELVA CANDIDA;in corrispondenza;;del civico n.;1;;Scontro frontale/laterale SX fra veicoli in marcia;Rettilineo;Una carreggiata a doppio senso;Asciutto;Asfaltata;Verticale ed orizzontale;Sereno;Normale;Buona;Ore Diurne;0;0;0;2;12.37602;41.92112;-1;2;Autovettura privata;In marcia / fermata / arresto;Conducente;F;Illeso;0;;;
2813006;7;12/05/2016 19:15;Strada Urbana;VIA FILIPPO SMALDONE;all'intersezione con;VIA GIACOMO BRESADOLA;VIA GIACOMO BRESADOLA;;;Scontro frontale/laterale SX fra veicoli in marcia;Incrocio;Una carreggiata a doppio senso;Asciutto;Asfaltata;Assente;Sereno;Normale;Sufficiente;Sufficiente;0;0;0;3;12.56107;41.89382;-1;1;Autovettura privata;In marcia / fermata / arresto;Conducente;M;Illeso;0;;Non accertato;Inesploso