Protocollo;Gruppo;DataOraIncidente;Localizzazione1;STRADA1;Localizzazione2;STRADA2;Strada02;Chilometrica;DaSpecificare;NaturaIncidente;particolaritastrade;TipoStrada;FondoStradale;Pavimentazione;Segnaletica;CondizioneAtmosferica;Traffico;Visibilita;Illuminazione;NUM_FERITI;NUM_RISERVATA;NUM_MORTI;NUM_ILLESI;Longitudine;Latitudine;Confermato;Progressivo;TipoVeicolo;StatoVeicolo;TipoPersona;Sesso;Tipolesione;Deceduto;DecedutoDopo;CinturaCascoUtilizzato;Airbag
2816917;4;14/05/2016 14:51;Statale entro l'abitato;VIA SALARIA;da specificare;;;;prossimità via Grottazzolina;Tamponamento Multiplo;Rettilineo;Due carreggiate;Bagnato (pioggia);Asfaltata;Verticale ed orizzontale;Nuvoloso;Normale;Buona;Ore Diurne;0;0;0;5;12.55897;42.02576;-1;1;Autovettura privata;In marcia / fermata / arresto;Conducente;F;Illeso;0;;Non accertato;Inesploso
2816917;4;14/05/2016 14:51;Statale entro l'abitato;VIA SALARIA;da specificare;;;;prossimità via Grottazzolina;Tamponamento Multiplo;Rettilineo;Due carreggiate;Bagnato (pioggia);Asfaltata;Verticale ed orizzontale;Nuvoloso;Normale;Buona;Ore Diurne;0;0;0;5;12.55897;42.02576;-1;2;Autovettura privata;In marcia / fermata / arresto;Conducente;M;Illeso;0;;Non accertato;Inesploso
2816917;4;14/05/2016 14:51;Statale entro l'abitato;VIA SALARIA;da specificare;;;;prossimità via Grottazzolina;Tamponamento Multiplo;Rettilineo;Due carreggiate;Bagnato (pioggia);Asfaltata;Verticale ed orizzontale;Nuvoloso;Normale;Buona;Ore Diurne;0;0;0;5;12.55897;42.02576;-1;2;Autovettura privata;In marcia / fermata / arresto;Passeggero;F;Illeso;0;;Non accertato;Inesploso
2816917;4;14/05/2016 14:51;Statale entro l'abitato;VIA SALARIA;da specificare;;;;prossimità via Grottazzolina;Tamponamento Multiplo;Rettilineo;Due carreggiate;Bagnato (pioggia);Asfaltata;Verticale ed orizzontale;Nuvoloso;Normale;Buona;Ore Diurne;0;0;0;5;12.55897;42.02576;-1;2;Autovettura privata;In marcia / fermata / arresto;Passeggero;M;Illeso;0;;Non accertato;Inesploso
2816917;4;14/05/2016 14:51;Statale entro l'abitato;VIA SALARIA;da specificare;;;;prossimità via Grottazzolina;Tamponamento Multiplo;Rettilineo;Due carreggiate;Bagnato (pioggia);Asfaltata;Verticale ed orizzontale;Nuvoloso;Normale;Buona;Ore Diurne;0;0;0;5;12.55897;42.02576;-1;3;Autovettura privata;In marcia / fermata / arresto;Conducente;M;Illeso;0;;Non accertato;Inesploso
2816918;4;14/05/2016 12:55;Provinciale entro l'abitato;VIA NOMENTANA;in corrispondenza;;della chilometrica;13.4;;Veicolo in marcia contro ostacolo accidentale;Rettilineo;Una carreggiata a doppio senso;Bagnato (pioggia);Asfaltata;Orizzontale;Pioggia in atto;Normale;Sufficiente;Ore Diurne;0;0;0;1;12.60006;41.96687;-1;1;Autovettura privata;In marcia / fermata / arresto;Conducente;M;Illeso;0;;;
2816940;2;15/05/2016 15:45;Strada Urbana;VIA DEI MONTI PARIOLI;in corrispondenza;;del civico n.;34/a;;Veicolo in marcia contro veicoli in sosta;Rettilineo;Una carreggiata a senso unico di marcia;Bagnato (pioggia);Asfaltata;Verticale ed orizzontale;Pioggia in atto;Normale;Buona;Ore Diurne;0;0;0;1;12.47595;41.92241;-1;1;Autovettura privata;In marcia / fermata / arresto;Conducente;M;Illeso;0;;;
2816945;2;15/05/2016 12:40;Strada Urbana;VIALE MARESCIALLO PILSUDSKI;da specificare;;;;fronte civ. 40/f;Veicolo in marcia contro veicolo arresto;Rettilineo;Una carreggiata a doppio senso;Asciutto;Asfaltata;Verticale ed orizzontale;Sereno;Normale;Buona;Ore Diurne;0;0;0;3;12.47578;41.928;-1;1;Motociclo a solo;In marcia / fermata / arresto;Conducente;M;Illeso;0;;;
2816945;2;15/05/2016 12:40;Strada Urbana;VIALE MARESCIALLO PILSUDSKI;da specificare;;;;fronte civ. 40/f;Veicolo in marcia contro veicolo arresto;Rettilineo;Una carreggiata a doppio senso;Asciutto;Asfaltata;Verticale ed orizzontale;Sereno;Normale;Buona;Ore Diurne;0;0;0;3;12.47578;41.928;-1;2;Autovettura privata;In marcia / fermata / arresto;Conducente;M;Illeso;0;;Non accertato;Inesploso
2816945;2;15/05/2016 12:40;Strada Urbana;VIALE MARESCIALLO PILSUDSKI;da specificare;;;;fronte civ. 40/f;Veicolo in marcia contro veicolo arresto;Rettilineo;Una carreggiata a doppio senso;Asciutto;Asfaltata;Verticale ed orizzontale;Sereno;Normale;Buona;Ore Diurne;0;0;0;3;12.47578;41.928;-1;2;Autovettura privata;In marcia / fermata / arresto;Passeggero;F;Illeso;0;;Non accertato;Inesploso
2816950;17;13/05/2016 04:00;Strada Urbana;VIA LEONE IV;all'intersezione semaforizzata con;VIA CANDIA;VIA CANDIA;;;Scontro frontale/laterale SX fra veicoli in marcia;Intersezione semaforizzata;Una carreggiata a doppio senso;Asciutto;Asfaltata;Verticale ed orizzontale;Sereno;Scarso;Buona;Sufficiente;0;1;0;1;12.45534;41.90871;-1;1;Autovettura privata;In marcia / fermata / arresto;Conducente;M;Illeso;0;;Non accertato;Esploso
2816950;17;13/05/2016 04:00;Strada Urbana;VIA LEONE IV;all'intersezione semaforizzata con;VIA CANDIA;VIA CANDIA;;;Scontro frontale/laterale SX fra veicoli in marcia;Intersezione semaforizzata;Una carreggiata a doppio senso;Asciutto;Asfaltata;Verticale ed orizzontale;Sereno;Scarso;Buona;Sufficiente;0;1;0;1;12.45534;41.90871;-1;2;Motociclo con passeggero;In marcia / fermata / arresto;Conducente;M;Prognosi riservata;0;NON DECEDUTO;Non accertato;
2816963;4;14/05/2016 12:00;Strada Urbana;VIA RENATO FUCINI;in prossimità;;del civico n.;83;;Scontro laterale fra veicoli in marcia;Rettilineo;Due carreggiate;Bagnato (pioggia);Asfaltata;Verticale ed orizzontale;Pioggia in atto;Normale;Buona;Ore Diurne;0;0;0;3;12.54769;41.95183;-1;1;Autovettura privata;In marcia / fermata / arresto;Conducente;M;Illeso;0;;;
2816963;4;14/05/2016 12:00;Strada Urbana;VIA RENATO FUCINI;in prossimità;;del civico n.;83;;Scontro laterale fra veicoli in marcia;Rettilineo;Due carreggiate;Bagnato (pioggia);Asfaltata;Verticale ed orizzontale;Pioggia in atto;Normale;Buona;Ore Diurne;0;0;0;3;12.54769;41.95183;-1;1;Autovettura privata;In marcia / fermata / arresto;Passeggero;M;Illeso;0;;;
2816963;4;14/05/2016 12:00;Strada Urbana;VIA RENATO FUCINI;in prossimità;;del civico n.;83;;Scontro laterale fra veicoli in marcia;Rettilineo;Due carreggiate;Bagnato (pioggia);Asfaltata;Verticale ed orizzontale;Pioggia in atto;Normale;Buona;Ore Diurne;0;0;0;3;12.54769;41.95183;-1;2;Autovettura privata;In marcia / fermata / arresto;Conducente;F;Illeso;0;;;
2816981;20;16/05/2016 11:00;Regionale entro l'abitato;VIA FLAMINIA;all'intersezione con;VIA GIROLAMO BOCCARDO;VIA GIROLAMO BOCCARDO;;;Veicolo in marcia contro ostacolo accidentale;Intersezione stradale segnalata;Una carreggiata a doppio senso;Asciutto;Asfaltata;Verticale ed orizzontale;Sereno;Normale;Buona;Ore Diurne;0;0;0;1;12.47183;41.94192;-1;1;Motociclo a solo;In marcia / fermata / arresto;Conducente;M;Illeso;0;;;
2816997;4;13/05/2016 14:15;Strada Urbana;VIA UGO OJETTI;all'intersezione con;VIA POLICARPO PETROCCHI;VIA POLICARPO PETROCCHI;;;Scontro frontale/laterale DX fra veicoli in marcia;Intersezione stradale segnalata;Due carreggiate;Asciutto;Asfaltata;Verticale ed orizzontale;Sereno;Normale;Buona;Ore Diurne;1;0;0;5;12.55518;41.94756;-1;1;Autobus di linea;In marcia / fermata / arresto;Conducente;M;Illeso;0;;;
2816997;4;13/05/2016 14:15;Strada Urbana;VIA UGO OJETTI;all'intersezione con;VIA POLICARPO PETROCCHI;VIA POLICARPO PETROCCHI;;;Scontro frontale/laterale DX fra veicoli in marcia;Intersezione stradale segnalata;Due carreggiate;Asciutto;Asfaltata;Verticale ed orizzontale;Sereno;Normale;Buona;Ore Diurne;1;0;0;5;12.55518;41.94756;-1;1;Autobus di linea;In marcia / fermata / arresto;Passeggero;M;Rimandato;0;NON DECEDUTO;Non accertato;
2816997;4;13/05/2016 14:15;Strada Urbana;VIA UGO OJETTI;all'intersezione con;VIA POLICARPO PETROCCHI;VIA POLICARPO PETROCCHI;;;Scontro frontale/laterale DX fra veicoli in marcia;Intersezione stradale segnalata;Due carreggiate;Asciutto;Asfaltata;Verticale ed orizzontale;Sereno;Normale;Buona;Ore Diurne;1;0;0;5;12.55518;41.94756;-1;2;Autovettura privata;In marcia / fermata / arresto;Conducente;M;Illeso;0;;Non accertato;Inesploso
2816997;4;13/05/2016 14:15;Strada Urbana;VIA UGO OJETTI;all'intersezione con;VIA POLICARPO PETROCCHI;VIA POLICARPO PETROCCHI;;;Scontro frontale/laterale DX fra veicoli in marcia;Intersezione stradale segnalata;Due carreggiate;Asciutto;Asfaltata;Verticale ed orizzontale;Sereno;Normale;Buona;Ore Diurne;1;0;0;5;12.55518;41.94756;-1;2;Autovettura privata;In marcia / fermata / arresto;Passeggero;F;Illeso;0;;Non accertato;
2816997;4;13/05/2016 14:15;Strada Urbana;VIA UGO OJETTI;all'intersezione con;VIA POLICARPO PETROCCHI;VIA POLICARPO PETROCCHI;;;Scontro frontale/laterale DX fra veicoli in marcia;Intersezione stradale segnalata;Due carreggiate;Asciutto;Asfaltata;Verticale ed orizzontale;Sereno;Normale;Buona;Ore Diurne;1;0;0;5;12.55518;41.94756;-1;2;Autovettura privata;In marcia / fermata / arresto;Passeggero;F;Illeso;0;;Non accertato;Inesploso
2816998;4;15/05/2016 03:00;Strada Urbana;VIA MONTE MALOIA;in prossimità;;del civico n.;24;;Veicolo in marcia contro veicoli in sosta;Rettilineo;Una carreggiata a doppio senso;Asciutto;Asfaltata;Assente;Sereno;Scarso;Buona;Ore Diurne;0;0;0;1;12.53777;41.9346;-1;3;Autovettura privata;In marcia / fermata / arresto;Conducente;M;Illeso;0;;Non accertato;Inesploso
2816999;17;13/05/2016 09:15;Strada Urbana;VIA CIPRO;da specificare;;;;in prossimità del civ. 11 (altezza fermata METRO);Scontro frontale/laterale DX fra veicoli in marcia;Rettilineo;Due carreggiate;Asciutto;Asfaltata;Verticale ed orizzontale;Nuvoloso;Normale;Buona;Ore Diurne;1;0;0;2;12.44675;41.90713;-1;1;Autovettura privata;In marcia / fermata / arresto;Conducente;F;Illeso;0;;;
2816999;17;13/05/2016 09:15;Strada Urbana;VIA CIPRO;da specificare;;;;in prossimità del civ. 11 (altezza fermata METRO);Scontro frontale/laterale DX fra veicoli in marcia;Rettilineo;Due carreggiate;Asciutto;Asfaltata;Verticale ed orizzontale;Nuvoloso;Normale;Buona;Ore Diurne;1;0;0;2;12.44675;41.90713;-1;1;Autovettura privata;In marcia / fermata / arresto;Passeggero;F;Illeso;0;;;
2816999;17;13/05/2016 09:15;Strada Urbana;VIA CIPRO;da specificare;;;;in prossimità del civ. 11 (altezza fermata METRO);Scontro frontale/laterale DX fra veicoli in marcia;Rettilineo;Due carreggiate;Asciutto;Asfaltata;Verticale ed orizzontale;Nuvoloso;Normale;Buona;Ore Diurne;1;0;0;2;12.44675;41.90713;-1;2;Motociclo a solo;In marcia / fermata / arresto;Conducente;M;Rimandato;0;NON DECEDUTO;;
2817002;4;15/05/2016 20:45;Strada Urbana;VIA NOMENTANA;in corrispondenza;;del civico n.;572;;Scontro frontale/laterale SX fra veicoli in marcia;Rettilineo;Una carreggiata a doppio senso;Bagnato (pioggia);Asfaltata;Orizzontale;Nuvoloso;Normale;Buona;Sufficiente;1;0;0;1;12.5393;41.93679;-1;1;Autovettura privata;In marcia / fermata / arresto;Conducente;M;Illeso;0;;Non accertato;
2817002;4;15/05/2016 20:45;Strada Urbana;VIA NOMENTANA;in corrispondenza;;del civico n.;572;;Scontro frontale/laterale SX fra veicoli in marcia;Rettilineo;Una carreggiata a doppio senso;Bagnato (pioggia);Asfaltata;Orizzontale;Nuvoloso;Normale;Buona;Sufficiente;1;0;0;1;12.5393;41.93679;-1;2;Autovettura privata;In marcia / fermata / arresto;Conducente;F;Rimandato;0;NON DECEDUTO;Non accertato;
2817007;20;16/05/2016 11:05;Regionale entro l'abitato;VIA FLAMINIA;da specificare;;;;altezza via Boccardo;Veicolo in marcia contro ostacolo accidentale;Rettilineo;Una carreggiata a doppio senso;Viscido da liquidi oleosi;Asfaltata;Verticale ed orizzontale;Sereno;Normale;Buona;Ore Diurne;1;0;0;0;12.47197;41.94224;-1;1;Motociclo a solo;In marcia / fermata / arresto;Conducente;M;Rimandato;0;NON DECEDUTO;;
2817008;12;14/05/2016 09:45;Strada Urbana;VIALE BARTOLOMEO CAVACEPPI;all'intersezione con;VIALE LUIGI GUGLIELMI;VIALE LUIGI GUGLIELMI;;;Scontro laterale fra veicoli in marcia;Rotatoria;Due carreggiate;Bagnato (pioggia);Asfaltata;Verticale ed orizzontale;Pioggia in atto;Scarso;Sufficiente;Ore Diurne;0;0;0;2;12.43059;41.79858;-1;1;Autovettura privata;In marcia / fermata / arresto;Conducente;F;Illeso;0;;Non accertato;Inesploso
2817008;12;14/05/2016 09:45;Strada Urbana;VIALE BARTOLOMEO CAVACEPPI;all'intersezione con;VIALE LUIGI GUGLIELMI;VIALE LUIGI GUGLIELMI;;;Scontro laterale fra veicoli in marcia;Rotatoria;Due carreggiate;Bagnato (pioggia);Asfaltata;Verticale ed orizzontale;Pioggia in atto;Scarso;Sufficiente;Ore Diurne;0;0;0;2;12.43059;41.79858;-1;2;Autovettura privata;In marcia / fermata / arresto;Conducente;F;Illeso;0;;Esente;Inesploso
2817011;19;14/05/2016 02:50;Strada Urbana;VIA CASSIA;all'intersezione con;VIA DI VILLA LAUCHLI;VIA DI VILLA LAUCHLI;;;Scontro frontale/laterale DX fra veicoli in marcia;Intersezione stradale segnalata;Una carreggiata a doppio senso;Asciutto;Asfaltata;Verticale ed orizzontale;Nuvoloso;Scarso;Sufficiente;Insufficiente;0;0;0;3;12.45891;41.95638;-1;1;Autovettura privata;In marcia / fermata / arresto;Conducente;M;Illeso;0;;Non accertato;Inesploso
2817011;19;14/05/2016 02:50;Strada Urbana;VIA CASSIA;all'intersezione con;VIA DI VILLA LAUCHLI;VIA DI VILLA LAUCHLI;;;Scontro frontale/laterale DX fra veicoli in marcia;Intersezione stradale segnalata;Una carreggiata a doppio senso;Asciutto;Asfaltata;Verticale ed orizzontale;Nuvoloso;Scarso;Sufficiente;Insufficiente;0;0;0;3;12.45891;41.95638;-1;1;Autovettura privata;In marcia / fermata / arresto;Passeggero;F;Illeso;0;;Non accertato;Inesploso
2817011;19;14/05/2016 02:50;Strada Urbana;VIA CASSIA;all'intersezione con;VIA DI VILLA LAUCHLI;VIA DI VILLA LAUCHLI;;;Scontro frontale/laterale DX fra veicoli in marcia;Intersezione stradale segnalata;Una carreggiata a doppio senso;Asciutto;Asfaltata;Verticale ed orizzontale;Nuvoloso;Scarso;Sufficiente;Insufficiente;0;0;0;3;12.45891;41.95638;-1;2;Autovettura privata;In marcia / fermata / arresto;Conducente;F;Illeso;0;;Non accertato;Inesploso
2817019;20;16/05/2016 11:10;Regionale entro l'abitato;VIA FLAMINIA;in corrispondenza;;del civico n.;672;;Veicolo in marcia contro ostacolo accidentale;Rettilineo;Una carreggiata a doppio senso;Viscido da liquidi oleosi;Asfaltata;Verticale ed orizzontale;Sereno;Normale;Buona;Ore Diurne;1;0;0;0;12.47212;41.94301;-1;1;Motociclo a solo;In marcia / fermata / arresto;Conducente;M;Ricoverato;0;NON DECEDUTO;;
2817022;12;16/05/2016 09:50;Strada Urbana;VIALE DON PASQUINO BORGHI;all'intersezione semaforizzata con;VIA DOMENICO JACHINO;VIA DOMENICO JACHINO;;;Scontro laterale fra veicoli in marcia;Intersezione semaforizzata;Due carreggiate;Asciutto;Asfaltata;Verticale ed orizzontale;Sereno;Normale;Buona;Ore Diurne;0;0;0;3;12.44596;41.80892;-1;1;Autocarro inferiore 35 q.;In marcia / fermata / arresto;Conducente;M;Illeso;0;;Utilizzato;Inesploso
2817022;12;16/05/2016 09:50;Strada Urbana;VIALE DON PASQUINO BORGHI;all'intersezione semaforizzata con;VIA DOMENICO JACHINO;VIA DOMENICO JACHINO;;;Scontro laterale fra veicoli in marcia;Intersezione semaforizzata;Due carreggiate;Asciutto;Asfaltata;Verticale ed orizzontale;Sereno;Normale;Buona;Ore Diurne;0;0;0;3;12.44596;41.80892;-1;2;Macchina operatrice;Allontanatosi;Conducente;M;Illeso;0;;Utilizzato;Inesploso
2817022;12;16/05/2016 09:50;Strada Urbana;VIALE DON PASQUINO BORGHI;all'intersezione semaforizzata con;VIA DOMENICO JACHINO;VIA DOMENICO JACHINO;;;Scontro laterale fra veicoli in marcia;Intersezione semaforizzata;Due carreggiate;Asciutto;Asfaltata;Verticale ed orizzontale;Sereno;Normale;Buona;Ore Diurne;0;0;0;3;12.44596;41.80892;-1;2;Macchina operatrice;Allontanatosi;Passeggero;M;Illeso;0;;Utilizzato;Inesploso
2817030;19;14/05/2016 15:00;Strada Urbana;VIA BRACCIANENSE NUOVA;in prossimità;;della chilometrica;0.35;;Fuoriuscita dalla sede stradale;Curva senza visuale libera;Una carreggiata a doppio senso;Bagnato (pioggia);Asfaltata;Verticale ed orizzontale;Pioggia in atto;Normale;Sufficiente;Ore Diurne;0;0;0;1;12.37291;42.01025;-1;1;Autovettura privata;In marcia / fermata / arresto;Conducente;M;Illeso;0;;Non accertato;Inesploso
2817035;4;15/05/2016 14:50;Strada Urbana;VIA MONTE CERVIALTO;all'intersezione semaforizzata con;LARGO RENATO ANGIOLILLO;LARGO RENATO ANGIOLILLO;;;Scontro frontale/laterale DX fra veicoli in marcia;Intersezione semaforizzata;Una carreggiata a doppio senso;Asciutto;Asfaltata;Verticale ed orizzontale;Nuvoloso;Scarso;Buona;Ore Diurne;0;0;0;2;12.52321;41.95425;-1;1;Autovettura privata;In marcia / fermata / arresto;Conducente;F;Illeso;0;;;
2817035;4;15/05/2016 14:50;Strada Urbana;VIA MONTE CERVIALTO;all'intersezione semaforizzata con;LARGO RENATO ANGIOLILLO;LARGO RENATO ANGIOLILLO;;;Scontro frontale/laterale DX fra veicoli in marcia;Intersezione semaforizzata;Una carreggiata a doppio senso;Asciutto;Asfaltata;Verticale ed orizzontale;Nuvoloso;Scarso;Buona;Ore Diurne;0;0;0;2;12.52321;41.95425;-1;2;Autovettura privata;In marcia / fermata / arresto;Conducente;M;Illeso;0;;;
2817044;12;14/05/2016 10:30;Strada Urbana;VIA GIORGIO SARS;da specificare;;;;fronte civico 33;Veicolo in marcia contro veicolo in sosta;Rettilineo;Una carreggiata a doppio senso;Bagnato (pioggia);Asfaltata;Assente;Pioggia in atto;Scarso;Buona;Ore Diurne;0;0;0;1;12.52165;41.79028;-1;2;Autovettura privata;In marcia / fermata / arresto;Conducente;F;Illeso;0;;Utilizzato;Inesploso
2817072;19;15/05/2016 16:40;Strada Urbana;VIA DELLA PINETA SACCHETTI;all'intersezione con;VIA DI S. CLETO PAPA;VIA DI S. CLETO PAPA;;;Veicolo in marcia contro veicolo arresto;Incrocio;Una carreggiata a senso unico di marcia;Asciutto;Asfaltata;Verticale ed orizzontale;Nuvoloso;Normale;Buona;Ore Diurne;0;0;0;3;12.42377;41.92228;-1;1;Autovettura privata;In marcia / fermata / arresto;Conducente;M;Illeso;0;;;
2817072;19;15/05/2016 16:40;Strada Urbana;VIA DELLA PINETA SACCHETTI;all'intersezione con;VIA DI S. CLETO PAPA;VIA DI S. CLETO PAPA;;;Veicolo in marcia contro veicolo arresto;Incrocio;Una carreggiata a senso unico di marcia;Asciutto;Asfaltata;Verticale ed orizzontale;Nuvoloso;Normale;Buona;Ore Diurne;0;0;0;3;12.42377;41.92228;-1;1;Autovettura privata;In marcia / fermata / arresto;Passeggero;F;Illeso;0;;;
2817072;19;15/05/2016 16:40;Strada Urbana;VIA DELLA PINETA SACCHETTI;all'intersezione con;VIA DI S. CLETO PAPA;VIA DI S. CLETO PAPA;;;Veicolo in marcia contro veicolo arresto;Incrocio;Una carreggiata a senso unico di marcia;Asciutto;Asfaltata;Verticale ed orizzontale;Nuvoloso;Normale;Buona;Ore Diurne;0;0;0;3;12.42377;41.92228;-1;2;Autovettura privata;In marcia / fermata / arresto;Conducente;M;Illeso;0;;;
2817075;1;15/05/2016 11:40;Strada Urbana;VIA LEON BATTISTA ALBERTI;all'intersezione con;VIA SALVATOR ROSA;VIA SALVATOR ROSA;;;Scontro laterale fra veicoli in marcia;Incrocio;Una carreggiata a doppio senso;Asciutto;Asfaltata;Verticale ed orizzontale;Sereno;Normale;Buona;Ore Diurne;1;0;0;2;12.48719;41.87896;-1;1;Autovettura privata;In marcia / fermata / arresto;Conducente;M;Rimandato;0;NON DECEDUTO;Non accertato;Inesploso
2817075;1;15/05/2016 11:40;Strada Urbana;VIA LEON BATTISTA ALBERTI;all'intersezione con;VIA SALVATOR ROSA;VIA SALVATOR ROSA;;;Scontro laterale fra veicoli in marcia;Incrocio;Una carreggiata a doppio senso;Asciutto;Asfaltata;Verticale ed orizzontale;Sereno;Normale;Buona;Ore Diurne;1;0;0;2;12.48719;41.87896;-1;1;Autovettura privata;In marcia / fermata / arresto;Passeggero;F;Illeso;0;;Non accertato;Inesploso
2817075;1;15/05/2016 11:40;Strada Urbana;VIA LEON BATTISTA ALBERTI;all'intersezione con;VIA SALVATOR ROSA;VIA SALVATOR ROSA;;;Scontro laterale fra veicoli in marcia;Incrocio;Una carreggiata a doppio senso;Asciutto;Asfaltata;Verticale ed orizzontale;Sereno;Normale;Buona;Ore Diurne;1;0;0;2;12.48719;41.87896;-1;2;Autovettura privata;In marcia / fermata / arresto;Conducente;M;Illeso;0;;Non accertato;Esploso
2817077;10;16/05/2016 12:00;Strada Urbana;VIA ROCCA IMPERIALE;in prossimità;;del civico n.;44;;Scontro frontale/laterale SX fra veicoli in marcia;Rettilineo;Una carreggiata a doppio senso;Asciutto;Asfaltata;Assente;Sereno;Normale;Buona;Ore Diurne;0;0;0;3;12.61127;41.82275;-1;1;Autovettura privata;In marcia / fermata / arresto;Conducente;F;Illeso;0;;Non accertato;Inesploso
2817077;10;16/05/2016 12:00;Strada Urbana;VIA ROCCA IMPERIALE;in prossimità;;del civico n.;44;;Scontro frontale/laterale SX fra veicoli in marcia;Rettilineo;Una carreggiata a doppio senso;Asciutto;Asfaltata;Assente;Sereno;Normale;Buona;Ore Diurne;0;0;0;3;12.61127;41.82275;-1;1;Autovettura privata;In marcia / fermata / arresto;Passeggero;F;Illeso;0;;Non accertato;Inesploso
2817077;10;16/05/2016 12:00;Strada Urbana;VIA ROCCA IMPERIALE;in prossimità;;del civico n.;44;;Scontro frontale/laterale SX fra veicoli in marcia;Rettilineo;Una carreggiata a doppio senso;Asciutto;Asfaltata;Assente;Sereno;Normale;Buona;Ore Diurne;0;0;0;3;12.61127;41.82275;-1;2;Autovettura privata;In marcia / fermata / arresto;Conducente;M;Illeso;0;;Non accertato;Inesploso
2817089;17;14/05/2016 11:45;Strada Urbana;VIALE GIUSEPPE MAZZINI;all'intersezione con;VIA FULCIERI PAULUCCI DE CALBOLI;VIA FULCIERI PAULUCCI DE CALBOLI;;;Scontro frontale/laterale DX fra veicoli in marcia;Incrocio;Due carreggiate;Bagnato (pioggia);Asfaltata;Verticale ed orizzontale;Pioggia in atto;Normale;Sufficiente;Ore Diurne;0;0;0;2;12.46287;41.91582;-1;1;Autovettura privata;In marcia / fermata / arresto;Conducente;M;Illeso;0;;Non accertato;Inesploso
2817089;17;14/05/2016 11:45;Strada Urbana;VIALE GIUSEPPE MAZZINI;all'intersezione con;VIA FULCIERI PAULUCCI DE CALBOLI;VIA FULCIERI PAULUCCI DE CALBOLI;;;Scontro frontale/laterale DX fra veicoli in marcia;Incrocio;Due carreggiate;Bagnato (pioggia);Asfaltata;Verticale ed orizzontale;Pioggia in atto;Normale;Sufficiente;Ore Diurne;0;0;0;2;12.46287;41.91582;-1;2;Quadriciclo leggero;In marcia / fermata / arresto;Conducente;F;Illeso;0;;Non accertato;Inesploso
2817091;12;14/05/2016 23:20;Strada Urbana;VIALE DELL'UMANESIMO;da specificare;;;;altezza P.LE NERVI;Scontro laterale fra veicoli in marcia;Rettilineo;Una carreggiata a doppio senso;Asciutto;Asfaltata;Verticale ed orizzontale;Nuvoloso;Intenso;Buona;Sufficiente;0;0;0;2;12.47036;41.82301;-1;1;Autobus urbano;In marcia / fermata / arresto;Conducente;M;Illeso;0;;Non accertato;Inesistente
2817091;12;14/05/2016 23:20;Strada Urbana;VIALE DELL'UMANESIMO;da specificare;;;;altezza P.LE NERVI;Scontro laterale fra veicoli in marcia;Rettilineo;Una carreggiata a doppio senso;Asciutto;Asfaltata;Verticale ed orizzontale;Nuvoloso;Intenso;Buona;Sufficiente;0;0;0;2;12.47036;41.82301;-1;2;Autovettura privata;In marcia / fermata / arresto;Conducente;M;Illeso;0;;Non accertato;Inesistente
2817092;4;15/05/2016 07:45;Strada Urbana;VIA CAVRIGLIA;in corrispondenza;;del civico n.;28;;Veicolo in marcia contro veicolo in sosta;Rettilineo;Una carreggiata a doppio senso;Asciutto;Asfaltata;Verticale ed orizzontale;Sereno;Scarso;Buona;Ore Diurne;0;0;0;2;12.51503;41.94783;-1;1;Autovettura privata;In marcia / fermata / arresto;Conducente;M;Illeso;0;;;
2817092;4;15/05/2016 07:45;Strada Urbana;VIA CAVRIGLIA;in corrispondenza;;del civico n.;28;;Veicolo in marcia contro veicolo in sosta;Rettilineo;Una carreggiata a doppio senso;Asciutto;Asfaltata;Verticale ed orizzontale;Sereno;Scarso;Buona;Ore Diurne;0;0;0;2;12.51503;41.94783;-1;1;Autovettura privata;In marcia / fermata / arresto;Passeggero;M;Illeso;0;;;
2817096;6;16/05/2016 11:55;Strada Urbana;VIA NICOLO' FORTEGUERRI;in corrispondenza;;del civico n.;7;;Scontro laterale fra veicoli in marcia;Rettilineo;Una carreggiata a doppio senso;Asciutto;Asfaltata;Orizzontale;Sereno;Normale;Buona;Ore Diurne;0;0;0;2;12.5409;41.89155;-1;1;Autovettura privata;In marcia / fermata / arresto;Conducente;M;Illeso;0;;Non accertato;Inesploso
2817096;6;16/05/2016 11:55;Strada Urbana;VIA NICOLO' FORTEGUERRI;in corrispondenza;;del civico n.;7;;Scontro laterale fra veicoli in marcia;Rettilineo;Una carreggiata a doppio senso;Asciutto;Asfaltata;Orizzontale;Sereno;Normale;Buona;Ore Diurne;0;0;0;2;12.5409;41.89155;-1;2;Autovettura privata;In marcia / fermata / arresto;Conducente;M;Illeso;0;;Non accertato;Inesploso
2817098;4;15/05/2016 12:15;Strada Urbana;VIALE ADRIATICO;in corrispondenza;;del civico n.;145;;Tamponamento;Rettilineo;Una carreggiata a senso unico di marcia;Asciutto;Asfaltata;Verticale ed orizzontale;Nuvoloso;Normale;Buona;Ore Diurne;1;0;0;1;12.53736;41.94351;-1;1;Autovettura privata;In marcia / fermata / arresto;Conducente;M;Illeso;0;;;