Protocollo;Gruppo;DataOraIncidente;Localizzazione1;STRADA1;Localizzazione2;STRADA2;Strada02;Chilometrica;DaSpecificare;NaturaIncidente;particolaritastrade;TipoStrada;FondoStradale;Pavimentazione;Segnaletica;CondizioneAtmosferica;Traffico;Visibilita;Illuminazione;NUM_FERITI;NUM_RISERVATA;NUM_MORTI;NUM_ILLESI;Longitudine;Latitudine;Confermato;Progressivo;TipoVeicolo;StatoVeicolo;TipoPersona;Sesso;Tipolesione;Deceduto;DecedutoDopo;CinturaCascoUtilizzato;Airbag
2817098;4;15/05/2016 12:15;Strada Urbana;VIALE ADRIATICO;in corrispondenza;;del civico n.;145;;Tamponamento;Rettilineo;Una carreggiata a senso unico di marcia;Asciutto;Asfaltata;Verticale ed orizzontale;Nuvoloso;Normale;Buona;Ore Diurne;1;0;0;1;12.53736;41.94351;-1;2;Motociclo a solo;In marcia / fermata / arresto;Conducente;M;Rimandato;0;NON DECEDUTO;;
2817123;17;14/05/2016 12:45;Strada Urbana;VIALE GIUSEPPE MAZZINI;all'intersezione con;VIA FULCIERI PAULUCCI DE CALBOLI;VIA FULCIERI PAULUCCI DE CALBOLI;;;Tamponamento Multiplo;Incrocio;Due carreggiate;Bagnato (pioggia);Asfaltata;Verticale ed orizzontale;Pioggia in atto;Normale;Sufficiente;Ore Diurne;0;0;0;5;12.46141;41.91537;-1;1;Autobus urbano;In marcia / fermata / arresto;Conducente;M;Illeso;0;;;
2817123;17;14/05/2016 12:45;Strada Urbana;VIALE GIUSEPPE MAZZINI;all'intersezione con;VIA FULCIERI PAULUCCI DE CALBOLI;VIA FULCIERI PAULUCCI DE CALBOLI;;;Tamponamento Multiplo;Incrocio;Due carreggiate;Bagnato (pioggia);Asfaltata;Verticale ed orizzontale;Pioggia in atto;Normale;Sufficiente;Ore Diurne;0;0;0;5;12.46141;41.91537;-1;2;Autovettura privata;In marcia / fermata / arresto;Conducente;M;Illeso;0;;;
2817123;17;14/05/2016 12:45;Strada Urbana;VIALE GIUSEPPE MAZZINI;all'intersezione con;VIA FULCIERI PAULUCCI DE CALBOLI;VIA FULCIERI PAULUCCI DE CALBOLI;;;Tamponamento Multiplo;Incrocio;Due carreggiate;Bagnato (pioggia);Asfaltata;Verticale ed orizzontale;Pioggia in atto;Normale;Sufficiente;Ore Diurne;0;0;0;5;12.46141;41.91537;-1;2;Autovettura privata;In marcia / fermata / arresto;Passeggero;F;Illeso;0;;;
2817123;17;14/05/2016 12:45;Strada Urbana;VIALE GIUSEPPE MAZZINI;all'intersezione con;VIA FULCIERI PAULUCCI DE CALBOLI;VIA FULCIERI PAULUCCI DE CALBOLI;;;Tamponamento Multiplo;Incrocio;Due carreggiate;Bagnato (pioggia);Asfaltata;Verticale ed orizzontale;Pioggia in atto;Normale;Sufficiente;Ore Diurne;0;0;0;5;12.46141;41.91537;-1;3;Autovettura privata;In marcia / fermata / arresto;Conducente;M;Illeso;0;;;
2817123;17;14/05/2016 12:45;Strada Urbana;VIALE GIUSEPPE MAZZINI;all'intersezione con;VIA FULCIERI PAULUCCI DE CALBOLI;VIA FULCIERI PAULUCCI DE CALBOLI;;;Tamponamento Multiplo;Incrocio;Due carreggiate;Bagnato (pioggia);Asfaltata;Verticale ed orizzontale;Pioggia in atto;Normale;Sufficiente;Ore Diurne;0;0;0;5;12.46141;41.91537;-1;3;Autovettura privata;In marcia / fermata / arresto;Passeggero;M;Illeso;0;;;
2817126;17;14/05/2016 05:35;Strada Urbana;PIAZZALE MARESCIALLO GIARDINO;all'intersezione semaforizzata con;LUNGOTEVERE MARESCIALLO CADORNA;LUNGOTEVERE MARESCIALLO CADORNA;;;Scontro laterale fra veicoli in marcia;Incrocio;Una carreggiata a senso unico di marcia;Bagnato (pioggia);Asfaltata;Verticale ed orizzontale;Nuvoloso;Scarso;Buona;Sufficiente;0;0;0;3;12.45864;41.92408;-1;1;Autovettura privata;In marcia / fermata / arresto;Conducente;F;Illeso;0;;Non accertato;Inesploso
2817126;17;14/05/2016 05:35;Strada Urbana;PIAZZALE MARESCIALLO GIARDINO;all'intersezione semaforizzata con;LUNGOTEVERE MARESCIALLO CADORNA;LUNGOTEVERE MARESCIALLO CADORNA;;;Scontro laterale fra veicoli in marcia;Incrocio;Una carreggiata a senso unico di marcia;Bagnato (pioggia);Asfaltata;Verticale ed orizzontale;Nuvoloso;Scarso;Buona;Sufficiente;0;0;0;3;12.45864;41.92408;-1;1;Autovettura privata;In marcia / fermata / arresto;Passeggero;M;Illeso;0;;Non accertato;Inesploso
2817126;17;14/05/2016 05:35;Strada Urbana;PIAZZALE MARESCIALLO GIARDINO;all'intersezione semaforizzata con;LUNGOTEVERE MARESCIALLO CADORNA;LUNGOTEVERE MARESCIALLO CADORNA;;;Scontro laterale fra veicoli in marcia;Incrocio;Una carreggiata a senso unico di marcia;Bagnato (pioggia);Asfaltata;Verticale ed orizzontale;Nuvoloso;Scarso;Buona;Sufficiente;0;0;0;3;12.45864;41.92408;-1;2;Autovettura privata;In marcia / fermata / arresto;Conducente;M;Illeso;0;;Non accertato;Inesploso
2817135;12;15/05/2016 08:45;Strada Urbana;VIA CRESCENZIO;all'intersezione semaforizzata con;VIA SFORZA PALLAVICINI;VIA SFORZA PALLAVICINI;;;Scontro frontale/laterale DX fra veicoli in marcia;Intersezione semaforizzata;Una carreggiata a doppio senso;Asciutto;In cubetti di porfido;Verticale ed orizzontale;Nuvoloso;Scarso;Buona;Ore Diurne;0;0;0;4;12.46339;41.90574;-1;1;Autovettura privata;In marcia / fermata / arresto;Conducente;F;Illeso;0;;Non accertato;Inesistente
2817135;12;15/05/2016 08:45;Strada Urbana;VIA CRESCENZIO;all'intersezione semaforizzata con;VIA SFORZA PALLAVICINI;VIA SFORZA PALLAVICINI;;;Scontro frontale/laterale DX fra veicoli in marcia;Intersezione semaforizzata;Una carreggiata a doppio senso;Asciutto;In cubetti di porfido;Verticale ed orizzontale;Nuvoloso;Scarso;Buona;Ore Diurne;0;0;0;4;12.46339;41.90574;-1;2;Autovettura pubblica;In marcia / fermata / arresto;Conducente;M;Illeso;0;;Non accertato;Inesistente
2817135;12;15/05/2016 08:45;Strada Urbana;VIA CRESCENZIO;all'intersezione semaforizzata con;VIA SFORZA PALLAVICINI;VIA SFORZA PALLAVICINI;;;Scontro frontale/laterale DX fra veicoli in marcia;Intersezione semaforizzata;Una carreggiata a doppio senso;Asciutto;In cubetti di porfido;Verticale ed orizzontale;Nuvoloso;Scarso;Buona;Ore Diurne;0;0;0;4;12.46339;41.90574;-1;2;Autovettura pubblica;In marcia / fermata / arresto;Passeggero;M;Illeso;0;;Non accertato;Inesistente
2817135;12;15/05/2016 08:45;Strada Urbana;VIA CRESCENZIO;all'intersezione semaforizzata con;VIA SFORZA PALLAVICINI;VIA SFORZA PALLAVICINI;;;Scontro frontale/laterale DX fra veicoli in marcia;Intersezione semaforizzata;Una carreggiata a doppio senso;Asciutto;In cubetti di porfido;Verticale ed orizzontale;Nuvoloso;Scarso;Buona;Ore Diurne;0;0;0;4;12.46339;41.90574;-1;2;Autovettura pubblica;In marcia / fermata / arresto;Passeggero;M;Illeso;0;;Non accertato;Inesistente
2817147;17;15/05/2016 19:40;Strada Urbana;VIA SIMONE SIMONI;da specificare;;;;altezza via LAZZARINI;Veicolo in marcia contro veicoli in sosta;Curva a visuale libera;Una carreggiata a senso unico di marcia;Bagnato (pioggia);Asfaltata;Verticale ed orizzontale;Pioggia in atto;Normale;Buona;Ore Diurne;0;0;0;1;12.4444;41.90831;-1;1;Quadriciclo leggero;In marcia / fermata / arresto;Conducente;M;Illeso;0;;;
2817171;12;15/05/2016 00:01;Strada Urbana;VIA CRISTOFORO COLOMBO;all'intersezione con;VIALE EUROPA;VIALE EUROPA;;;Scontro laterale fra veicoli in marcia;Incrocio;Due carreggiate;Asciutto;Asfaltata;Verticale ed orizzontale;Nuvoloso;Scarso;Sufficiente;Sufficiente;1;0;0;3;12.46953;41.83065;-1;1;Autovettura privata;In marcia / fermata / arresto;Conducente;M;Illeso;0;;Utilizzato;Inesistente
2817171;12;15/05/2016 00:01;Strada Urbana;VIA CRISTOFORO COLOMBO;all'intersezione con;VIALE EUROPA;VIALE EUROPA;;;Scontro laterale fra veicoli in marcia;Incrocio;Due carreggiate;Asciutto;Asfaltata;Verticale ed orizzontale;Nuvoloso;Scarso;Sufficiente;Sufficiente;1;0;0;3;12.46953;41.83065;-1;1;Autovettura privata;In marcia / fermata / arresto;Passeggero;F;Illeso;0;;Non accertato;Inesistente
2817171;12;15/05/2016 00:01;Strada Urbana;VIA CRISTOFORO COLOMBO;all'intersezione con;VIALE EUROPA;VIALE EUROPA;;;Scontro laterale fra veicoli in marcia;Incrocio;Due carreggiate;Asciutto;Asfaltata;Verticale ed orizzontale;Nuvoloso;Scarso;Sufficiente;Sufficiente;1;0;0;3;12.46953;41.83065;-1;2;Autovettura privata;In marcia / fermata / arresto;Conducente;F;Rimandato;0;NON DECEDUTO;Non accertato;Inesistente
2817187;17;15/05/2016 21:00;Strada Urbana;CIRCONVALLAZIONE CLODIA;all'intersezione con;VIA SANTA LUCIA DEL MELA;VIA SANTA LUCIA DEL MELA;;;Scontro frontale fra veicoli in marcia;Incrocio;Due carreggiate;Bagnato (pioggia);Asfaltata;Verticale ed orizzontale;Pioggia in atto;Normale;Sufficiente;Sufficiente;0;0;0;3;12.45702;41.91968;-1;1;Autovettura privata;In marcia / fermata / arresto;Conducente;M;Illeso;0;;;
2817187;17;15/05/2016 21:00;Strada Urbana;CIRCONVALLAZIONE CLODIA;all'intersezione con;VIA SANTA LUCIA DEL MELA;VIA SANTA LUCIA DEL MELA;;;Scontro frontale fra veicoli in marcia;Incrocio;Due carreggiate;Bagnato (pioggia);Asfaltata;Verticale ed orizzontale;Pioggia in atto;Normale;Sufficiente;Sufficiente;0;0;0;3;12.45702;41.91968;-1;1;Autovettura privata;In marcia / fermata / arresto;Passeggero;F;Illeso;0;;;
2817187;17;15/05/2016 21:00;Strada Urbana;CIRCONVALLAZIONE CLODIA;all'intersezione con;VIA SANTA LUCIA DEL MELA;VIA SANTA LUCIA DEL MELA;;;Scontro frontale fra veicoli in marcia;Incrocio;Due carreggiate;Bagnato (pioggia);Asfaltata;Verticale ed orizzontale;Pioggia in atto;Normale;Sufficiente;Sufficiente;0;0;0;3;12.45702;41.91968;-1;2;Autovettura privata;In marcia / fermata / arresto;Conducente;M;Illeso;0;;;
2817208;12;15/05/2016 03:10;Strada Urbana;PIAZZA GUGLIELMO MARCONI;da specificare;;;;ALTEZZA OBELISCO DIREZIONE ROMA CENTRO;Scontro laterale fra veicoli in marcia;Rotatoria;Due carreggiate;Asciutto;Asfaltata;Verticale ed orizzontale;Nuvoloso;Scarso;Buona;Sufficiente;0;0;0;4;12.46927;41.83359;-1;1;Autovettura privata;In marcia / fermata / arresto;Conducente;F;Illeso;0;;Non accertato;Inesistente
2817208;12;15/05/2016 03:10;Strada Urbana;PIAZZA GUGLIELMO MARCONI;da specificare;;;;ALTEZZA OBELISCO DIREZIONE ROMA CENTRO;Scontro laterale fra veicoli in marcia;Rotatoria;Due carreggiate;Asciutto;Asfaltata;Verticale ed orizzontale;Nuvoloso;Scarso;Buona;Sufficiente;0;0;0;4;12.46927;41.83359;-1;1;Autovettura privata;In marcia / fermata / arresto;Passeggero;F;Illeso;0;;Non accertato;Inesploso
2817208;12;15/05/2016 03:10;Strada Urbana;PIAZZA GUGLIELMO MARCONI;da specificare;;;;ALTEZZA OBELISCO DIREZIONE ROMA CENTRO;Scontro laterale fra veicoli in marcia;Rotatoria;Due carreggiate;Asciutto;Asfaltata;Verticale ed orizzontale;Nuvoloso;Scarso;Buona;Sufficiente;0;0;0;4;12.46927;41.83359;-1;1;Autovettura privata;In marcia / fermata / arresto;Passeggero;F;Illeso;0;;Non accertato;Inesistente
2817208;12;15/05/2016 03:10;Strada Urbana;PIAZZA GUGLIELMO MARCONI;da specificare;;;;ALTEZZA OBELISCO DIREZIONE ROMA CENTRO;Scontro laterale fra veicoli in marcia;Rotatoria;Due carreggiate;Asciutto;Asfaltata;Verticale ed orizzontale;Nuvoloso;Scarso;Buona;Sufficiente;0;0;0;4;12.46927;41.83359;-1;2;Autovettura privata;In marcia / fermata / arresto;Conducente;M;Illeso;0;;Non accertato;Inesistente
2817253;12;15/05/2016 18:35;Provinciale entro l'abitato;VIA ARDEATINA;all'intersezione con;VIA DI PORTA MEDAGLIA;VIA DI PORTA MEDAGLIA;;;Scontro laterale fra veicoli in marcia;Incrocio;Una carreggiata a doppio senso;Bagnato (pioggia);Asfaltata;Verticale ed orizzontale;Nuvoloso;Scarso;Buona;Ore Diurne;0;0;0;5;12.55998;41.75637;-1;1;Autoarticolato;In marcia / fermata / arresto;Conducente;M;Illeso;0;;Non accertato;Inesistente
2817253;12;15/05/2016 18:35;Provinciale entro l'abitato;VIA ARDEATINA;all'intersezione con;VIA DI PORTA MEDAGLIA;VIA DI PORTA MEDAGLIA;;;Scontro laterale fra veicoli in marcia;Incrocio;Una carreggiata a doppio senso;Bagnato (pioggia);Asfaltata;Verticale ed orizzontale;Nuvoloso;Scarso;Buona;Ore Diurne;0;0;0;5;12.55998;41.75637;-1;2;Autovettura privata;In marcia / fermata / arresto;Conducente;M;Illeso;0;;Non accertato;Inesistente
2817253;12;15/05/2016 18:35;Provinciale entro l'abitato;VIA ARDEATINA;all'intersezione con;VIA DI PORTA MEDAGLIA;VIA DI PORTA MEDAGLIA;;;Scontro laterale fra veicoli in marcia;Incrocio;Una carreggiata a doppio senso;Bagnato (pioggia);Asfaltata;Verticale ed orizzontale;Nuvoloso;Scarso;Buona;Ore Diurne;0;0;0;5;12.55998;41.75637;-1;2;Autovettura privata;In marcia / fermata / arresto;Passeggero;M;Illeso;0;;Non accertato;Inesistente
2817253;12;15/05/2016 18:35;Provinciale entro l'abitato;VIA ARDEATINA;all'intersezione con;VIA DI PORTA MEDAGLIA;VIA DI PORTA MEDAGLIA;;;Scontro laterale fra veicoli in marcia;Incrocio;Una carreggiata a doppio senso;Bagnato (pioggia);Asfaltata;Verticale ed orizzontale;Nuvoloso;Scarso;Buona;Ore Diurne;0;0;0;5;12.55998;41.75637;-1;2;Autovettura privata;In marcia / fermata / arresto;Passeggero;M;Illeso;0;;Utilizzato;Inesistente
2817253;12;15/05/2016 18:35;Provinciale entro l'abitato;VIA ARDEATINA;all'intersezione con;VIA DI PORTA MEDAGLIA;VIA DI PORTA MEDAGLIA;;;Scontro laterale fra veicoli in marcia;Incrocio;Una carreggiata a doppio senso;Bagnato (pioggia);Asfaltata;Verticale ed orizzontale;Nuvoloso;Scarso;Buona;Ore Diurne;0;0;0;5;12.55998;41.75637;-1;2;Autovettura privata;In marcia / fermata / arresto;Passeggero;M;Illeso;0;;Non accertato;Inesistente
2817255;12;15/05/2016 23:00;Strada Urbana;VIADOTTO DELLA MAGLIANA;da specificare;;;;DIR. FIUMICINO FRONTE VIA DEL CAPPELLACCIO;Tamponamento;Curva senza visuale libera;Una carreggiata a senso unico di marcia;Bagnato (pioggia);Asfaltata;Verticale ed orizzontale;Pioggia in atto;Scarso;Buona;Sufficiente;0;0;0;2;12.45928;41.83871;-1;1;Autovettura privata;In marcia / fermata / arresto;Conducente;M;Illeso;0;;Non accertato;Inesploso
2817255;12;15/05/2016 23:00;Strada Urbana;VIADOTTO DELLA MAGLIANA;da specificare;;;;DIR. FIUMICINO FRONTE VIA DEL CAPPELLACCIO;Tamponamento;Curva senza visuale libera;Una carreggiata a senso unico di marcia;Bagnato (pioggia);Asfaltata;Verticale ed orizzontale;Pioggia in atto;Scarso;Buona;Sufficiente;0;0;0;2;12.45928;41.83871;-1;1;Autovettura privata;In marcia / fermata / arresto;Passeggero;M;Illeso;0;;Utilizzato;Inesploso
2817284;11;15/05/2016 12:30;Strada Urbana;VIA CRISTOFORO COLOMBO;all'intersezione semaforizzata con;VIA PADRE SEMERIA;VIA PADRE SEMERIA;;;Scontro laterale fra veicoli in marcia;Intersezione semaforizzata;Più di due carreggiate;Asciutto;Asfaltata;Verticale ed orizzontale;Sereno;Normale;Buona;Ore Diurne;2;0;0;0;12.49722;41.86377;-1;1;Motociclo a solo;In marcia / fermata / arresto;Conducente;F;Rimandato;0;NON DECEDUTO;Non accertato;
2817284;11;15/05/2016 12:30;Strada Urbana;VIA CRISTOFORO COLOMBO;all'intersezione semaforizzata con;VIA PADRE SEMERIA;VIA PADRE SEMERIA;;;Scontro laterale fra veicoli in marcia;Intersezione semaforizzata;Più di due carreggiate;Asciutto;Asfaltata;Verticale ed orizzontale;Sereno;Normale;Buona;Ore Diurne;2;0;0;0;12.49722;41.86377;-1;1;Motociclo a solo;In marcia / fermata / arresto;Passeggero;F;Rimandato;0;NON DECEDUTO;Non accertato;
2817285;18;16/05/2016 08:05;Strada Urbana;VIA BALDO DEGLI UBALDI;da specificare;;;;PROSSIMITA' VIA VITELLI;Scontro laterale fra veicoli in marcia;Pendenza;Due carreggiate;Asciutto;Asfaltata;Verticale ed orizzontale;Sereno;Scarso;Buona;Ore Diurne;0;0;0;2;12.43618;41.89975;-1;1;Autovettura privata;In marcia / fermata / arresto;Conducente;M;Illeso;0;;Non accertato;Inesploso
2817285;18;16/05/2016 08:05;Strada Urbana;VIA BALDO DEGLI UBALDI;da specificare;;;;PROSSIMITA' VIA VITELLI;Scontro laterale fra veicoli in marcia;Pendenza;Due carreggiate;Asciutto;Asfaltata;Verticale ed orizzontale;Sereno;Scarso;Buona;Ore Diurne;0;0;0;2;12.43618;41.89975;-1;2;Autovettura privata;In marcia / fermata / arresto;Conducente;M;Illeso;0;;Non accertato;Inesploso
2817288;17;14/05/2016 12:35;Strada Urbana;PIAZZALE CLODIO;all'intersezione con;VIALE GIOVANNI FALCONE E PAOLO BORSELLIN;VIALE GIOVANNI FALCONE E PAOLO BORSELLIN;;;Scontro laterale fra veicoli in marcia;Incrocio;Due carreggiate;Bagnato (pioggia);Asfaltata;Verticale ed orizzontale;Pioggia in atto;Normale;Buona;Ore Diurne;0;0;0;3;12.45482;41.91673;-1;1;Autocarro inferiore 35 q.;In marcia / fermata / arresto;Conducente;M;Illeso;0;;Non accertato;Inesploso
2817288;17;14/05/2016 12:35;Strada Urbana;PIAZZALE CLODIO;all'intersezione con;VIALE GIOVANNI FALCONE E PAOLO BORSELLIN;VIALE GIOVANNI FALCONE E PAOLO BORSELLIN;;;Scontro laterale fra veicoli in marcia;Incrocio;Due carreggiate;Bagnato (pioggia);Asfaltata;Verticale ed orizzontale;Pioggia in atto;Normale;Buona;Ore Diurne;0;0;0;3;12.45482;41.91673;-1;2;Autovettura privata;In marcia / fermata / arresto;Conducente;F;Illeso;0;;Non accertato;Inesploso
2817288;17;14/05/2016 12:35;Strada Urbana;PIAZZALE CLODIO;all'intersezione con;VIALE GIOVANNI FALCONE E PAOLO BORSELLIN;VIALE GIOVANNI FALCONE E PAOLO BORSELLIN;;;Scontro laterale fra veicoli in marcia;Incrocio;Due carreggiate;Bagnato (pioggia);Asfaltata;Verticale ed orizzontale;Pioggia in atto;Normale;Buona;Ore Diurne;0;0;0;3;12.45482;41.91673;-1;2;Autovettura privata;In marcia / fermata / arresto;Passeggero;F;Illeso;0;;Non accertato;Inesploso
2817292;12;16/05/2016 00:30;Strada Urbana;VIALE DI VAL FIORITA;da specificare;;;;PROSSIMITA' VIA FRUGONI;Fuoriuscita dalla sede stradale;Rettilineo;Una carreggiata a doppio senso;Bagnato (pioggia);Asfaltata;Verticale ed orizzontale;Nuvoloso;Scarso;Sufficiente;Sufficiente;1;0;0;0;12.46526;41.84029;-1;1;Motociclo a solo;In marcia / fermata / arresto;Conducente;F;Rimandato;0;NON DECEDUTO;;
2817297;18;16/05/2016 10:50;Strada Urbana;VIA DI BOCCEA;in corrispondenza;;del civico n.;274;;Investimento di pedone;Rettilineo;Una carreggiata a doppio senso;Asciutto;Asfaltata;Verticale ed orizzontale;Sereno;Normale;Buona;Ore Diurne;1;0;0;1;12.41841;41.90371;-1;;;;Pedone;F;Rimandato;0;NON DECEDUTO;;
2817297;18;16/05/2016 10:50;Strada Urbana;VIA DI BOCCEA;in corrispondenza;;del civico n.;274;;Investimento di pedone;Rettilineo;Una carreggiata a doppio senso;Asciutto;Asfaltata;Verticale ed orizzontale;Sereno;Normale;Buona;Ore Diurne;1;0;0;1;12.41841;41.90371;-1;1;Autovettura privata;In marcia / fermata / arresto;Conducente;M;Illeso;0;;Non accertato;Inesploso
2817298;11;16/05/2016 02:00;Strada Urbana;VIA CRISTOFORO COLOMBO;in prossimità;;del palo luce n.;232;;Tamponamento;Rettilineo;Più di due carreggiate;Bagnato (umidità in atto);Asfaltata;Verticale ed orizzontale;Nuvoloso;Scarso;Sufficiente;Sufficiente;0;0;0;4;12.48596;41.85373;-1;1;Autobus turistico;In marcia / fermata / arresto;Conducente;M;Illeso;0;;Non accertato;Inesploso
2817298;11;16/05/2016 02:00;Strada Urbana;VIA CRISTOFORO COLOMBO;in prossimità;;del palo luce n.;232;;Tamponamento;Rettilineo;Più di due carreggiate;Bagnato (umidità in atto);Asfaltata;Verticale ed orizzontale;Nuvoloso;Scarso;Sufficiente;Sufficiente;0;0;0;4;12.48596;41.85373;-1;2;Autovettura privata;In marcia / fermata / arresto;Conducente;M;Illeso;0;;Non accertato;Inesploso
2817298;11;16/05/2016 02:00;Strada Urbana;VIA CRISTOFORO COLOMBO;in prossimità;;del palo luce n.;232;;Tamponamento;Rettilineo;Più di due carreggiate;Bagnato (umidità in atto);Asfaltata;Verticale ed orizzontale;Nuvoloso;Scarso;Sufficiente;Sufficiente;0;0;0;4;12.48596;41.85373;-1;2;Autovettura privata;In marcia / fermata / arresto;Passeggero;M;Illeso;0;;Non accertato;Inesploso
2817298;11;16/05/2016 02:00;Strada Urbana;VIA CRISTOFORO COLOMBO;in prossimità;;del palo luce n.;232;;Tamponamento;Rettilineo;Più di due carreggiate;Bagnato (umidità in atto);Asfaltata;Verticale ed orizzontale;Nuvoloso;Scarso;Sufficiente;Sufficiente;0;0;0;4;12.48596;41.85373;-1;2;Autovettura privata;In marcia / fermata / arresto;Passeggero;M;Illeso;0;;Non accertato;Inesploso
2817305;16;14/05/2016 13:30;Strada Urbana;VIALE DEI QUATTRO VENTI;all'intersezione semaforizzata con;VIA FRANCESCO BOLOGNESI;VIA FRANCESCO BOLOGNESI;;;Scontro laterale fra veicoli in marcia;Intersezione semaforizzata;Una carreggiata a doppio senso;Bagnato (pioggia);Asfaltata;Verticale ed orizzontale;Pioggia in atto;Normale;Buona;Ore Diurne;0;0;0;3;12.45859;41.88401;-1;1;Motociclo a solo;In marcia / fermata / arresto;Conducente;M;Illeso;0;;Non accertato;
2817305;16;14/05/2016 13:30;Strada Urbana;VIALE DEI QUATTRO VENTI;all'intersezione semaforizzata con;VIA FRANCESCO BOLOGNESI;VIA FRANCESCO BOLOGNESI;;;Scontro laterale fra veicoli in marcia;Intersezione semaforizzata;Una carreggiata a doppio senso;Bagnato (pioggia);Asfaltata;Verticale ed orizzontale;Pioggia in atto;Normale;Buona;Ore Diurne;0;0;0;3;12.45859;41.88401;-1;2;Autovettura privata;In marcia / fermata / arresto;Conducente;F;Illeso;0;;Non accertato;
2817305;16;14/05/2016 13:30;Strada Urbana;VIALE DEI QUATTRO VENTI;all'intersezione semaforizzata con;VIA FRANCESCO BOLOGNESI;VIA FRANCESCO BOLOGNESI;;;Scontro laterale fra veicoli in marcia;Intersezione semaforizzata;Una carreggiata a doppio senso;Bagnato (pioggia);Asfaltata;Verticale ed orizzontale;Pioggia in atto;Normale;Buona;Ore Diurne;0;0;0;3;12.45859;41.88401;-1;2;Autovettura privata;In marcia / fermata / arresto;Passeggero;F;Illeso;0;;;
2817313;16;14/05/2016 20:45;Strada Urbana;PIAZZA CARLO FORLANINI;da specificare;;;;fronte palo luce n.4;Investimento di pedone;Rettilineo;Una carreggiata a doppio senso;Asciutto;Asfaltata;Verticale ed orizzontale;Nuvoloso;Normale;Sufficiente;Sufficiente;1;0;0;1;12.44906;41.86685;-1;;;;Pedone;F;Rimandato;0;NON DECEDUTO;;
2817313;16;14/05/2016 20:45;Strada Urbana;PIAZZA CARLO FORLANINI;da specificare;;;;fronte palo luce n.4;Investimento di pedone;Rettilineo;Una carreggiata a doppio senso;Asciutto;Asfaltata;Verticale ed orizzontale;Nuvoloso;Normale;Sufficiente;Sufficiente;1;0;0;1;12.44906;41.86685;-1;1;Autovettura privata;In marcia / fermata / arresto;Conducente;M;Illeso;0;;Non accertato;Inesploso
2817321;16;14/05/2016 21:45;Strada Urbana;VIA ARTURO COLAUTTI;in corrispondenza;;del civico n.;f.c. 6;;Veicolo in marcia contro veicoli in sosta;Rettilineo;Una carreggiata a doppio senso;Asciutto;Asfaltata;Verticale;Nuvoloso;Scarso;Sufficiente;Sufficiente;0;0;0;1;12.46046;41.88122;-1;3;Autovettura privata;In marcia / fermata / arresto;Conducente;F;Illeso;0;;Non accertato;
2817327;17;14/05/2016 22:30;Strada Urbana;VIA OVIDIO;da specificare;;;;fronte civico 15;Veicolo in marcia contro veicolo in sosta;Rettilineo;Una carreggiata a senso unico di marcia;Asciutto;Asfaltata;Verticale ed orizzontale;Sereno;Scarso;Buona;Sufficiente;0;0;0;1;12.46436;41.90663;-1;2;Autovettura privata;In marcia / fermata / arresto;Conducente;F;Illeso;0;;;
2817371;17;14/05/2016 14:15;Strada Urbana;VIALE VATICANO;in prossimità;;del civico n.;61;;Scontro frontale fra veicoli in marcia;Rettilineo;Una carreggiata a doppio senso;Bagnato (pioggia);Asfaltata;Verticale ed orizzontale;Nuvoloso;Normale;Buona;Ore Diurne;1;0;0;3;12.45002;41.90596;-1;1;Autovettura privata;In marcia / fermata / arresto;Passeggero;F;Illeso;0;;;
2817371;17;14/05/2016 14:15;Strada Urbana;VIALE VATICANO;in prossimità;;del civico n.;61;;Scontro frontale fra veicoli in marcia;Rettilineo;Una carreggiata a doppio senso;Bagnato (pioggia);Asfaltata;Verticale ed orizzontale;Nuvoloso;Normale;Buona;Ore Diurne;1;0;0;3;12.45002;41.90596;-1;1;Autovettura privata;In marcia / fermata / arresto;Conducente;F;Illeso;0;;;
2817371;17;14/05/2016 14:15;Strada Urbana;VIALE VATICANO;in prossimità;;del civico n.;61;;Scontro frontale fra veicoli in marcia;Rettilineo;Una carreggiata a doppio senso;Bagnato (pioggia);Asfaltata;Verticale ed orizzontale;Nuvoloso;Normale;Buona;Ore Diurne;1;0;0;3;12.45002;41.90596;-1;2;Autovettura privata;In marcia / fermata / arresto;Conducente;M;Illeso;0;;;
2817371;17;14/05/2016 14:15;Strada Urbana;VIALE VATICANO;in prossimità;;del civico n.;61;;Scontro frontale fra veicoli in marcia;Rettilineo;Una carreggiata a doppio senso;Bagnato (pioggia);Asfaltata;Verticale ed orizzontale;Nuvoloso;Normale;Buona;Ore Diurne;1;0;0;3;12.45002;41.90596;-1;2;Autovettura privata;In marcia / fermata / arresto;Passeggero;F;Rifiuta cure immediate;0;NON DECEDUTO;;
2817377;16;14/05/2016 22:15;Strada Urbana;VIA PORTUENSE;all'intersezione con;VIA RICCARDO BIANCHI;VIA RICCARDO BIANCHI;;;Investimento di pedone;Incrocio;Una carreggiata a senso unico di marcia;Asciutto;Asfaltata;Verticale ed orizzontale;Nuvoloso;Scarso;Sufficiente;Sufficiente;1;0;0;1;12.45932;41.86533;-1;;;;Pedone;M;Rimandato;0;NON DECEDUTO;;
2817377;16;14/05/2016 22:15;Strada Urbana;VIA PORTUENSE;all'intersezione con;VIA RICCARDO BIANCHI;VIA RICCARDO BIANCHI;;;Investimento di pedone;Incrocio;Una carreggiata a senso unico di marcia;Asciutto;Asfaltata;Verticale ed orizzontale;Nuvoloso;Scarso;Sufficiente;Sufficiente;1;0;0;1;12.45932;41.86533;-1;1;Autovettura privata;In marcia / fermata / arresto;Conducente;M;Illeso;0;;Non accertato;Inesploso