Protocollo;Gruppo;DataOraIncidente;Localizzazione1;STRADA1;Localizzazione2;STRADA2;Strada02;Chilometrica;DaSpecificare;NaturaIncidente;particolaritastrade;TipoStrada;FondoStradale;Pavimentazione;Segnaletica;CondizioneAtmosferica;Traffico;Visibilita;Illuminazione;NUM_FERITI;NUM_RISERVATA;NUM_MORTI;NUM_ILLESI;Longitudine;Latitudine;Confermato;Progressivo;TipoVeicolo;StatoVeicolo;TipoPersona;Sesso;Tipolesione;Deceduto;DecedutoDopo;CinturaCascoUtilizzato;Airbag
2818558;16;16/05/2016 15:10;Strada Urbana;CIRCONVALLAZIONE GIANICOLENSE;all'intersezione semaforizzata con;VIA BERNARDINO RAMAZZINI;VIA BERNARDINO RAMAZZINI;;;Veicolo in marcia contro veicolo arresto;Intersezione semaforizzata;Più di due carreggiate;Asciutto;Asfaltata;Verticale ed orizzontale;Nuvoloso;Normale;Buona;Ore Diurne;0;0;0;6;12.45324;41.87024;-1;1;Autovettura privata;In marcia / fermata / arresto;Passeggero;M;Illeso;0;;Non accertato;
2818558;16;16/05/2016 15:10;Strada Urbana;CIRCONVALLAZIONE GIANICOLENSE;all'intersezione semaforizzata con;VIA BERNARDINO RAMAZZINI;VIA BERNARDINO RAMAZZINI;;;Veicolo in marcia contro veicolo arresto;Intersezione semaforizzata;Più di due carreggiate;Asciutto;Asfaltata;Verticale ed orizzontale;Nuvoloso;Normale;Buona;Ore Diurne;0;0;0;6;12.45324;41.87024;-1;2;Autovettura privata;In marcia / fermata / arresto;Conducente;F;Illeso;0;;Non accertato;
2818574;7;16/05/2016 18:55;Strada Urbana;VIA PRENESTINA;all'intersezione con;VIA PIETRO ROMUALDO PIROTTA;VIA PIETRO ROMUALDO PIROTTA;;;Tamponamento;Intersezione stradale segnalata;Una carreggiata a senso unico di marcia;Asciutto;Asfaltata;Verticale ed orizzontale;Nuvoloso;Scarso;Buona;Ore Diurne;1;0;0;2;12.57344;41.8947;-1;1;Autovettura privata;In marcia / fermata / arresto;Conducente;M;Illeso;0;;;
2818574;7;16/05/2016 18:55;Strada Urbana;VIA PRENESTINA;all'intersezione con;VIA PIETRO ROMUALDO PIROTTA;VIA PIETRO ROMUALDO PIROTTA;;;Tamponamento;Intersezione stradale segnalata;Una carreggiata a senso unico di marcia;Asciutto;Asfaltata;Verticale ed orizzontale;Nuvoloso;Scarso;Buona;Ore Diurne;1;0;0;2;12.57344;41.8947;-1;2;Autovettura privata;In marcia / fermata / arresto;Conducente;M;Rimandato;0;NON DECEDUTO;Non accertato;
2818574;7;16/05/2016 18:55;Strada Urbana;VIA PRENESTINA;all'intersezione con;VIA PIETRO ROMUALDO PIROTTA;VIA PIETRO ROMUALDO PIROTTA;;;Tamponamento;Intersezione stradale segnalata;Una carreggiata a senso unico di marcia;Asciutto;Asfaltata;Verticale ed orizzontale;Nuvoloso;Scarso;Buona;Ore Diurne;1;0;0;2;12.57344;41.8947;-1;2;Autovettura privata;In marcia / fermata / arresto;Passeggero;M;Illeso;0;;;
2818581;17;17/05/2016 08:30;Strada Urbana;VIALE GIULIO CESARE;in corrispondenza;;del civico n.;54/G;;Veicolo in marcia contro veicolo in sosta;Rettilineo;Più di due carreggiate;Bagnato (umidità in atto);Asfaltata;Verticale ed orizzontale;Nuvoloso;Normale;Buona;Ore Diurne;1;0;0;1;12.46214;41.91066;-1;1;Autovettura privata;In marcia / fermata / arresto;Conducente;F;Illeso;0;;Non utilizzato;Inesploso
2818581;17;17/05/2016 08:30;Strada Urbana;VIALE GIULIO CESARE;in corrispondenza;;del civico n.;54/G;;Veicolo in marcia contro veicolo in sosta;Rettilineo;Più di due carreggiate;Bagnato (umidità in atto);Asfaltata;Verticale ed orizzontale;Nuvoloso;Normale;Buona;Ore Diurne;1;0;0;1;12.46214;41.91066;-1;2;Motociclo a solo;In marcia / fermata / arresto;Conducente;M;Rimandato;0;NON DECEDUTO;Non accertato;
2818589;2;16/05/2016 10:30;Strada Urbana;SOTTOVIA IGNAZIO GUIDI;da specificare;;;;dir. Policlinico alt Porta Pinciana;Scontro frontale/laterale SX fra veicoli in marcia;Sottopasso illuminato;Due carreggiate;Asciutto;Asfaltata;Verticale ed orizzontale;Sereno;Intenso;Buona;Ore Diurne;2;0;0;1;12.5014;41.90957;-1;1;Autovettura privata;In marcia / fermata / arresto;Conducente;M;Illeso;0;;;
2818589;2;16/05/2016 10:30;Strada Urbana;SOTTOVIA IGNAZIO GUIDI;da specificare;;;;dir. Policlinico alt Porta Pinciana;Scontro frontale/laterale SX fra veicoli in marcia;Sottopasso illuminato;Due carreggiate;Asciutto;Asfaltata;Verticale ed orizzontale;Sereno;Intenso;Buona;Ore Diurne;2;0;0;1;12.5014;41.90957;-1;2;Motociclo a solo;In marcia / fermata / arresto;Conducente;M;Rimandato;0;NON DECEDUTO;Non accertato;
2818589;2;16/05/2016 10:30;Strada Urbana;SOTTOVIA IGNAZIO GUIDI;da specificare;;;;dir. Policlinico alt Porta Pinciana;Scontro frontale/laterale SX fra veicoli in marcia;Sottopasso illuminato;Due carreggiate;Asciutto;Asfaltata;Verticale ed orizzontale;Sereno;Intenso;Buona;Ore Diurne;2;0;0;1;12.5014;41.90957;-1;2;Motociclo a solo;In marcia / fermata / arresto;Passeggero;M;Rimandato;0;NON DECEDUTO;Non accertato;
2818590;1;16/05/2016 12:00;Strada Urbana;VIA NICOLA SALVI;in corrispondenza;;del palo luce n.;2;;Scontro laterale fra veicoli in marcia;Rettilineo;Una carreggiata a senso unico di marcia;Asciutto;Asfaltata;Verticale ed orizzontale;Sereno;Normale;Buona;Ore Diurne;0;0;0;3;12.49284;41.89134;-1;1;Autovettura privata;In marcia / fermata / arresto;Conducente;F;Illeso;0;;Non accertato;
2818590;1;16/05/2016 12:00;Strada Urbana;VIA NICOLA SALVI;in corrispondenza;;del palo luce n.;2;;Scontro laterale fra veicoli in marcia;Rettilineo;Una carreggiata a senso unico di marcia;Asciutto;Asfaltata;Verticale ed orizzontale;Sereno;Normale;Buona;Ore Diurne;0;0;0;3;12.49284;41.89134;-1;1;Autovettura privata;In marcia / fermata / arresto;Passeggero;M;Illeso;0;;Non accertato;
2818590;1;16/05/2016 12:00;Strada Urbana;VIA NICOLA SALVI;in corrispondenza;;del palo luce n.;2;;Scontro laterale fra veicoli in marcia;Rettilineo;Una carreggiata a senso unico di marcia;Asciutto;Asfaltata;Verticale ed orizzontale;Sereno;Normale;Buona;Ore Diurne;0;0;0;3;12.49284;41.89134;-1;2;Autovettura pubblica;In marcia / fermata / arresto;Conducente;M;Illeso;0;;Non accertato;Inesploso
2818625;8;16/05/2016 11:20;Strada Urbana;VIA DI SALONE;da specificare;;;;100 mt dopo rotatoria Via Collatina;Veicolo in marcia contro ostacolo accidentale;Rettilineo;Una carreggiata a doppio senso;Asciutto;Asfaltata;Verticale;Nuvoloso;Normale;Buona;Ore Diurne;0;0;0;1;12.6248;41.9072;-1;1;Autovettura privata;In marcia / fermata / arresto;Conducente;F;Illeso;0;;Non accertato;Inesploso
2818628;8;16/05/2016 21:20;Strada Urbana;VIA COLLATINA;da specificare;;;;pross. Staz. Via Ponte di Nona;Veicolo in marcia contro ostacolo accidentale;Curva a visuale libera;Una carreggiata a doppio senso;Asciutto;Con buche;Assente;Sereno;Scarso;Insufficiente;Inesistente;0;0;0;1;12.66701;41.92329;-1;1;Autovettura privata;In marcia / fermata / arresto;Conducente;M;Illeso;0;;Non accertato;Inesploso
2818632;3;16/05/2016 18:30;Strada Urbana;PIAZZALE DI S. LORENZO;da specificare;;;;fronte obelisco;Scontro laterale fra veicoli in marcia;Rettilineo;Più di due carreggiate;Bagnato (pioggia);Asfaltata;Verticale ed orizzontale;Nuvoloso;Normale;Buona;Ore Diurne;1;0;0;1;12.51747;41.90003;-1;1;Autovettura privata;In marcia / fermata / arresto;Conducente;F;Illeso;0;;Non accertato;Inesploso
2818632;3;16/05/2016 18:30;Strada Urbana;PIAZZALE DI S. LORENZO;da specificare;;;;fronte obelisco;Scontro laterale fra veicoli in marcia;Rettilineo;Più di due carreggiate;Bagnato (pioggia);Asfaltata;Verticale ed orizzontale;Nuvoloso;Normale;Buona;Ore Diurne;1;0;0;1;12.51747;41.90003;-1;2;Motociclo a solo;In marcia / fermata / arresto;Conducente;M;Rifiuta cure immediate;0;NON DECEDUTO;Non accertato;
2818652;3;16/05/2016 23:35;Strada Urbana;SOTTOVIA IGNAZIO GUIDI;da specificare;;;;DIREZIONE CASTRO PRETORIO ;Scontro laterale fra veicoli in marcia;Curva a visuale libera;Una carreggiata a senso unico di marcia;Asciutto;Asfaltata;Assente;Nuvoloso;Normale;Sufficiente;Sufficiente;0;0;0;2;12.50172;41.90918;-1;1;Motociclo a solo;In marcia / fermata / arresto;Conducente;M;Illeso;0;;Non accertato;
2818652;3;16/05/2016 23:35;Strada Urbana;SOTTOVIA IGNAZIO GUIDI;da specificare;;;;DIREZIONE CASTRO PRETORIO ;Scontro laterale fra veicoli in marcia;Curva a visuale libera;Una carreggiata a senso unico di marcia;Asciutto;Asfaltata;Assente;Nuvoloso;Normale;Sufficiente;Sufficiente;0;0;0;2;12.50172;41.90918;-1;2;Autovettura privata;In marcia / fermata / arresto;Conducente;M;Illeso;0;;Non accertato;Inesploso
2818659;8;16/05/2016 19:30;Strada Urbana;VIA RAOUL CHIODELLI;all'intersezione con;VIA GUIDO CORBELLINI;VIA GUIDO CORBELLINI;;;Veicolo in marcia contro ostacolo accidentale;Incrocio;Due carreggiate;Asciutto;Asfaltata;Assente;Sereno;Normale;Buona;Ore Diurne;0;0;0;2;12.66276;41.90879;-1;1;Autovettura privata;In marcia / fermata / arresto;Conducente;F;Illeso;0;;Non accertato;Inesploso
2818659;8;16/05/2016 19:30;Strada Urbana;VIA RAOUL CHIODELLI;all'intersezione con;VIA GUIDO CORBELLINI;VIA GUIDO CORBELLINI;;;Veicolo in marcia contro ostacolo accidentale;Incrocio;Due carreggiate;Asciutto;Asfaltata;Assente;Sereno;Normale;Buona;Ore Diurne;0;0;0;2;12.66276;41.90879;-1;1;Autovettura privata;In marcia / fermata / arresto;Passeggero;M;Illeso;0;;Non accertato;Inesploso
2818665;15;16/05/2016 17:40;Strada Urbana;VIALE CASTELLO DELLA MAGLIANA;in prossimità;;del civico n.;25;;Tamponamento;Curva a visuale libera;Due carreggiate;Asciutto;Asfaltata;Verticale ed orizzontale;Sereno;Intenso;Buona;Ore Diurne;0;0;0;3;12.41433;41.82225;-1;1;Autovettura privata;In marcia / fermata / arresto;Conducente;M;Illeso;0;;Utilizzato;
2818665;15;16/05/2016 17:40;Strada Urbana;VIALE CASTELLO DELLA MAGLIANA;in prossimità;;del civico n.;25;;Tamponamento;Curva a visuale libera;Due carreggiate;Asciutto;Asfaltata;Verticale ed orizzontale;Sereno;Intenso;Buona;Ore Diurne;0;0;0;3;12.41433;41.82225;-1;1;Autovettura privata;In marcia / fermata / arresto;Passeggero;M;Illeso;0;;Utilizzato;
2818665;15;16/05/2016 17:40;Strada Urbana;VIALE CASTELLO DELLA MAGLIANA;in prossimità;;del civico n.;25;;Tamponamento;Curva a visuale libera;Due carreggiate;Asciutto;Asfaltata;Verticale ed orizzontale;Sereno;Intenso;Buona;Ore Diurne;0;0;0;3;12.41433;41.82225;-1;2;Autovettura privata;In marcia / fermata / arresto;Conducente;M;Illeso;0;;Utilizzato;
2818677;2;16/05/2016 10:00;Strada Urbana;VIA ZARA;in corrispondenza;;del civico n.;32;;Veicolo in marcia contro ostacolo fisso;Rettilineo;Una carreggiata a doppio senso;Asciutto;Asfaltata;Verticale ed orizzontale;Sereno;Normale;Buona;Ore Diurne;0;0;0;1;12.50899;41.91538;-1;1;Autovettura privata;In marcia / fermata / arresto;Conducente;M;Illeso;0;;;
2818689;15;17/05/2016 08:00;Strada Urbana;VIA DEL MONTE DELLE CAPRE;da specificare;;;;fronte civico 22H;Veicolo in marcia contro veicolo fermo;Rettilineo;Una carreggiata a doppio senso;Bagnato (pioggia);Asfaltata;Verticale;Nuvoloso;Normale;Sufficiente;Ore Diurne;0;0;0;2;12.43112;41.84502;-1;1;Autovettura privata;In marcia / fermata / arresto;Conducente;M;Illeso;0;;;
2818689;15;17/05/2016 08:00;Strada Urbana;VIA DEL MONTE DELLE CAPRE;da specificare;;;;fronte civico 22H;Veicolo in marcia contro veicolo fermo;Rettilineo;Una carreggiata a doppio senso;Bagnato (pioggia);Asfaltata;Verticale;Nuvoloso;Normale;Sufficiente;Ore Diurne;0;0;0;2;12.43112;41.84502;-1;2;Autovettura privata;In marcia / fermata / arresto;Conducente;F;Illeso;0;;;
2818706;1;17/05/2016 10:45;Strada Urbana;PIAZZA DEL PARADISO;in prossimità;;del civico n.;16;;Veicolo in marcia contro veicolo in sosta;Curva a visuale libera;Una carreggiata a senso unico di marcia;Asciutto;In cubetti di porfido;Assente;Sereno;Scarso;Buona;Ore Diurne;0;0;0;3;12.47335;41.89602;-1;1;Autovettura di polizia;In marcia / fermata / arresto;Conducente;M;Illeso;0;;Non accertato;Inesploso
2818706;1;17/05/2016 10:45;Strada Urbana;PIAZZA DEL PARADISO;in prossimità;;del civico n.;16;;Veicolo in marcia contro veicolo in sosta;Curva a visuale libera;Una carreggiata a senso unico di marcia;Asciutto;In cubetti di porfido;Assente;Sereno;Scarso;Buona;Ore Diurne;0;0;0;3;12.47335;41.89602;-1;1;Autovettura di polizia;In marcia / fermata / arresto;Passeggero;M;Illeso;0;;Non accertato;Inesploso
2818706;1;17/05/2016 10:45;Strada Urbana;PIAZZA DEL PARADISO;in prossimità;;del civico n.;16;;Veicolo in marcia contro veicolo in sosta;Curva a visuale libera;Una carreggiata a senso unico di marcia;Asciutto;In cubetti di porfido;Assente;Sereno;Scarso;Buona;Ore Diurne;0;0;0;3;12.47335;41.89602;-1;1;Autovettura di polizia;In marcia / fermata / arresto;Passeggero;M;Illeso;0;;Non accertato;Inesploso
2818717;7;16/05/2016 18:15;Strada Urbana;VIALE PALMIRO TOGLIATTI;all'intersezione semaforizzata con;VIA MOLFETTA;VIA MOLFETTA;;;Scontro laterale fra veicoli in marcia;Incrocio;Due carreggiate;Sdrucciolevole (fango);Asfaltata;Temporanea di cantiere;Sereno;Normale;Buona;Ore Diurne;1;0;0;1;12.57442;41.89031;-1;1;Motociclo a solo;In marcia / fermata / arresto;Conducente;M;Ricoverato;0;NON DECEDUTO;;
2818717;7;16/05/2016 18:15;Strada Urbana;VIALE PALMIRO TOGLIATTI;all'intersezione semaforizzata con;VIA MOLFETTA;VIA MOLFETTA;;;Scontro laterale fra veicoli in marcia;Incrocio;Due carreggiate;Sdrucciolevole (fango);Asfaltata;Temporanea di cantiere;Sereno;Normale;Buona;Ore Diurne;1;0;0;1;12.57442;41.89031;-1;2;Autovettura privata;In marcia / fermata / arresto;Conducente;M;Illeso;0;;;
2818725;10;17/05/2016 10:30;Strada Urbana;PIAZZA DI CINECITTA';in prossimità;;del civico n.;11;;Scontro laterale fra veicoli in marcia;Rettilineo;Una carreggiata a senso unico di marcia;Asciutto;Asfaltata;Orizzontale;Nuvoloso;Scarso;Buona;Ore Diurne;0;0;0;2;12.56882;41.85334;-1;1;Autovettura privata;In marcia / fermata / arresto;Conducente;M;Illeso;0;;Non accertato;Inesploso
2818725;10;17/05/2016 10:30;Strada Urbana;PIAZZA DI CINECITTA';in prossimità;;del civico n.;11;;Scontro laterale fra veicoli in marcia;Rettilineo;Una carreggiata a senso unico di marcia;Asciutto;Asfaltata;Orizzontale;Nuvoloso;Scarso;Buona;Ore Diurne;0;0;0;2;12.56882;41.85334;-1;2;Autocarro inferiore 35 q.;In marcia / fermata / arresto;Conducente;F;Illeso;0;;Non accertato;Inesistente
2818727;18;17/05/2016 07:15;Statale;VIA AURELIA;da specificare;;;;ALTEZZA KM 12,000 DIREZIONE ROMA;Tamponamento Multiplo;Rettilineo;Due carreggiate;Asciutto;Asfaltata;Verticale ed orizzontale;Nuvoloso;Intenso;Buona;Ore Diurne;1;0;0;5;12.4138;41.89218;-1;1;Autocarro inferiore 35 q.;In marcia / fermata / arresto;Conducente;M;Illeso;0;;Non accertato;Esploso
2818727;18;17/05/2016 07:15;Statale;VIA AURELIA;da specificare;;;;ALTEZZA KM 12,000 DIREZIONE ROMA;Tamponamento Multiplo;Rettilineo;Due carreggiate;Asciutto;Asfaltata;Verticale ed orizzontale;Nuvoloso;Intenso;Buona;Ore Diurne;1;0;0;5;12.4138;41.89218;-1;1;Autocarro inferiore 35 q.;In marcia / fermata / arresto;Passeggero;M;Illeso;0;;Non accertato;Inesploso
2818727;18;17/05/2016 07:15;Statale;VIA AURELIA;da specificare;;;;ALTEZZA KM 12,000 DIREZIONE ROMA;Tamponamento Multiplo;Rettilineo;Due carreggiate;Asciutto;Asfaltata;Verticale ed orizzontale;Nuvoloso;Intenso;Buona;Ore Diurne;1;0;0;5;12.4138;41.89218;-1;2;Autovettura privata;In marcia / fermata / arresto;Conducente;M;Rimandato;0;NON DECEDUTO;Non accertato;Inesploso
2818727;18;17/05/2016 07:15;Statale;VIA AURELIA;da specificare;;;;ALTEZZA KM 12,000 DIREZIONE ROMA;Tamponamento Multiplo;Rettilineo;Due carreggiate;Asciutto;Asfaltata;Verticale ed orizzontale;Nuvoloso;Intenso;Buona;Ore Diurne;1;0;0;5;12.4138;41.89218;-1;3;Autovettura privata;In marcia / fermata / arresto;Conducente;F;Illeso;0;;Non accertato;Inesploso
2818727;18;17/05/2016 07:15;Statale;VIA AURELIA;da specificare;;;;ALTEZZA KM 12,000 DIREZIONE ROMA;Tamponamento Multiplo;Rettilineo;Due carreggiate;Asciutto;Asfaltata;Verticale ed orizzontale;Nuvoloso;Intenso;Buona;Ore Diurne;1;0;0;5;12.4138;41.89218;-1;4;Autocarro inferiore 35 q.;In marcia / fermata / arresto;Conducente;M;Illeso;0;;Non accertato;Inesistente
2818727;18;17/05/2016 07:15;Statale;VIA AURELIA;da specificare;;;;ALTEZZA KM 12,000 DIREZIONE ROMA;Tamponamento Multiplo;Rettilineo;Due carreggiate;Asciutto;Asfaltata;Verticale ed orizzontale;Nuvoloso;Intenso;Buona;Ore Diurne;1;0;0;5;12.4138;41.89218;-1;5;Autovettura privata;In marcia / fermata / arresto;Conducente;M;Illeso;0;;Non accertato;Inesploso
2818764;7;16/05/2016 11:30;Strada Urbana;VIA ANGELO VISCOGLIOSI;in corrispondenza;;del civico n.;71;;Infortunio per sola frenata improvvisa;Rettilineo;Una carreggiata a senso unico di marcia;Asciutto;Asfaltata;Verticale ed orizzontale;Sereno;Normale;Buona;Ore Diurne;1;0;0;2;12.58928;41.8827;-1;1;Autovettura privata;In marcia / fermata / arresto;Conducente;F;Illeso;0;;Non accertato;Inesploso
2818764;7;16/05/2016 11:30;Strada Urbana;VIA ANGELO VISCOGLIOSI;in corrispondenza;;del civico n.;71;;Infortunio per sola frenata improvvisa;Rettilineo;Una carreggiata a senso unico di marcia;Asciutto;Asfaltata;Verticale ed orizzontale;Sereno;Normale;Buona;Ore Diurne;1;0;0;2;12.58928;41.8827;-1;1;Autovettura privata;In marcia / fermata / arresto;Passeggero;F;Illeso;0;;Non accertato;Inesploso
2818764;7;16/05/2016 11:30;Strada Urbana;VIA ANGELO VISCOGLIOSI;in corrispondenza;;del civico n.;71;;Infortunio per sola frenata improvvisa;Rettilineo;Una carreggiata a senso unico di marcia;Asciutto;Asfaltata;Verticale ed orizzontale;Sereno;Normale;Buona;Ore Diurne;1;0;0;2;12.58928;41.8827;-1;2;Motociclo a solo;In marcia / fermata / arresto;Conducente;M;Ricoverato;0;NON DECEDUTO;Non accertato;
2818780;1;14/05/2016 12:50;Strada Urbana;VIA CESARE BATTISTI;in corrispondenza;;del civico n.;120/C;;Scontro laterale fra veicoli in marcia;Rettilineo;Una carreggiata a doppio senso;Bagnato (umidità in atto);In cubetti di porfido;Orizzontale;Nuvoloso;Intenso;Buona;Ore Diurne;1;0;0;1;12.48307;41.8964;-1;1;Motociclo a solo;In marcia / fermata / arresto;Conducente;F;Rifiuta cure immediate;0;NON DECEDUTO;Non accertato;
2818780;1;14/05/2016 12:50;Strada Urbana;VIA CESARE BATTISTI;in corrispondenza;;del civico n.;120/C;;Scontro laterale fra veicoli in marcia;Rettilineo;Una carreggiata a doppio senso;Bagnato (umidità in atto);In cubetti di porfido;Orizzontale;Nuvoloso;Intenso;Buona;Ore Diurne;1;0;0;1;12.48307;41.8964;-1;2;Autovettura pubblica;In marcia / fermata / arresto;Conducente;M;Illeso;0;;Non accertato;Inesploso
2818846;12;17/05/2016 09:00;Strada Urbana;VIA CRISTOFORO COLOMBO;da specificare;;;;altezza Km. 11,700 (Direzione Centro);Tamponamento Multiplo;Rettilineo;Due carreggiate;Asciutto;Asfaltata;Verticale ed orizzontale;Nuvoloso;Normale;Buona;Ore Diurne;0;0;0;4;12.42449;41.78815;-1;1;Autovettura privata;In marcia / fermata / arresto;Conducente;M;Illeso;0;;Non accertato;Inesploso
2818846;12;17/05/2016 09:00;Strada Urbana;VIA CRISTOFORO COLOMBO;da specificare;;;;altezza Km. 11,700 (Direzione Centro);Tamponamento Multiplo;Rettilineo;Due carreggiate;Asciutto;Asfaltata;Verticale ed orizzontale;Nuvoloso;Normale;Buona;Ore Diurne;0;0;0;4;12.42449;41.78815;-1;1;Autovettura privata;In marcia / fermata / arresto;Passeggero;F;Illeso;0;;Non accertato;Inesploso
2818846;12;17/05/2016 09:00;Strada Urbana;VIA CRISTOFORO COLOMBO;da specificare;;;;altezza Km. 11,700 (Direzione Centro);Tamponamento Multiplo;Rettilineo;Due carreggiate;Asciutto;Asfaltata;Verticale ed orizzontale;Nuvoloso;Normale;Buona;Ore Diurne;0;0;0;4;12.42449;41.78815;-1;2;Autovettura privata;In marcia / fermata / arresto;Conducente;F;Illeso;0;;Non accertato;Inesploso
2818846;12;17/05/2016 09:00;Strada Urbana;VIA CRISTOFORO COLOMBO;da specificare;;;;altezza Km. 11,700 (Direzione Centro);Tamponamento Multiplo;Rettilineo;Due carreggiate;Asciutto;Asfaltata;Verticale ed orizzontale;Nuvoloso;Normale;Buona;Ore Diurne;0;0;0;4;12.42449;41.78815;-1;3;Autovettura privata;In marcia / fermata / arresto;Conducente;M;Illeso;0;;Non accertato;Inesploso
2818848;2;17/05/2016 11:15;Strada Urbana;VIALE BRUNO BUOZZI;in corrispondenza;;del civico n.;100;;Infortunio per sola frenata improvvisa;Rettilineo;Una carreggiata a doppio senso;Asciutto;Asfaltata;Verticale ed orizzontale;Nuvoloso;Normale;Buona;Ore Diurne;1;0;0;2;12.47838;41.91928;-1;1;Motociclo a solo;In marcia / fermata / arresto;Conducente;M;Rimandato;0;NON DECEDUTO;Non accertato;
2818848;2;17/05/2016 11:15;Strada Urbana;VIALE BRUNO BUOZZI;in corrispondenza;;del civico n.;100;;Infortunio per sola frenata improvvisa;Rettilineo;Una carreggiata a doppio senso;Asciutto;Asfaltata;Verticale ed orizzontale;Nuvoloso;Normale;Buona;Ore Diurne;1;0;0;2;12.47838;41.91928;-1;2;Autovettura privata;In marcia / fermata / arresto;Conducente;F;Illeso;0;;Non accertato;Inesploso
2818848;2;17/05/2016 11:15;Strada Urbana;VIALE BRUNO BUOZZI;in corrispondenza;;del civico n.;100;;Infortunio per sola frenata improvvisa;Rettilineo;Una carreggiata a doppio senso;Asciutto;Asfaltata;Verticale ed orizzontale;Nuvoloso;Normale;Buona;Ore Diurne;1;0;0;2;12.47838;41.91928;-1;2;Autovettura privata;In marcia / fermata / arresto;Passeggero;M;Illeso;0;;Non accertato;Inesploso
2818908;18;17/05/2016 08:00;Strada Urbana;LARGO LUCIANO TAVAZZA;all'intersezione con;VIA ODOARDO GIOVE;VIA ODOARDO GIOVE;;;Scontro frontale/laterale DX fra veicoli in marcia;Intersezione stradale segnalata;Una carreggiata a doppio senso;Asciutto;Asfaltata;Verticale ed orizzontale;Nuvoloso;Normale;Buona;Ore Diurne;0;0;0;2;12.49637;41.90278;-1;1;Autovettura privata;In marcia / fermata / arresto;Conducente;F;Illeso;0;;Non accertato;Inesploso
2818908;18;17/05/2016 08:00;Strada Urbana;LARGO LUCIANO TAVAZZA;all'intersezione con;VIA ODOARDO GIOVE;VIA ODOARDO GIOVE;;;Scontro frontale/laterale DX fra veicoli in marcia;Intersezione stradale segnalata;Una carreggiata a doppio senso;Asciutto;Asfaltata;Verticale ed orizzontale;Nuvoloso;Normale;Buona;Ore Diurne;0;0;0;2;12.49637;41.90278;-1;2;Autovettura privata;In marcia / fermata / arresto;Conducente;M;Illeso;0;;Non accertato;Inesploso
2818997;18;17/05/2016 11:30;Strada Urbana;VIA DI CASAL DEL MARMO;in corrispondenza;;del civico n.;742;;Tamponamento Multiplo;Rettilineo;Una carreggiata a doppio senso;Asciutto;Asfaltata;Orizzontale;Sereno;Normale;Buona;Ore Diurne;1;0;0;2;12.38398;41.91695;-1;1;Autovettura privata;In marcia / fermata / arresto;Conducente;M;Illeso;0;;Non accertato;Inesistente
2818997;18;17/05/2016 11:30;Strada Urbana;VIA DI CASAL DEL MARMO;in corrispondenza;;del civico n.;742;;Tamponamento Multiplo;Rettilineo;Una carreggiata a doppio senso;Asciutto;Asfaltata;Orizzontale;Sereno;Normale;Buona;Ore Diurne;1;0;0;2;12.38398;41.91695;-1;2;Autovettura privata;In marcia / fermata / arresto;Conducente;M;Rimandato;0;NON DECEDUTO;;
2818997;18;17/05/2016 11:30;Strada Urbana;VIA DI CASAL DEL MARMO;in corrispondenza;;del civico n.;742;;Tamponamento Multiplo;Rettilineo;Una carreggiata a doppio senso;Asciutto;Asfaltata;Orizzontale;Sereno;Normale;Buona;Ore Diurne;1;0;0;2;12.38398;41.91695;-1;3;Autovettura privata;In marcia / fermata / arresto;Conducente;M;Illeso;0;;Non accertato;Inesploso
2819002;12;17/05/2016 09:20;Strada Urbana;VIALE DELL'ASTRONOMIA;all'intersezione con;VIALE PASTEUR;VIALE PASTEUR;;;Scontro frontale/laterale DX fra veicoli in marcia;Incrocio;Una carreggiata a doppio senso;Asciutto;Asfaltata;Verticale ed orizzontale;Sereno;Normale;Buona;Ore Diurne;1;0;0;1;12.46515;41.83478;-1;1;Autovettura privata;In marcia / fermata / arresto;Conducente;F;Ricoverato;0;NON DECEDUTO;Non accertato;Inesploso
2819002;12;17/05/2016 09:20;Strada Urbana;VIALE DELL'ASTRONOMIA;all'intersezione con;VIALE PASTEUR;VIALE PASTEUR;;;Scontro frontale/laterale DX fra veicoli in marcia;Incrocio;Una carreggiata a doppio senso;Asciutto;Asfaltata;Verticale ed orizzontale;Sereno;Normale;Buona;Ore Diurne;1;0;0;1;12.46515;41.83478;-1;2;Autovettura privata;In marcia / fermata / arresto;Conducente;M;Illeso;0;;Non accertato;Inesploso
2819039;10;17/05/2016 11:30;Strada Urbana;VIA APPIA NUOVA;in corrispondenza;;del palo luce n.;393/394;;Tamponamento;Rettilineo;Una carreggiata a senso unico di marcia;Asciutto;Asfaltata;Verticale ed orizzontale;Sereno;Scarso;Buona;Ore Diurne;1;0;0;1;12.55422;41.83227;-1;1;Motociclo a solo;In marcia / fermata / arresto;Conducente;M;Ricoverato;0;NON DECEDUTO;Non accertato;