Protocollo;Gruppo;DataOraIncidente;Localizzazione1;STRADA1;Localizzazione2;STRADA2;Strada02;Chilometrica;DaSpecificare;NaturaIncidente;particolaritastrade;TipoStrada;FondoStradale;Pavimentazione;Segnaletica;CondizioneAtmosferica;Traffico;Visibilita;Illuminazione;NUM_FERITI;NUM_RISERVATA;NUM_MORTI;NUM_ILLESI;Longitudine;Latitudine;Confermato;Progressivo;TipoVeicolo;StatoVeicolo;TipoPersona;Sesso;Tipolesione;Deceduto;DecedutoDopo;CinturaCascoUtilizzato;Airbag
2819039;10;17/05/2016 11:30;Strada Urbana;VIA APPIA NUOVA;in corrispondenza;;del palo luce n.;393/394;;Tamponamento;Rettilineo;Una carreggiata a senso unico di marcia;Asciutto;Asfaltata;Verticale ed orizzontale;Sereno;Scarso;Buona;Ore Diurne;1;0;0;1;12.55422;41.83227;-1;2;Autocarro inferiore 35 q.;In marcia / fermata / arresto;Conducente;M;Illeso;0;;Non accertato;Inesistente
2819049;26;17/05/2016 09:00;Strada Urbana;PIAZZA DELLA CONSOLAZIONE;all'intersezione con;VICO JUGARIO;VICO JUGARIO;;;Infortunio per caduta del veicolo;Incrocio;Una carreggiata a senso unico di marcia;Bagnato (umidità in atto);In cubetti di porfido;Verticale ed orizzontale;Nuvoloso;Normale;Buona;Ore Diurne;1;0;0;0;12.48202;41.891;-1;1;Motociclo a solo;In marcia / fermata / arresto;Conducente;M;Rimandato;0;NON DECEDUTO;Utilizzato;
2819074;15;17/05/2016 09:15;Strada Urbana;VIA PIETRO BLASERNA;in corrispondenza;;del civico n.;31;;Veicolo in marcia contro veicolo in sosta;Rettilineo;Una carreggiata a doppio senso;Asciutto;Asfaltata;Orizzontale;Sereno;Normale;Buona;Ore Diurne;0;0;0;1;12.46998;41.86568;-1;2;Autovettura privata;In marcia / fermata / arresto;Conducente;M;Illeso;0;;Utilizzato;
2819088;15;17/05/2016 09:15;Strada Urbana;VIA DELLE VIGNE;da specificare;;;;corrispondenza fronte civico 84;Scontro frontale/laterale SX fra veicoli in marcia;Rettilineo;Una carreggiata a doppio senso;Bagnato (pioggia);Asfaltata;Orizzontale;Nuvoloso;Normale;Buona;Ore Diurne;0;0;0;3;12.42195;41.84034;-1;1;Autovettura privata;In marcia / fermata / arresto;Conducente;F;Illeso;0;;;
2819088;15;17/05/2016 09:15;Strada Urbana;VIA DELLE VIGNE;da specificare;;;;corrispondenza fronte civico 84;Scontro frontale/laterale SX fra veicoli in marcia;Rettilineo;Una carreggiata a doppio senso;Bagnato (pioggia);Asfaltata;Orizzontale;Nuvoloso;Normale;Buona;Ore Diurne;0;0;0;3;12.42195;41.84034;-1;2;Autovettura privata;In marcia / fermata / arresto;Conducente;M;Illeso;0;;;
2819088;15;17/05/2016 09:15;Strada Urbana;VIA DELLE VIGNE;da specificare;;;;corrispondenza fronte civico 84;Scontro frontale/laterale SX fra veicoli in marcia;Rettilineo;Una carreggiata a doppio senso;Bagnato (pioggia);Asfaltata;Orizzontale;Nuvoloso;Normale;Buona;Ore Diurne;0;0;0;3;12.42195;41.84034;-1;3;Autovettura privata;In marcia / fermata / arresto;Conducente;M;Illeso;0;;;
2819110;2;17/05/2016 10:45;Strada Urbana;VIA METAURO;in prossimità;;del civico n.;35;;Veicolo in marcia contro veicolo in sosta;Rettilineo;Una carreggiata a senso unico di marcia;Asciutto;Asfaltata;Verticale ed orizzontale;Nuvoloso;Normale;Buona;Ore Diurne;0;0;0;1;12.49859;41.91817;-1;1;Motociclo a solo;In marcia / fermata / arresto;Conducente;M;Illeso;0;;Non accertato;
2819128;15;17/05/2016 11:02;Strada Urbana;VIA DELLA MAGLIANA;da specificare;;;;altezza stazione Muratella;Scontro frontale/laterale DX fra veicoli in marcia;Rettilineo;Una carreggiata a doppio senso;Asciutto;Asfaltata;Verticale ed orizzontale;Sereno;Normale;Buona;Ore Diurne;1;0;0;1;12.42401;41.83394;-1;1;Autovettura privata;In marcia / fermata / arresto;Conducente;M;Illeso;0;;;
2819128;15;17/05/2016 11:02;Strada Urbana;VIA DELLA MAGLIANA;da specificare;;;;altezza stazione Muratella;Scontro frontale/laterale DX fra veicoli in marcia;Rettilineo;Una carreggiata a doppio senso;Asciutto;Asfaltata;Verticale ed orizzontale;Sereno;Normale;Buona;Ore Diurne;1;0;0;1;12.42401;41.83394;-1;2;Motociclo a solo;In marcia / fermata / arresto;Conducente;M;Rimandato;0;NON DECEDUTO;;
2819153;6;17/05/2016 12:35;Strada Urbana;VIA TEANO;all'intersezione con;VIA AQUILONIA;VIA AQUILONIA;;;Scontro frontale/laterale DX fra veicoli in marcia;Incrocio;Due carreggiate;Asciutto;Asfaltata;Verticale ed orizzontale;Nuvoloso;Normale;Buona;Ore Diurne;1;0;0;1;12.54997;41.88953;-1;1;Autovettura privata;In marcia / fermata / arresto;Conducente;M;Illeso;0;;;
2819153;6;17/05/2016 12:35;Strada Urbana;VIA TEANO;all'intersezione con;VIA AQUILONIA;VIA AQUILONIA;;;Scontro frontale/laterale DX fra veicoli in marcia;Incrocio;Due carreggiate;Asciutto;Asfaltata;Verticale ed orizzontale;Nuvoloso;Normale;Buona;Ore Diurne;1;0;0;1;12.54997;41.88953;-1;2;Motociclo a solo;In marcia / fermata / arresto;Conducente;M;Rimandato;0;NON DECEDUTO;;
2819193;9;17/05/2016 11:30;Strada Urbana;VIA BITINIA;da specificare;;;;fronte civico 23;Veicolo in marcia contro veicolo in sosta;Rettilineo;Una carreggiata a senso unico di marcia;Asciutto;Asfaltata;Verticale ed orizzontale;Nuvoloso;Scarso;Buona;Ore Diurne;0;0;0;1;12.50822;41.87924;-1;1;Autovettura privata;In marcia / fermata / arresto;Conducente;M;Illeso;0;;Non accertato;Inesploso
2819296;9;17/05/2016 15:50;Strada Urbana;VIA TUSCOLANA;in corrispondenza;;del civico n.;417;;Scontro laterale fra veicoli in marcia;Rettilineo;Una carreggiata a senso unico di marcia;Asciutto;Asfaltata;Orizzontale;Sereno;Normale;Buona;Ore Diurne;0;0;0;2;12.53535;41.87091;-1;1;Autovettura privata;In marcia / fermata / arresto;Conducente;M;Illeso;0;;;
2819296;9;17/05/2016 15:50;Strada Urbana;VIA TUSCOLANA;in corrispondenza;;del civico n.;417;;Scontro laterale fra veicoli in marcia;Rettilineo;Una carreggiata a senso unico di marcia;Asciutto;Asfaltata;Orizzontale;Sereno;Normale;Buona;Ore Diurne;0;0;0;2;12.53535;41.87091;-1;2;Autovettura privata;In marcia / fermata / arresto;Conducente;M;Illeso;0;;;
2819404;6;17/05/2016 16:10;Strada Urbana;VIA DI ACQUA BULLICANTE;all'intersezione con;VIA ANACAPRI;VIA ANACAPRI;;;Tamponamento Multiplo;Incrocio;Una carreggiata a doppio senso;Asciutto;Asfaltata;Orizzontale;Nuvoloso;Normale;Buona;Ore Diurne;1;0;0;5;12.54207;41.88706;-1;1;Autovettura privata;In marcia / fermata / arresto;Conducente;M;Illeso;0;;;
2819404;6;17/05/2016 16:10;Strada Urbana;VIA DI ACQUA BULLICANTE;all'intersezione con;VIA ANACAPRI;VIA ANACAPRI;;;Tamponamento Multiplo;Incrocio;Una carreggiata a doppio senso;Asciutto;Asfaltata;Orizzontale;Nuvoloso;Normale;Buona;Ore Diurne;1;0;0;5;12.54207;41.88706;-1;1;Autovettura privata;In marcia / fermata / arresto;Passeggero;M;Illeso;0;;;
2819404;6;17/05/2016 16:10;Strada Urbana;VIA DI ACQUA BULLICANTE;all'intersezione con;VIA ANACAPRI;VIA ANACAPRI;;;Tamponamento Multiplo;Incrocio;Una carreggiata a doppio senso;Asciutto;Asfaltata;Orizzontale;Nuvoloso;Normale;Buona;Ore Diurne;1;0;0;5;12.54207;41.88706;-1;2;Autovettura privata;In marcia / fermata / arresto;Conducente;M;Illeso;0;;;
2819404;6;17/05/2016 16:10;Strada Urbana;VIA DI ACQUA BULLICANTE;all'intersezione con;VIA ANACAPRI;VIA ANACAPRI;;;Tamponamento Multiplo;Incrocio;Una carreggiata a doppio senso;Asciutto;Asfaltata;Orizzontale;Nuvoloso;Normale;Buona;Ore Diurne;1;0;0;5;12.54207;41.88706;-1;2;Autovettura privata;In marcia / fermata / arresto;Passeggero;F;Illeso;0;;;
2819404;6;17/05/2016 16:10;Strada Urbana;VIA DI ACQUA BULLICANTE;all'intersezione con;VIA ANACAPRI;VIA ANACAPRI;;;Tamponamento Multiplo;Incrocio;Una carreggiata a doppio senso;Asciutto;Asfaltata;Orizzontale;Nuvoloso;Normale;Buona;Ore Diurne;1;0;0;5;12.54207;41.88706;-1;2;Autovettura privata;In marcia / fermata / arresto;Passeggero;M;Rimandato;0;NON DECEDUTO;;
2819404;6;17/05/2016 16:10;Strada Urbana;VIA DI ACQUA BULLICANTE;all'intersezione con;VIA ANACAPRI;VIA ANACAPRI;;;Tamponamento Multiplo;Incrocio;Una carreggiata a doppio senso;Asciutto;Asfaltata;Orizzontale;Nuvoloso;Normale;Buona;Ore Diurne;1;0;0;5;12.54207;41.88706;-1;3;Autovettura privata;In marcia / fermata / arresto;Conducente;M;Illeso;0;;;
2819460;19;17/05/2016 13:30;Strada Urbana;VIA PROBA PETRONIA;in prossimità;;del civico n.;64;;Investimento di pedone;Rettilineo;Una carreggiata a doppio senso;Asciutto;Asfaltata;Orizzontale;Sereno;Scarso;Buona;Ore Diurne;2;0;0;1;12.43646;41.91303;-1;;;;Pedone;F;Rifiuta cure immediate;0;NON DECEDUTO;;
2819460;19;17/05/2016 13:30;Strada Urbana;VIA PROBA PETRONIA;in prossimità;;del civico n.;64;;Investimento di pedone;Rettilineo;Una carreggiata a doppio senso;Asciutto;Asfaltata;Orizzontale;Sereno;Scarso;Buona;Ore Diurne;2;0;0;1;12.43646;41.91303;-1;;;;Pedone;M;Rifiuta cure immediate;0;NON DECEDUTO;;
2819460;19;17/05/2016 13:30;Strada Urbana;VIA PROBA PETRONIA;in prossimità;;del civico n.;64;;Investimento di pedone;Rettilineo;Una carreggiata a doppio senso;Asciutto;Asfaltata;Orizzontale;Sereno;Scarso;Buona;Ore Diurne;2;0;0;1;12.43646;41.91303;-1;1;Autovettura privata;In marcia / fermata / arresto;Conducente;M;Illeso;0;;Non accertato;Inesploso
2819510;2;17/05/2016 16:40;Strada Urbana;VIALE DEL VIGNOLA;in prossimità;;del civico n.;42;;Investimento di pedone;Rettilineo;Due carreggiate;Asciutto;Asfaltata;Verticale ed orizzontale;Sereno;Normale;Buona;Ore Diurne;1;0;0;2;12.46902;41.92483;-1;;;;Pedone;M;Rimandato;0;NON DECEDUTO;;
2819510;2;17/05/2016 16:40;Strada Urbana;VIALE DEL VIGNOLA;in prossimità;;del civico n.;42;;Investimento di pedone;Rettilineo;Due carreggiate;Asciutto;Asfaltata;Verticale ed orizzontale;Sereno;Normale;Buona;Ore Diurne;1;0;0;2;12.46902;41.92483;-1;1;Motociclo con passeggero;In marcia / fermata / arresto;Conducente;M;Illeso;0;;Non accertato;
2819510;2;17/05/2016 16:40;Strada Urbana;VIALE DEL VIGNOLA;in prossimità;;del civico n.;42;;Investimento di pedone;Rettilineo;Due carreggiate;Asciutto;Asfaltata;Verticale ed orizzontale;Sereno;Normale;Buona;Ore Diurne;1;0;0;2;12.46902;41.92483;-1;1;Motociclo con passeggero;In marcia / fermata / arresto;Passeggero;M;Illeso;0;;Non accertato;
2819554;19;18/05/2016 19:20;Strada Urbana;VIA GIOVANNI ARTIERI;da specificare;;;;PROSS. VIA E. SANTAMARIA;Scontro laterale fra veicoli in marcia;Rettilineo;Una carreggiata a doppio senso;Asciutto;Sterrata;Assente;Nuvoloso;Scarso;Buona;Ore Diurne;0;0;0;2;12.39994;41.9357;-1;1;Autovettura privata;In marcia / fermata / arresto;Conducente;F;Illeso;0;;;
2819554;19;18/05/2016 19:20;Strada Urbana;VIA GIOVANNI ARTIERI;da specificare;;;;PROSS. VIA E. SANTAMARIA;Scontro laterale fra veicoli in marcia;Rettilineo;Una carreggiata a doppio senso;Asciutto;Sterrata;Assente;Nuvoloso;Scarso;Buona;Ore Diurne;0;0;0;2;12.39994;41.9357;-1;2;Autovettura privata;In marcia / fermata / arresto;Conducente;M;Illeso;0;;;
2819577;19;17/05/2016 16:00;Strada Urbana;VIA TRIONFALE;in corrispondenza;;del civico n.;9298;;Scontro frontale fra veicoli in marcia;Rettilineo;Una carreggiata a doppio senso;Asciutto;Asfaltata;Orizzontale;Sereno;Intenso;Buona;Ore Diurne;1;0;0;1;12.41881;41.94387;-1;1;Autocarro inferiore 35 q.;In marcia / fermata / arresto;Conducente;M;Illeso;0;;Non accertato;Inesploso
2819577;19;17/05/2016 16:00;Strada Urbana;VIA TRIONFALE;in corrispondenza;;del civico n.;9298;;Scontro frontale fra veicoli in marcia;Rettilineo;Una carreggiata a doppio senso;Asciutto;Asfaltata;Orizzontale;Sereno;Intenso;Buona;Ore Diurne;1;0;0;1;12.41881;41.94387;-1;2;Motociclo a solo;In marcia / fermata / arresto;Conducente;M;Ricoverato;0;NON DECEDUTO;Non accertato;
2819791;15;17/05/2016 14:20;Strada Urbana;VIA DELLA MAGLIANA;all'intersezione con;VIA DEI GROTTONI;VIA DEI GROTTONI;;;Scontro laterale fra veicoli in marcia;Intersezione semaforizzata;Una carreggiata a doppio senso;Asciutto;Asfaltata;Verticale ed orizzontale;Nuvoloso;Normale;Buona;Ore Diurne;0;0;0;1;12.42401;41.83394;-1;1;Autocarro inferiore 35 q.;In marcia / fermata / arresto;Conducente;M;Illeso;0;;Utilizzato;Inesploso
2819794;15;17/05/2016 20:00;Strada Urbana;VIA LUIGI ERCOLE MORSELLI;da specificare;;;;circa 400 mt. prima del ponte ferroviario L. Dasti;Scontro laterale fra veicoli in marcia;Rettilineo;Una carreggiata a doppio senso;Asciutto;Asfaltata;Orizzontale;Sereno;Normale;Sufficiente;Ore Diurne;1;0;0;1;12.41351;41.8264;-1;1;Autovettura pubblica;In marcia / fermata / arresto;Conducente;M;Illeso;0;;Non accertato;Inesploso
2819794;15;17/05/2016 20:00;Strada Urbana;VIA LUIGI ERCOLE MORSELLI;da specificare;;;;circa 400 mt. prima del ponte ferroviario L. Dasti;Scontro laterale fra veicoli in marcia;Rettilineo;Una carreggiata a doppio senso;Asciutto;Asfaltata;Orizzontale;Sereno;Normale;Sufficiente;Ore Diurne;1;0;0;1;12.41351;41.8264;-1;2;Motociclo a solo;In marcia / fermata / arresto;Conducente;M;Rimandato;0;NON DECEDUTO;Utilizzato;
2819851;5;17/05/2016 11:00;Strada Urbana;VIA YAMBO;in corrispondenza;;del civico n.;30;;Veicolo in marcia contro veicoli in sosta;Rettilineo;Una carreggiata a senso unico di marcia;Asciutto;Asfaltata;Assente;Sereno;Scarso;Buona;Ore Diurne;0;0;0;1;12.54976;41.90813;-1;1;Autocarro inferiore 35 q.;In marcia / fermata / arresto;Conducente;M;Illeso;0;;Non accertato;Inesploso
2819860;5;17/05/2016 16:00;Strada Urbana;LARGO GIOVANNI PITTALUGA;all'intersezione con;VIA GIOVANNI PITTALUGA;VIA GIOVANNI PITTALUGA;;;Scontro frontale/laterale SX fra veicoli in marcia;Incrocio;Due carreggiate;Asciutto;Asfaltata;Verticale ed orizzontale;Nuvoloso;Normale;Buona;Ore Diurne;0;0;0;2;12.53693;41.8998;-1;1;Autovettura pubblica;In marcia / fermata / arresto;Conducente;M;Illeso;0;;Non accertato;
2819860;5;17/05/2016 16:00;Strada Urbana;LARGO GIOVANNI PITTALUGA;all'intersezione con;VIA GIOVANNI PITTALUGA;VIA GIOVANNI PITTALUGA;;;Scontro frontale/laterale SX fra veicoli in marcia;Incrocio;Due carreggiate;Asciutto;Asfaltata;Verticale ed orizzontale;Nuvoloso;Normale;Buona;Ore Diurne;0;0;0;2;12.53693;41.8998;-1;2;Autovettura privata;In marcia / fermata / arresto;Conducente;F;Illeso;0;;Non accertato;
2819870;11;17/05/2016 08:40;Strada Urbana;VIA CRISTOFORO COLOMBO;da specificare;;;;controlaterale area parcheggio pross. A. Severo;Scontro frontale fra veicoli in marcia;Rettilineo;Una carreggiata a doppio senso;Bagnato (umidità in atto);Asfaltata;Verticale ed orizzontale;Nuvoloso;Scarso;Buona;Ore Diurne;1;0;0;1;12.42449;41.78815;-1;1;Autovettura privata;In marcia / fermata / arresto;Conducente;M;Illeso;0;;Non accertato;Inesploso
2819870;11;17/05/2016 08:40;Strada Urbana;VIA CRISTOFORO COLOMBO;da specificare;;;;controlaterale area parcheggio pross. A. Severo;Scontro frontale fra veicoli in marcia;Rettilineo;Una carreggiata a doppio senso;Bagnato (umidità in atto);Asfaltata;Verticale ed orizzontale;Nuvoloso;Scarso;Buona;Ore Diurne;1;0;0;1;12.42449;41.78815;-1;2;Motociclo a solo;In marcia / fermata / arresto;Conducente;F;Rimandato;0;NON DECEDUTO;;
2819871;11;17/05/2016 13:20;Strada Urbana;VIA ROCCO DA CESINALE;in prossimità;;del civico n.;3;;Investimento di pedone;Rettilineo;Una carreggiata a senso unico di marcia;Asciutto;Asfaltata;Verticale ed orizzontale;Nuvoloso;Scarso;Buona;Ore Diurne;1;0;0;1;12.49089;41.86546;-1;;;;Pedone;M;Rifiuta cure immediate;0;NON DECEDUTO;;
2819871;11;17/05/2016 13:20;Strada Urbana;VIA ROCCO DA CESINALE;in prossimità;;del civico n.;3;;Investimento di pedone;Rettilineo;Una carreggiata a senso unico di marcia;Asciutto;Asfaltata;Verticale ed orizzontale;Nuvoloso;Scarso;Buona;Ore Diurne;1;0;0;1;12.49089;41.86546;-1;1;Autovettura privata;In marcia / fermata / arresto;Conducente;M;Illeso;0;;Non accertato;Inesploso
2819873;20;17/05/2016 19:45;Regionale entro l'abitato;VIA CASSIA;in prossimità;;del civico n.;1541;;Scontro frontale fra veicoli in marcia;Rettilineo;Una carreggiata a doppio senso;Asciutto;Asfaltata;Verticale ed orizzontale;Sereno;Normale;Buona;Ore Diurne;1;0;0;1;12.3863;41.99969;-1;1;Autovettura privata;In marcia / fermata / arresto;Conducente;F;Illeso;0;;;
2819873;20;17/05/2016 19:45;Regionale entro l'abitato;VIA CASSIA;in prossimità;;del civico n.;1541;;Scontro frontale fra veicoli in marcia;Rettilineo;Una carreggiata a doppio senso;Asciutto;Asfaltata;Verticale ed orizzontale;Sereno;Normale;Buona;Ore Diurne;1;0;0;1;12.3863;41.99969;-1;2;Autovettura privata;In marcia / fermata / arresto;Conducente;M;Rimandato;0;NON DECEDUTO;;
2819884;10;17/05/2016 07:55;Strada Urbana;VIA DI CASAL MORENA;da specificare;;;;200 mt circa ponte tuscolana;Scontro laterale fra veicoli in marcia;Curva a visuale libera;Una carreggiata a doppio senso;Bagnato (umidità in atto);Asfaltata;Verticale ed orizzontale;Nuvoloso;Normale;Buona;Ore Diurne;0;0;0;3;12.6171;41.8235;-1;1;Autovettura privata;In marcia / fermata / arresto;Conducente;M;Illeso;0;;Non accertato;Inesploso
2819884;10;17/05/2016 07:55;Strada Urbana;VIA DI CASAL MORENA;da specificare;;;;200 mt circa ponte tuscolana;Scontro laterale fra veicoli in marcia;Curva a visuale libera;Una carreggiata a doppio senso;Bagnato (umidità in atto);Asfaltata;Verticale ed orizzontale;Nuvoloso;Normale;Buona;Ore Diurne;0;0;0;3;12.6171;41.8235;-1;1;Autovettura privata;In marcia / fermata / arresto;Passeggero;F;Illeso;0;;Non accertato;Inesploso
2819884;10;17/05/2016 07:55;Strada Urbana;VIA DI CASAL MORENA;da specificare;;;;200 mt circa ponte tuscolana;Scontro laterale fra veicoli in marcia;Curva a visuale libera;Una carreggiata a doppio senso;Bagnato (umidità in atto);Asfaltata;Verticale ed orizzontale;Nuvoloso;Normale;Buona;Ore Diurne;0;0;0;3;12.6171;41.8235;-1;2;Autovettura privata;In marcia / fermata / arresto;Conducente;M;Illeso;0;;Non accertato;Inesploso
2819885;11;17/05/2016 08:00;Strada Urbana;VIA CRISTOFORO COLOMBO;in corrispondenza;;del civico n.;271;;Veicolo in marcia contro veicolo in sosta;Rettilineo;Una carreggiata a doppio senso;Asciutto;Asfaltata;Verticale ed orizzontale;Nuvoloso;Normale;Buona;Ore Diurne;0;0;0;1;12.49573;41.85788;-1;1;Autovettura privata;In marcia / fermata / arresto;Conducente;M;Illeso;0;;Non accertato;Inesploso
2819889;7;17/05/2016 11:30;Strada Urbana;VIA WALTER TOBAGI;all'intersezione con;VIA DI TOR TRE TESTE;VIA DI TOR TRE TESTE;;;Scontro laterale fra veicoli in marcia;Incrocio;Una carreggiata a doppio senso;Asciutto;Asfaltata;Verticale ed orizzontale;Sereno;Normale;Buona;Ore Diurne;0;0;0;2;12.5933;41.88365;-1;1;Autovettura privata;In marcia / fermata / arresto;Conducente;M;Illeso;0;;Non accertato;Inesploso
2819889;7;17/05/2016 11:30;Strada Urbana;VIA WALTER TOBAGI;all'intersezione con;VIA DI TOR TRE TESTE;VIA DI TOR TRE TESTE;;;Scontro laterale fra veicoli in marcia;Incrocio;Una carreggiata a doppio senso;Asciutto;Asfaltata;Verticale ed orizzontale;Sereno;Normale;Buona;Ore Diurne;0;0;0;2;12.5933;41.88365;-1;2;Autovettura privata;In marcia / fermata / arresto;Conducente;F;Illeso;0;;Non accertato;Inesploso
2819894;5;17/05/2016 16:30;Statale;VIA DEL CASALE DI S. BASILIO;in prossimità;;del civico n.;51;;Tamponamento Multiplo;Rettilineo;Una carreggiata a senso unico alternato;Asciutto;Fondo naturale;Orizzontale;Nuvoloso;Intenso;Buona;Ore Diurne;0;0;0;3;12.56929;41.94428;-1;1;Autovettura privata;In marcia / fermata / arresto;Conducente;M;Illeso;0;;Non accertato;
2819894;5;17/05/2016 16:30;Statale;VIA DEL CASALE DI S. BASILIO;in prossimità;;del civico n.;51;;Tamponamento Multiplo;Rettilineo;Una carreggiata a senso unico alternato;Asciutto;Fondo naturale;Orizzontale;Nuvoloso;Intenso;Buona;Ore Diurne;0;0;0;3;12.56929;41.94428;-1;2;Autovettura privata;In marcia / fermata / arresto;Conducente;M;Illeso;0;;Non accertato;
2819894;5;17/05/2016 16:30;Statale;VIA DEL CASALE DI S. BASILIO;in prossimità;;del civico n.;51;;Tamponamento Multiplo;Rettilineo;Una carreggiata a senso unico alternato;Asciutto;Fondo naturale;Orizzontale;Nuvoloso;Intenso;Buona;Ore Diurne;0;0;0;3;12.56929;41.94428;-1;3;Autovettura privata;In marcia / fermata / arresto;Conducente;M;Illeso;0;;Non accertato;
2819895;20;17/05/2016 16:30;Strada Urbana;VIA DELLA STAZIONE DI CESANO;all'intersezione con;VIA BRACCIANENSE;VIA BRACCIANENSE;;;Tamponamento;Intersezione stradale segnalata;Una carreggiata a doppio senso;Asciutto;Asfaltata;Verticale;Sereno;Scarso;Buona;Ore Diurne;0;0;0;2;12.31528;42.03643;-1;1;Autocarro inferiore 35 q.;In marcia / fermata / arresto;Conducente;M;Illeso;0;;Non accertato;
2819895;20;17/05/2016 16:30;Strada Urbana;VIA DELLA STAZIONE DI CESANO;all'intersezione con;VIA BRACCIANENSE;VIA BRACCIANENSE;;;Tamponamento;Intersezione stradale segnalata;Una carreggiata a doppio senso;Asciutto;Asfaltata;Verticale;Sereno;Scarso;Buona;Ore Diurne;0;0;0;2;12.31528;42.03643;-1;2;Autovettura privata;In marcia / fermata / arresto;Conducente;F;Illeso;0;;Non accertato;
2819909;12;17/05/2016 17:00;Strada Urbana;VIALE SS. PIETRO E PAOLO;da specificare;;;;altezza viale Europa (scalinata);Scontro frontale/laterale DX fra veicoli in marcia;Rettilineo;Due carreggiate;Asciutto;Asfaltata;Verticale ed orizzontale;Sereno;Normale;Buona;Ore Diurne;0;0;0;4;12.45986;41.83359;-1;1;Quadriciclo leggero;In marcia / fermata / arresto;Conducente;F;Illeso;0;;Utilizzato;Inesploso
2819909;12;17/05/2016 17:00;Strada Urbana;VIALE SS. PIETRO E PAOLO;da specificare;;;;altezza viale Europa (scalinata);Scontro frontale/laterale DX fra veicoli in marcia;Rettilineo;Due carreggiate;Asciutto;Asfaltata;Verticale ed orizzontale;Sereno;Normale;Buona;Ore Diurne;0;0;0;4;12.45986;41.83359;-1;1;Quadriciclo leggero;In marcia / fermata / arresto;Passeggero;F;Illeso;0;;Utilizzato;Inesploso
2819909;12;17/05/2016 17:00;Strada Urbana;VIALE SS. PIETRO E PAOLO;da specificare;;;;altezza viale Europa (scalinata);Scontro frontale/laterale DX fra veicoli in marcia;Rettilineo;Due carreggiate;Asciutto;Asfaltata;Verticale ed orizzontale;Sereno;Normale;Buona;Ore Diurne;0;0;0;4;12.45986;41.83359;-1;2;Autovettura privata;In marcia / fermata / arresto;Conducente;F;Illeso;0;;Utilizzato;
2819909;12;17/05/2016 17:00;Strada Urbana;VIALE SS. PIETRO E PAOLO;da specificare;;;;altezza viale Europa (scalinata);Scontro frontale/laterale DX fra veicoli in marcia;Rettilineo;Due carreggiate;Asciutto;Asfaltata;Verticale ed orizzontale;Sereno;Normale;Buona;Ore Diurne;0;0;0;4;12.45986;41.83359;-1;2;Autovettura privata;In marcia / fermata / arresto;Passeggero;M;Illeso;0;;Utilizzato;Inesploso
2819910;5;17/05/2016 19:10;Strada Urbana;VIA TIBURTINA;all'intersezione con;VIA DI S. ROMANO;VIA DI S. ROMANO;;;Scontro laterale fra veicoli in marcia;Incrocio;Due carreggiate;Asciutto;Asfaltata;Verticale ed orizzontale;Sereno;Normale;Buona;Ore Diurne;0;0;0;2;12.53818;41.90835;-1;1;Autovettura privata;In marcia / fermata / arresto;Conducente;F;Illeso;0;;Non accertato;Inesistente
2819910;5;17/05/2016 19:10;Strada Urbana;VIA TIBURTINA;all'intersezione con;VIA DI S. ROMANO;VIA DI S. ROMANO;;;Scontro laterale fra veicoli in marcia;Incrocio;Due carreggiate;Asciutto;Asfaltata;Verticale ed orizzontale;Sereno;Normale;Buona;Ore Diurne;0;0;0;2;12.53818;41.90835;-1;2;Velocipede;In marcia / fermata / arresto;Conducente;F;Illeso;0;;Esente;
2819911;20;17/05/2016 08:47;Regionale entro l'abitato;VIA CASSIA;in prossimità;;del civico n.;1844;;Scontro frontale/laterale SX fra veicoli in marcia;Rettilineo;Una carreggiata a doppio senso;Bagnato (pioggia);Asfaltata;Verticale ed orizzontale;Pioggia in atto;Intenso;Buona;Ore Diurne;0;0;0;2;12.3772;42.01845;-1;1;Motociclo a solo;In marcia / fermata / arresto;Conducente;M;Illeso;0;;;
2819911;20;17/05/2016 08:47;Regionale entro l'abitato;VIA CASSIA;in prossimità;;del civico n.;1844;;Scontro frontale/laterale SX fra veicoli in marcia;Rettilineo;Una carreggiata a doppio senso;Bagnato (pioggia);Asfaltata;Verticale ed orizzontale;Pioggia in atto;Intenso;Buona;Ore Diurne;0;0;0;2;12.3772;42.01845;-1;2;Autovettura privata;In marcia / fermata / arresto;Conducente;F;Illeso;0;;Non accertato;Inesploso
2819912;13;17/05/2016 09:35;Strada Urbana;VIA DELLE AZZORRE;da specificare;;;;altezza civ. 316;Tamponamento;Rettilineo;Due carreggiate;Asciutto;Asfaltata;Orizzontale;Sereno;Normale;Buona;Ore Diurne;2;0;0;2;12.2738;41.74134;-1;;;;Pedone;F;Rifiuta cure immediate;0;NON DECEDUTO;;
2819912;13;17/05/2016 09:35;Strada Urbana;VIA DELLE AZZORRE;da specificare;;;;altezza civ. 316;Tamponamento;Rettilineo;Due carreggiate;Asciutto;Asfaltata;Orizzontale;Sereno;Normale;Buona;Ore Diurne;2;0;0;2;12.2738;41.74134;-1;1;Autovettura privata;In marcia / fermata / arresto;Conducente;F;Illeso;0;;Non accertato;Inesploso
2819912;13;17/05/2016 09:35;Strada Urbana;VIA DELLE AZZORRE;da specificare;;;;altezza civ. 316;Tamponamento;Rettilineo;Due carreggiate;Asciutto;Asfaltata;Orizzontale;Sereno;Normale;Buona;Ore Diurne;2;0;0;2;12.2738;41.74134;-1;2;Autovettura privata;In marcia / fermata / arresto;Conducente;F;Illeso;0;;Non accertato;Inesploso