Protocollo;Gruppo;DataOraIncidente;Localizzazione1;STRADA1;Localizzazione2;STRADA2;Strada02;Chilometrica;DaSpecificare;NaturaIncidente;particolaritastrade;TipoStrada;FondoStradale;Pavimentazione;Segnaletica;CondizioneAtmosferica;Traffico;Visibilita;Illuminazione;NUM_FERITI;NUM_RISERVATA;NUM_MORTI;NUM_ILLESI;Longitudine;Latitudine;Confermato;Progressivo;TipoVeicolo;StatoVeicolo;TipoPersona;Sesso;Tipolesione;Deceduto;DecedutoDopo;CinturaCascoUtilizzato;Airbag
2828591;20;23/05/2016 14:35;Strada Urbana;VIA FLAMINIA NUOVA;in prossimità;;del civico n.;299;;Tamponamento Multiplo;Rettilineo;Una carreggiata a doppio senso;Asciutto;Asfaltata;Verticale ed orizzontale;Nuvoloso;Intenso;Buona;Ore Diurne;2;0;0;4;12.47623;41.95439;-1;3;Autovettura privata;In marcia / fermata / arresto;Passeggero;F;Illeso;0;;;
2828591;20;23/05/2016 14:35;Strada Urbana;VIA FLAMINIA NUOVA;in prossimità;;del civico n.;299;;Tamponamento Multiplo;Rettilineo;Una carreggiata a doppio senso;Asciutto;Asfaltata;Verticale ed orizzontale;Nuvoloso;Intenso;Buona;Ore Diurne;2;0;0;4;12.47623;41.95439;-1;3;Autovettura privata;In marcia / fermata / arresto;Passeggero;F;Illeso;0;;;
2828591;20;23/05/2016 14:35;Strada Urbana;VIA FLAMINIA NUOVA;in prossimità;;del civico n.;299;;Tamponamento Multiplo;Rettilineo;Una carreggiata a doppio senso;Asciutto;Asfaltata;Verticale ed orizzontale;Nuvoloso;Intenso;Buona;Ore Diurne;2;0;0;4;12.47623;41.95439;-1;4;Autovettura privata;In marcia / fermata / arresto;Conducente;F;Illeso;0;;Non accertato;
2828595;20;23/05/2016 12:06;Strada Urbana;VIALE DI TOR DI QUINTO;in corrispondenza;;del civico n.;35;;Scontro laterale fra veicoli in marcia;Rettilineo;Una carreggiata a doppio senso;Asciutto;Asfaltata;Verticale ed orizzontale;Sereno;Normale;Buona;Ore Diurne;0;0;0;2;12.47014;41.93716;-1;1;Autovettura privata;In marcia / fermata / arresto;Conducente;F;Illeso;0;;Non accertato;Inesploso
2828595;20;23/05/2016 12:06;Strada Urbana;VIALE DI TOR DI QUINTO;in corrispondenza;;del civico n.;35;;Scontro laterale fra veicoli in marcia;Rettilineo;Una carreggiata a doppio senso;Asciutto;Asfaltata;Verticale ed orizzontale;Sereno;Normale;Buona;Ore Diurne;0;0;0;2;12.47014;41.93716;-1;2;Autovettura privata;In marcia / fermata / arresto;Conducente;M;Illeso;0;;Non accertato;Inesploso
2828597;19;23/05/2016 20:30;Strada Urbana;VIA CASSIA;all'intersezione con;VIA DELLA STORTA;VIA DELLA STORTA;;;Scontro frontale fra veicoli in marcia;Incrocio;Una carreggiata a doppio senso;Asciutto;Asfaltata;Verticale ed orizzontale;Sereno;Scarso;Buona;Sufficiente;1;0;0;1;12.38212;42.00337;-1;1;Autovettura privata;In marcia / fermata / arresto;Conducente;F;Illeso;0;;;
2828597;19;23/05/2016 20:30;Strada Urbana;VIA CASSIA;all'intersezione con;VIA DELLA STORTA;VIA DELLA STORTA;;;Scontro frontale fra veicoli in marcia;Incrocio;Una carreggiata a doppio senso;Asciutto;Asfaltata;Verticale ed orizzontale;Sereno;Scarso;Buona;Sufficiente;1;0;0;1;12.38212;42.00337;-1;2;Motociclo a solo;In marcia / fermata / arresto;Conducente;M;Rimandato;0;NON DECEDUTO;Non accertato;
2828617;15;23/05/2016 14:00;Strada Urbana;VIA MARINO MAZZACURATI;all'intersezione con;VIA DEI SAMPIERI;VIA DEI SAMPIERI;;;Scontro frontale/laterale SX fra veicoli in marcia;Intersezione stradale segnalata;Una carreggiata a doppio senso;Asciutto;Asfaltata;Verticale ed orizzontale;Sereno;Normale;Buona;Ore Diurne;2;0;0;0;12.41333;41.85025;-1;1;Autovettura privata;In marcia / fermata / arresto;Conducente;F;Rimandato;0;NON DECEDUTO;Utilizzato;Inesploso
2828617;15;23/05/2016 14:00;Strada Urbana;VIA MARINO MAZZACURATI;all'intersezione con;VIA DEI SAMPIERI;VIA DEI SAMPIERI;;;Scontro frontale/laterale SX fra veicoli in marcia;Intersezione stradale segnalata;Una carreggiata a doppio senso;Asciutto;Asfaltata;Verticale ed orizzontale;Sereno;Normale;Buona;Ore Diurne;2;0;0;0;12.41333;41.85025;-1;2;Autovettura privata;In marcia / fermata / arresto;Conducente;M;Rimandato;0;NON DECEDUTO;Utilizzato;Inesploso
2828631;15;23/05/2016 16:30;Strada Urbana;VIA PIAN DUE TORRI;in prossimità;;del civico n.;76;;Investimento di pedone;Rettilineo;Una carreggiata a senso unico di marcia;Asciutto;Asfaltata;Orizzontale;Sereno;Scarso;Buona;Ore Diurne;1;0;0;1;12.4621;41.84956;-1;;;;Pedone;M;Ricoverato;0;NON DECEDUTO;;
2828631;15;23/05/2016 16:30;Strada Urbana;VIA PIAN DUE TORRI;in prossimità;;del civico n.;76;;Investimento di pedone;Rettilineo;Una carreggiata a senso unico di marcia;Asciutto;Asfaltata;Orizzontale;Sereno;Scarso;Buona;Ore Diurne;1;0;0;1;12.4621;41.84956;-1;1;Autovettura privata;In marcia / fermata / arresto;Conducente;M;Illeso;0;;Utilizzato;
2828638;23;24/05/2016 03:00;Strada Urbana;LUNGOMARE DUCA DEGLI ABRUZZI;all'intersezione con;VIALE DEL SOMMERGIBILE;VIALE DEL SOMMERGIBILE;;;Scontro laterale fra veicoli in marcia;Incrocio;Una carreggiata a doppio senso;Asciutto;Asfaltata;Verticale ed orizzontale;Vento forte;Scarso;Sufficiente;Sufficiente;1;0;0;1;12.25765;41.73582;-1;1;Autovettura privata;In marcia / fermata / arresto;Conducente;M;Rimandato;0;NON DECEDUTO;Non accertato;Esploso
2828638;23;24/05/2016 03:00;Strada Urbana;LUNGOMARE DUCA DEGLI ABRUZZI;all'intersezione con;VIALE DEL SOMMERGIBILE;VIALE DEL SOMMERGIBILE;;;Scontro laterale fra veicoli in marcia;Incrocio;Una carreggiata a doppio senso;Asciutto;Asfaltata;Verticale ed orizzontale;Vento forte;Scarso;Sufficiente;Sufficiente;1;0;0;1;12.25765;41.73582;-1;2;Motociclo a solo;In marcia / fermata / arresto;Conducente;M;Illeso;0;;Non accertato;
2828642;1;23/05/2016 07:45;Strada Urbana;VIA DEI CERCHI;in prossimità;;del civico n.;28;;Veicolo in marcia contro veicoli in sosta;Rettilineo;Una carreggiata a senso unico di marcia;Asciutto;In cubetti di porfido;Verticale;Sereno;Intenso;Buona;Ore Diurne;0;0;0;2;12.48234;41.88874;-1;1;Autovettura privata;In marcia / fermata / arresto;Conducente;F;Illeso;0;;;
2828642;1;23/05/2016 07:45;Strada Urbana;VIA DEI CERCHI;in prossimità;;del civico n.;28;;Veicolo in marcia contro veicoli in sosta;Rettilineo;Una carreggiata a senso unico di marcia;Asciutto;In cubetti di porfido;Verticale;Sereno;Intenso;Buona;Ore Diurne;0;0;0;2;12.48234;41.88874;-1;1;Autovettura privata;In marcia / fermata / arresto;Passeggero;F;Illeso;0;;;
2828644;15;23/05/2016 17:15;Strada Urbana;VIA PIETRO FRATTINI;all'intersezione con;VIA LUIGI ANGELONI;VIA LUIGI ANGELONI;;;Scontro frontale fra veicoli in marcia;Intersezione stradale segnalata;Una carreggiata a doppio senso;Asciutto;Asfaltata;Verticale ed orizzontale;Sereno;Normale;Buona;Ore Diurne;0;0;0;2;12.44857;41.8502;-1;1;Autovettura privata;In marcia / fermata / arresto;Conducente;F;Illeso;0;;Utilizzato;Inesploso
2828644;15;23/05/2016 17:15;Strada Urbana;VIA PIETRO FRATTINI;all'intersezione con;VIA LUIGI ANGELONI;VIA LUIGI ANGELONI;;;Scontro frontale fra veicoli in marcia;Intersezione stradale segnalata;Una carreggiata a doppio senso;Asciutto;Asfaltata;Verticale ed orizzontale;Sereno;Normale;Buona;Ore Diurne;0;0;0;2;12.44857;41.8502;-1;2;Autocarro inferiore 35 q.;In marcia / fermata / arresto;Conducente;M;Illeso;0;;Utilizzato;Inesploso
2828662;15;23/05/2016 17:30;Strada Urbana;VIA PORTUENSE;da specificare;;;;FRONTE CIVICO 807/C;Scontro laterale fra veicoli in marcia;Rettilineo;Una carreggiata a doppio senso;Asciutto;Asfaltata;Orizzontale;Sereno;Normale;Buona;Ore Diurne;3;0;0;0;12.40939;41.84342;-1;1;Autovettura privata;In marcia / fermata / arresto;Conducente;F;Rimandato;0;NON DECEDUTO;Non accertato;Inesploso
2828662;15;23/05/2016 17:30;Strada Urbana;VIA PORTUENSE;da specificare;;;;FRONTE CIVICO 807/C;Scontro laterale fra veicoli in marcia;Rettilineo;Una carreggiata a doppio senso;Asciutto;Asfaltata;Orizzontale;Sereno;Normale;Buona;Ore Diurne;3;0;0;0;12.40939;41.84342;-1;2;Autovettura privata;In marcia / fermata / arresto;Conducente;F;Rimandato;0;NON DECEDUTO;Non accertato;Inesploso
2828662;15;23/05/2016 17:30;Strada Urbana;VIA PORTUENSE;da specificare;;;;FRONTE CIVICO 807/C;Scontro laterale fra veicoli in marcia;Rettilineo;Una carreggiata a doppio senso;Asciutto;Asfaltata;Orizzontale;Sereno;Normale;Buona;Ore Diurne;3;0;0;0;12.40939;41.84342;-1;2;Autovettura privata;In marcia / fermata / arresto;Passeggero;F;Rimandato;0;NON DECEDUTO;Non accertato;Inesploso
2828678;1;23/05/2016 18:00;Strada Urbana;PIAZZA DEL VIMINALE;in prossimità;;del civico n.;4;;Veicolo in marcia contro ostacolo accidentale;Rettilineo;Una carreggiata a senso unico di marcia;Asciutto;In cubetti di porfido;Orizzontale;Sereno;Normale;Buona;Ore Diurne;1;0;0;0;12.49673;41.90082;-1;1;Motociclo a solo;In marcia / fermata / arresto;Conducente;M;Rimandato;0;NON DECEDUTO;;
2828684;2;23/05/2016 20:30;Strada Urbana;VIA CHIANA;da specificare;;;;fronte 48/B;Veicolo in marcia contro ostacolo fisso;Rettilineo;Due carreggiate;Asciutto;Asfaltata;Verticale ed orizzontale;Sereno;Normale;Sufficiente;Sufficiente;0;0;0;1;12.5057;41.92149;-1;1;Motociclo a solo;In marcia / fermata / arresto;Conducente;M;Illeso;0;;;
2828715;1;19/05/2016 04:30;Strada Urbana;VIA GIUSEPPE ZANARDELLI;in prossimità;;del civico n.;20;;Veicolo in marcia contro ostacolo fisso;Rettilineo;Una carreggiata a doppio senso;Asciutto;Asfaltata;Verticale ed orizzontale;Sereno;Normale;Buona;Sufficiente;0;0;0;1;12.54666;41.93674;-1;1;Macchina operatrice;In marcia / fermata / arresto;Conducente;M;Illeso;0;;;
2828741;2;23/05/2016 12:35;Strada Urbana;VIALE TIZIANO;da specificare;;;;alt. via Francesco Jacovacci. ;Scontro frontale/laterale DX fra veicoli in marcia;Rettilineo;Una carreggiata a senso unico di marcia;Asciutto;Asfaltata;Verticale;Sereno;Normale;Buona;Ore Diurne;1;0;0;1;12.47337;41.91957;-1;1;Autovettura privata;In marcia / fermata / arresto;Conducente;M;Illeso;0;;Non accertato;Inesploso
2828741;2;23/05/2016 12:35;Strada Urbana;VIALE TIZIANO;da specificare;;;;alt. via Francesco Jacovacci. ;Scontro frontale/laterale DX fra veicoli in marcia;Rettilineo;Una carreggiata a senso unico di marcia;Asciutto;Asfaltata;Verticale;Sereno;Normale;Buona;Ore Diurne;1;0;0;1;12.47337;41.91957;-1;2;Motociclo a solo;In marcia / fermata / arresto;Conducente;M;Rimandato;0;NON DECEDUTO;Non accertato;
2828758;1;23/05/2016 15:30;Strada Urbana;PIAZZA DI PORTA S. GIOVANNI;in prossimità;;del palo luce n.;5;;Investimento di pedone;Rettilineo;Una carreggiata a doppio senso;Asciutto;Asfaltata;Verticale ed orizzontale;Nuvoloso;Normale;Buona;Ore Diurne;0;0;0;2;12.50865;41.88654;-1;;;;Pedone;M;Illeso;0;;;
2828758;1;23/05/2016 15:30;Strada Urbana;PIAZZA DI PORTA S. GIOVANNI;in prossimità;;del palo luce n.;5;;Investimento di pedone;Rettilineo;Una carreggiata a doppio senso;Asciutto;Asfaltata;Verticale ed orizzontale;Nuvoloso;Normale;Buona;Ore Diurne;0;0;0;2;12.50865;41.88654;-1;1;Motociclo a solo;In marcia / fermata / arresto;Conducente;M;Illeso;0;;Non accertato;
2828759;15;23/05/2016 18:00;Strada Urbana;LUNGOTEVERE DI PIETRA PAPA;da specificare;;;;FRONTE CIVICO 163;Veicolo in marcia contro veicolo in sosta;Rettilineo;Due carreggiate;Asciutto;Asfaltata;Orizzontale;Sereno;Normale;Buona;Ore Diurne;0;0;0;1;12.47394;41.86264;-1;1;Autovettura privata;In marcia / fermata / arresto;Conducente;M;Illeso;0;;Utilizzato;
2828762;16;23/05/2016 07:50;Strada Urbana;VIA DI MONTE VERDE;all'intersezione con;VIA FERDINANDO PALASCIANO;VIA FERDINANDO PALASCIANO;;;Scontro frontale/laterale DX fra veicoli in marcia;Incrocio;Una carreggiata a doppio senso;Asciutto;Asfaltata;Verticale ed orizzontale;Sereno;Normale;Buona;Ore Diurne;1;0;0;1;12.44713;41.87018;-1;1;Autovettura privata;In marcia / fermata / arresto;Conducente;F;Rimandato;0;NON DECEDUTO;Non accertato;Inesploso
2828762;16;23/05/2016 07:50;Strada Urbana;VIA DI MONTE VERDE;all'intersezione con;VIA FERDINANDO PALASCIANO;VIA FERDINANDO PALASCIANO;;;Scontro frontale/laterale DX fra veicoli in marcia;Incrocio;Una carreggiata a doppio senso;Asciutto;Asfaltata;Verticale ed orizzontale;Sereno;Normale;Buona;Ore Diurne;1;0;0;1;12.44713;41.87018;-1;2;Autovettura privata;In marcia / fermata / arresto;Conducente;M;Illeso;0;;Non accertato;Inesploso
2828799;2;20/05/2016 00:15;Strada Urbana;CIRCONVALLAZIONE SALARIA;da specificare;;;;dir. Stadio svincolo Salaria GRA;Veicolo in marcia contro ostacolo accidentale;Rettilineo;Due carreggiate;Bagnato (pioggia);Asfaltata;Verticale ed orizzontale;Pioggia in atto;Normale;Insufficiente;Insufficiente;0;0;0;1;12.51168;41.93852;-1;1;Autovettura privata;In marcia / fermata / arresto;Conducente;M;Illeso;0;;;
2828817;2;20/05/2016 16:40;Strada Urbana;PIAZZALE BRASILE;da specificare;;;;alt. via Pinciana;Scontro laterale fra veicoli in marcia;Rotatoria;Una carreggiata a senso unico di marcia;Asciutto;Asfaltata;Verticale ed orizzontale;Sereno;Intenso;Buona;Ore Diurne;0;0;0;2;12.48933;41.90962;-1;1;Autobus turistico;In marcia / fermata / arresto;Conducente;M;Illeso;0;;;
2828817;2;20/05/2016 16:40;Strada Urbana;PIAZZALE BRASILE;da specificare;;;;alt. via Pinciana;Scontro laterale fra veicoli in marcia;Rotatoria;Una carreggiata a senso unico di marcia;Asciutto;Asfaltata;Verticale ed orizzontale;Sereno;Intenso;Buona;Ore Diurne;0;0;0;2;12.48933;41.90962;-1;2;Autovettura privata;In marcia / fermata / arresto;Conducente;F;Illeso;0;;;
2828825;1;23/05/2016 10:50;Strada Urbana;VIA DELLA LUNGARA;all'intersezione semaforizzata con;VIA DEI RIARI;VIA DEI RIARI;;;Scontro frontale/laterale DX fra veicoli in marcia;Incrocio;Una carreggiata a senso unico di marcia;Asciutto;Acciotolata;Verticale ed orizzontale;Nuvoloso;Normale;Buona;Ore Diurne;0;0;0;4;12.46485;41.89604;-1;1;Autovettura di polizia;In marcia / fermata / arresto;Conducente;M;Illeso;0;;Non accertato;
2828825;1;23/05/2016 10:50;Strada Urbana;VIA DELLA LUNGARA;all'intersezione semaforizzata con;VIA DEI RIARI;VIA DEI RIARI;;;Scontro frontale/laterale DX fra veicoli in marcia;Incrocio;Una carreggiata a senso unico di marcia;Asciutto;Acciotolata;Verticale ed orizzontale;Nuvoloso;Normale;Buona;Ore Diurne;0;0;0;4;12.46485;41.89604;-1;1;Autovettura di polizia;In marcia / fermata / arresto;Passeggero;M;Illeso;0;;Non accertato;
2828825;1;23/05/2016 10:50;Strada Urbana;VIA DELLA LUNGARA;all'intersezione semaforizzata con;VIA DEI RIARI;VIA DEI RIARI;;;Scontro frontale/laterale DX fra veicoli in marcia;Incrocio;Una carreggiata a senso unico di marcia;Asciutto;Acciotolata;Verticale ed orizzontale;Nuvoloso;Normale;Buona;Ore Diurne;0;0;0;4;12.46485;41.89604;-1;2;Autovettura privata;In marcia / fermata / arresto;Conducente;M;Illeso;0;;Non accertato;
2828825;1;23/05/2016 10:50;Strada Urbana;VIA DELLA LUNGARA;all'intersezione semaforizzata con;VIA DEI RIARI;VIA DEI RIARI;;;Scontro frontale/laterale DX fra veicoli in marcia;Incrocio;Una carreggiata a senso unico di marcia;Asciutto;Acciotolata;Verticale ed orizzontale;Nuvoloso;Normale;Buona;Ore Diurne;0;0;0;4;12.46485;41.89604;-1;2;Autovettura privata;In marcia / fermata / arresto;Passeggero;F;Illeso;0;;Non accertato;
2828847;16;23/05/2016 09:45;Strada Urbana;VIA FERDINANDO PALASCIANO;all'intersezione con;VIA STEFANO BOCCAPADULI;VIA STEFANO BOCCAPADULI;;;Scontro frontale/laterale DX fra veicoli in marcia;Intersezione stradale segnalata;Due carreggiate;Asciutto;Asfaltata;Verticale ed orizzontale;Sereno;Normale;Buona;Ore Diurne;0;0;0;2;12.44657;41.87237;-1;1;Autocarro inferiore 35 q.;In marcia / fermata / arresto;Conducente;M;Illeso;0;;Non accertato;
2828847;16;23/05/2016 09:45;Strada Urbana;VIA FERDINANDO PALASCIANO;all'intersezione con;VIA STEFANO BOCCAPADULI;VIA STEFANO BOCCAPADULI;;;Scontro frontale/laterale DX fra veicoli in marcia;Intersezione stradale segnalata;Due carreggiate;Asciutto;Asfaltata;Verticale ed orizzontale;Sereno;Normale;Buona;Ore Diurne;0;0;0;2;12.44657;41.87237;-1;2;Autovettura privata;In marcia / fermata / arresto;Conducente;M;Illeso;0;;Non accertato;
2828852;20;23/05/2016 13:00;Strada Urbana;VIALE DI TOR DI QUINTO;da specificare;;;;corsia centrale in corrispondenza civico 35;Veicolo in marcia contro ostacolo accidentale;Rettilineo;Più di due carreggiate;Asciutto;Asfaltata;Verticale ed orizzontale;Nuvoloso;Normale;Buona;Ore Diurne;0;0;0;2;12.46737;41.93706;-1;1;Autovettura privata;In marcia / fermata / arresto;Conducente;M;Illeso;0;;Non accertato;Inesploso
2828852;20;23/05/2016 13:00;Strada Urbana;VIALE DI TOR DI QUINTO;da specificare;;;;corsia centrale in corrispondenza civico 35;Veicolo in marcia contro ostacolo accidentale;Rettilineo;Più di due carreggiate;Asciutto;Asfaltata;Verticale ed orizzontale;Nuvoloso;Normale;Buona;Ore Diurne;0;0;0;2;12.46737;41.93706;-1;1;Autovettura privata;In marcia / fermata / arresto;Passeggero;F;Illeso;0;;Non accertato;Inesploso
2828871;16;23/05/2016 12:40;Strada Urbana;CIRCONVALLAZIONE GIANICOLENSE;da specificare;;;;altezza Via di Monte Verde;Tamponamento Multiplo;Curva a visuale libera;Più di due carreggiate;Asciutto;Asfaltata;Verticale ed orizzontale;Sereno;Intenso;Buona;Ore Diurne;0;0;0;3;12.45016;41.87132;-1;1;Autovettura privata;In marcia / fermata / arresto;Conducente;M;Illeso;0;;Non accertato;
2828871;16;23/05/2016 12:40;Strada Urbana;CIRCONVALLAZIONE GIANICOLENSE;da specificare;;;;altezza Via di Monte Verde;Tamponamento Multiplo;Curva a visuale libera;Più di due carreggiate;Asciutto;Asfaltata;Verticale ed orizzontale;Sereno;Intenso;Buona;Ore Diurne;0;0;0;3;12.45016;41.87132;-1;2;Autovettura privata;In marcia / fermata / arresto;Conducente;M;Illeso;0;;Non accertato;
2828871;16;23/05/2016 12:40;Strada Urbana;CIRCONVALLAZIONE GIANICOLENSE;da specificare;;;;altezza Via di Monte Verde;Tamponamento Multiplo;Curva a visuale libera;Più di due carreggiate;Asciutto;Asfaltata;Verticale ed orizzontale;Sereno;Intenso;Buona;Ore Diurne;0;0;0;3;12.45016;41.87132;-1;3;Autovettura privata;In marcia / fermata / arresto;Conducente;F;Illeso;0;;Non accertato;
2828903;20;24/05/2016 10:55;Strada Urbana;VIALE CORTINA D'AMPEZZO;in corrispondenza;;del civico n.;250;;Scontro laterale fra veicoli in marcia;Curva a visuale libera;Una carreggiata a doppio senso;Asciutto;Asfaltata;Orizzontale;Sereno;Normale;Buona;Ore Diurne;0;0;0;2;12.43861;41.94354;-1;1;Autovettura privata;In marcia / fermata / arresto;Conducente;F;Illeso;0;;Non accertato;
2828903;20;24/05/2016 10:55;Strada Urbana;VIALE CORTINA D'AMPEZZO;in corrispondenza;;del civico n.;250;;Scontro laterale fra veicoli in marcia;Curva a visuale libera;Una carreggiata a doppio senso;Asciutto;Asfaltata;Orizzontale;Sereno;Normale;Buona;Ore Diurne;0;0;0;2;12.43861;41.94354;-1;2;Autovettura privata;In marcia / fermata / arresto;Conducente;F;Illeso;0;;;
2828910;16;23/05/2016 15:40;Strada Urbana;CIRCONVALLAZIONE GIANICOLENSE;da specificare;;;;in corrispondenza del fronte civico 90;Tamponamento Multiplo;Rettilineo;Più di due carreggiate;Asciutto;Asfaltata;Verticale ed orizzontale;Sereno;Intenso;Buona;Ore Diurne;1;0;0;3;12.44956;41.87247;-1;1;Autovettura privata;In marcia / fermata / arresto;Conducente;F;Rimandato;0;NON DECEDUTO;Non accertato;Inesploso
2828910;16;23/05/2016 15:40;Strada Urbana;CIRCONVALLAZIONE GIANICOLENSE;da specificare;;;;in corrispondenza del fronte civico 90;Tamponamento Multiplo;Rettilineo;Più di due carreggiate;Asciutto;Asfaltata;Verticale ed orizzontale;Sereno;Intenso;Buona;Ore Diurne;1;0;0;3;12.44956;41.87247;-1;2;Autovettura privata;In marcia / fermata / arresto;Conducente;F;Illeso;0;;Non accertato;Inesploso
2828910;16;23/05/2016 15:40;Strada Urbana;CIRCONVALLAZIONE GIANICOLENSE;da specificare;;;;in corrispondenza del fronte civico 90;Tamponamento Multiplo;Rettilineo;Più di due carreggiate;Asciutto;Asfaltata;Verticale ed orizzontale;Sereno;Intenso;Buona;Ore Diurne;1;0;0;3;12.44956;41.87247;-1;3;Autovettura privata;In marcia / fermata / arresto;Conducente;F;Illeso;0;;Non accertato;Inesploso
2828910;16;23/05/2016 15:40;Strada Urbana;CIRCONVALLAZIONE GIANICOLENSE;da specificare;;;;in corrispondenza del fronte civico 90;Tamponamento Multiplo;Rettilineo;Più di due carreggiate;Asciutto;Asfaltata;Verticale ed orizzontale;Sereno;Intenso;Buona;Ore Diurne;1;0;0;3;12.44956;41.87247;-1;4;Autovettura privata;In marcia / fermata / arresto;Conducente;M;Illeso;0;;Non accertato;Inesploso
2828932;4;23/05/2016 17:00;Strada Urbana;VIA SERGIO TOFANO;in prossimità;;del civico n.;7;;Scontro frontale/laterale SX fra veicoli in marcia;Rettilineo;Una carreggiata a doppio senso;Asciutto;Asfaltata;Assente;Sereno;Scarso;Buona;Ore Diurne;0;0;0;2;12.53397;41.96217;-1;1;Autovettura privata;In marcia / fermata / arresto;Conducente;M;Illeso;0;;Non accertato;Inesploso
2828932;4;23/05/2016 17:00;Strada Urbana;VIA SERGIO TOFANO;in prossimità;;del civico n.;7;;Scontro frontale/laterale SX fra veicoli in marcia;Rettilineo;Una carreggiata a doppio senso;Asciutto;Asfaltata;Assente;Sereno;Scarso;Buona;Ore Diurne;0;0;0;2;12.53397;41.96217;-1;2;Autovettura privata;In marcia / fermata / arresto;Conducente;M;Illeso;0;;;
2828969;16;23/05/2016 17:15;Strada Urbana;VIALE DEI COLLI PORTUENSI;in prossimità;;del civico n.;443;;Scontro laterale fra veicoli in marcia;Rettilineo;Due carreggiate;Asciutto;Asfaltata;Verticale ed orizzontale;Sereno;Intenso;Buona;Ore Diurne;0;0;0;2;12.4438;41.8639;-1;1;Autovettura privata;In marcia / fermata / arresto;Conducente;M;Illeso;0;;Non accertato;
2828969;16;23/05/2016 17:15;Strada Urbana;VIALE DEI COLLI PORTUENSI;in prossimità;;del civico n.;443;;Scontro laterale fra veicoli in marcia;Rettilineo;Due carreggiate;Asciutto;Asfaltata;Verticale ed orizzontale;Sereno;Intenso;Buona;Ore Diurne;0;0;0;2;12.4438;41.8639;-1;2;Autovettura privata;In marcia / fermata / arresto;Conducente;M;Illeso;0;;Non accertato;Inesploso
2828986;16;23/05/2016 17:35;Strada Urbana;VIA DELLA PISANA;in prossimità;;del civico n.;342;;Tamponamento;Rettilineo;Una carreggiata a doppio senso;Asciutto;Asfaltata;Verticale ed orizzontale;Sereno;Intenso;Buona;Ore Diurne;0;0;0;2;12.41275;41.87181;-1;1;Autovettura privata;In marcia / fermata / arresto;Conducente;F;Illeso;0;;Non accertato;Inesploso
2828986;16;23/05/2016 17:35;Strada Urbana;VIA DELLA PISANA;in prossimità;;del civico n.;342;;Tamponamento;Rettilineo;Una carreggiata a doppio senso;Asciutto;Asfaltata;Verticale ed orizzontale;Sereno;Intenso;Buona;Ore Diurne;0;0;0;2;12.41275;41.87181;-1;2;Autovettura privata;In marcia / fermata / arresto;Conducente;F;Illeso;0;;Non accertato;Inesploso
2828987;4;23/05/2016 10:00;Strada Urbana;VIA CONCA D'ORO;in corrispondenza;;del civico n.;238;;Scontro laterale fra veicoli in marcia;Rettilineo;Una carreggiata a doppio senso;Asciutto;Asfaltata;Verticale ed orizzontale;Nuvoloso;Normale;Buona;Ore Diurne;0;0;0;4;12.52161;41.94234;-1;1;Autovettura privata;In marcia / fermata / arresto;Conducente;M;Illeso;0;;Non accertato;Inesploso
2828987;4;23/05/2016 10:00;Strada Urbana;VIA CONCA D'ORO;in corrispondenza;;del civico n.;238;;Scontro laterale fra veicoli in marcia;Rettilineo;Una carreggiata a doppio senso;Asciutto;Asfaltata;Verticale ed orizzontale;Nuvoloso;Normale;Buona;Ore Diurne;0;0;0;4;12.52161;41.94234;-1;1;Autovettura privata;In marcia / fermata / arresto;Passeggero;F;Illeso;0;;Non accertato;Inesploso
2828987;4;23/05/2016 10:00;Strada Urbana;VIA CONCA D'ORO;in corrispondenza;;del civico n.;238;;Scontro laterale fra veicoli in marcia;Rettilineo;Una carreggiata a doppio senso;Asciutto;Asfaltata;Verticale ed orizzontale;Nuvoloso;Normale;Buona;Ore Diurne;0;0;0;4;12.52161;41.94234;-1;2;Autovettura privata;In marcia / fermata / arresto;Conducente;M;Illeso;0;;Non accertato;Inesploso
2828987;4;23/05/2016 10:00;Strada Urbana;VIA CONCA D'ORO;in corrispondenza;;del civico n.;238;;Scontro laterale fra veicoli in marcia;Rettilineo;Una carreggiata a doppio senso;Asciutto;Asfaltata;Verticale ed orizzontale;Nuvoloso;Normale;Buona;Ore Diurne;0;0;0;4;12.52161;41.94234;-1;2;Autovettura privata;In marcia / fermata / arresto;Passeggero;M;Illeso;0;;Non accertato;
2828990;13;22/05/2016 21:20;Strada Urbana;VIA ANGELO OLIVIERI;in corrispondenza;;del civico n.;95;;Scontro laterale fra veicoli in marcia;Rettilineo;Una carreggiata a senso unico di marcia;Asciutto;Asfaltata;Verticale ed orizzontale;Sereno;Scarso;Sufficiente;Sufficiente;0;0;0;3;12.2908;41.73613;-1;1;Autovettura privata;In marcia / fermata / arresto;Conducente;M;Illeso;0;;Non accertato;Inesploso