Protocollo;Gruppo;DataOraIncidente;Localizzazione1;STRADA1;Localizzazione2;STRADA2;Strada02;Chilometrica;DaSpecificare;NaturaIncidente;particolaritastrade;TipoStrada;FondoStradale;Pavimentazione;Segnaletica;CondizioneAtmosferica;Traffico;Visibilita;Illuminazione;NUM_FERITI;NUM_RISERVATA;NUM_MORTI;NUM_ILLESI;Longitudine;Latitudine;Confermato;Progressivo;TipoVeicolo;StatoVeicolo;TipoPersona;Sesso;Tipolesione;Deceduto;DecedutoDopo;CinturaCascoUtilizzato;Airbag
2830116;7;24/05/2016 18:00;Strada Urbana;VIALE PALMIRO TOGLIATTI;in corrispondenza;;del civico n.;516;;Tamponamento Multiplo;Rettilineo;Due carreggiate;Asciutto;Asfaltata;Verticale ed orizzontale;Sereno;Intenso;Buona;Ore Diurne;0;0;0;4;12.57041;41.87456;-1;3;Autovettura privata;In marcia / fermata / arresto;Passeggero;M;Illeso;0;;Non accertato;Inesploso
2830118;13;24/05/2016 12:30;Strada Urbana;PIAZZALE CRISTOFORO COLOMBO;da specificare;;;;direzione via Cristoforo Colombo;Tamponamento Multiplo;Rotatoria;Due carreggiate;Asciutto;Asfaltata;Verticale ed orizzontale;Sereno;Normale;Buona;Ore Diurne;0;0;0;3;12.31806;41.71336;-1;1;Autovettura privata;In marcia / fermata / arresto;Conducente;F;Illeso;0;;Non accertato;Inesploso
2830118;13;24/05/2016 12:30;Strada Urbana;PIAZZALE CRISTOFORO COLOMBO;da specificare;;;;direzione via Cristoforo Colombo;Tamponamento Multiplo;Rotatoria;Due carreggiate;Asciutto;Asfaltata;Verticale ed orizzontale;Sereno;Normale;Buona;Ore Diurne;0;0;0;3;12.31806;41.71336;-1;2;Autovettura privata;In marcia / fermata / arresto;Conducente;F;Illeso;0;;Non accertato;
2830118;13;24/05/2016 12:30;Strada Urbana;PIAZZALE CRISTOFORO COLOMBO;da specificare;;;;direzione via Cristoforo Colombo;Tamponamento Multiplo;Rotatoria;Due carreggiate;Asciutto;Asfaltata;Verticale ed orizzontale;Sereno;Normale;Buona;Ore Diurne;0;0;0;3;12.31806;41.71336;-1;3;Autovettura privata;In marcia / fermata / arresto;Conducente;F;Illeso;0;;Non accertato;
2830123;17;24/05/2016 12:40;Strada Urbana;VIA GERMANICO;all'intersezione con;VIA CAIO MARIO;VIA CAIO MARIO;;;Investimento di pedone;Incrocio;Una carreggiata a senso unico di marcia;Asciutto;Asfaltata;Verticale ed orizzontale;Nuvoloso;Scarso;Buona;Ore Diurne;0;0;0;2;12.46081;41.90849;-1;;;;Pedone;M;Illeso;0;;;
2830123;17;24/05/2016 12:40;Strada Urbana;VIA GERMANICO;all'intersezione con;VIA CAIO MARIO;VIA CAIO MARIO;;;Investimento di pedone;Incrocio;Una carreggiata a senso unico di marcia;Asciutto;Asfaltata;Verticale ed orizzontale;Nuvoloso;Scarso;Buona;Ore Diurne;0;0;0;2;12.46081;41.90849;-1;1;Autovettura privata;In marcia / fermata / arresto;Conducente;M;Illeso;0;;Non accertato;Inesploso
2830124;10;24/05/2016 12:30;Statale entro l'abitato;VIA TUSCOLANA;da specificare;;;;cavalcavia anagnina direzione Roma centro;Scontro laterale fra veicoli in marcia;Cavalcavia;Due carreggiate;Asciutto;Asfaltata;Verticale ed orizzontale;Sereno;Normale;Buona;Ore Diurne;0;0;0;3;12.58496;41.84227;-1;1;Autovettura privata;In marcia / fermata / arresto;Conducente;F;Illeso;0;;Non accertato;Inesploso
2830124;10;24/05/2016 12:30;Statale entro l'abitato;VIA TUSCOLANA;da specificare;;;;cavalcavia anagnina direzione Roma centro;Scontro laterale fra veicoli in marcia;Cavalcavia;Due carreggiate;Asciutto;Asfaltata;Verticale ed orizzontale;Sereno;Normale;Buona;Ore Diurne;0;0;0;3;12.58496;41.84227;-1;2;Autovettura privata;In marcia / fermata / arresto;Conducente;M;Illeso;0;;Non accertato;Inesploso
2830124;10;24/05/2016 12:30;Statale entro l'abitato;VIA TUSCOLANA;da specificare;;;;cavalcavia anagnina direzione Roma centro;Scontro laterale fra veicoli in marcia;Cavalcavia;Due carreggiate;Asciutto;Asfaltata;Verticale ed orizzontale;Sereno;Normale;Buona;Ore Diurne;0;0;0;3;12.58496;41.84227;-1;3;Autovettura privata;In marcia / fermata / arresto;Conducente;M;Illeso;0;;Non accertato;Inesploso
2830134;15;24/05/2016 17:20;Strada Urbana;VIA DELLA MAGLIANA;in prossimità;;del civico n.;31;;Scontro frontale/laterale DX fra veicoli in marcia;Curva senza visuale libera;Una carreggiata a doppio senso;Asciutto;Asfaltata;Orizzontale;Nuvoloso;Normale;Buona;Ore Diurne;1;0;0;3;12.46192;41.85994;-1;1;Autovettura privata;In marcia / fermata / arresto;Conducente;F;Illeso;0;;Utilizzato;
2830134;15;24/05/2016 17:20;Strada Urbana;VIA DELLA MAGLIANA;in prossimità;;del civico n.;31;;Scontro frontale/laterale DX fra veicoli in marcia;Curva senza visuale libera;Una carreggiata a doppio senso;Asciutto;Asfaltata;Orizzontale;Nuvoloso;Normale;Buona;Ore Diurne;1;0;0;3;12.46192;41.85994;-1;1;Autovettura privata;In marcia / fermata / arresto;Passeggero;M;Illeso;0;;Utilizzato;
2830134;15;24/05/2016 17:20;Strada Urbana;VIA DELLA MAGLIANA;in prossimità;;del civico n.;31;;Scontro frontale/laterale DX fra veicoli in marcia;Curva senza visuale libera;Una carreggiata a doppio senso;Asciutto;Asfaltata;Orizzontale;Nuvoloso;Normale;Buona;Ore Diurne;1;0;0;3;12.46192;41.85994;-1;1;Autovettura privata;In marcia / fermata / arresto;Passeggero;F;Illeso;0;;Utilizzato;
2830134;15;24/05/2016 17:20;Strada Urbana;VIA DELLA MAGLIANA;in prossimità;;del civico n.;31;;Scontro frontale/laterale DX fra veicoli in marcia;Curva senza visuale libera;Una carreggiata a doppio senso;Asciutto;Asfaltata;Orizzontale;Nuvoloso;Normale;Buona;Ore Diurne;1;0;0;3;12.46192;41.85994;-1;2;Motociclo a solo;In marcia / fermata / arresto;Conducente;M;Ricoverato;0;NON DECEDUTO;Utilizzato;
2830148;17;24/05/2016 16:30;Strada Urbana;PIAZZA DELLE CINQUE GIORNATE;da specificare;;;;in corrisp. carreggiata direzione v.l. settembrini;Scontro frontale/laterale DX fra veicoli in marcia;Rotatoria;Due carreggiate;Asciutto;Asfaltata;Verticale ed orizzontale;Sereno;Normale;Buona;Ore Diurne;1;0;0;2;12.46843;41.91433;-1;1;Autovettura pubblica;In marcia / fermata / arresto;Conducente;M;Illeso;0;;;
2830148;17;24/05/2016 16:30;Strada Urbana;PIAZZA DELLE CINQUE GIORNATE;da specificare;;;;in corrisp. carreggiata direzione v.l. settembrini;Scontro frontale/laterale DX fra veicoli in marcia;Rotatoria;Due carreggiate;Asciutto;Asfaltata;Verticale ed orizzontale;Sereno;Normale;Buona;Ore Diurne;1;0;0;2;12.46843;41.91433;-1;1;Autovettura pubblica;In marcia / fermata / arresto;Passeggero;M;Illeso;0;;;
2830148;17;24/05/2016 16:30;Strada Urbana;PIAZZA DELLE CINQUE GIORNATE;da specificare;;;;in corrisp. carreggiata direzione v.l. settembrini;Scontro frontale/laterale DX fra veicoli in marcia;Rotatoria;Due carreggiate;Asciutto;Asfaltata;Verticale ed orizzontale;Sereno;Normale;Buona;Ore Diurne;1;0;0;2;12.46843;41.91433;-1;2;Motociclo a solo;In marcia / fermata / arresto;Conducente;M;Rimandato;0;NON DECEDUTO;;
2830161;10;25/05/2016 07:40;Strada Urbana;VIA DEL PONTE DELLE SETTE MIGLIA;in corrispondenza;;del civico n.;179;;Investimento di pedone;Rettilineo;Una carreggiata a doppio senso;Asciutto;Asfaltata;Orizzontale;Sereno;Normale;Buona;Ore Diurne;1;0;0;3;12.60262;41.84124;-1;;;;Pedone;M;Rimandato;0;NON DECEDUTO;;
2830161;10;25/05/2016 07:40;Strada Urbana;VIA DEL PONTE DELLE SETTE MIGLIA;in corrispondenza;;del civico n.;179;;Investimento di pedone;Rettilineo;Una carreggiata a doppio senso;Asciutto;Asfaltata;Orizzontale;Sereno;Normale;Buona;Ore Diurne;1;0;0;3;12.60262;41.84124;-1;1;Autovettura privata;In marcia / fermata / arresto;Conducente;M;Illeso;0;;Non accertato;Inesistente
2830161;10;25/05/2016 07:40;Strada Urbana;VIA DEL PONTE DELLE SETTE MIGLIA;in corrispondenza;;del civico n.;179;;Investimento di pedone;Rettilineo;Una carreggiata a doppio senso;Asciutto;Asfaltata;Orizzontale;Sereno;Normale;Buona;Ore Diurne;1;0;0;3;12.60262;41.84124;-1;1;Autovettura privata;In marcia / fermata / arresto;Passeggero;F;Illeso;0;;Non accertato;Inesploso
2830161;10;25/05/2016 07:40;Strada Urbana;VIA DEL PONTE DELLE SETTE MIGLIA;in corrispondenza;;del civico n.;179;;Investimento di pedone;Rettilineo;Una carreggiata a doppio senso;Asciutto;Asfaltata;Orizzontale;Sereno;Normale;Buona;Ore Diurne;1;0;0;3;12.60262;41.84124;-1;1;Autovettura privata;In marcia / fermata / arresto;Passeggero;M;Illeso;0;;Non accertato;Inesistente
2830179;19;24/05/2016 20:30;Strada Urbana;VIALE DELLE MEDAGLIE D'ORO;in prossimità;;del civico n.;429;;Scontro laterale fra veicoli in marcia;Rettilineo;Una carreggiata a doppio senso;Asciutto;Asfaltata;Orizzontale;Sereno;Normale;Buona;Sufficiente;0;0;0;2;12.44589;41.92361;-1;1;Motociclo a solo;In marcia / fermata / arresto;Conducente;M;Illeso;0;;Non accertato;
2830179;19;24/05/2016 20:30;Strada Urbana;VIALE DELLE MEDAGLIE D'ORO;in prossimità;;del civico n.;429;;Scontro laterale fra veicoli in marcia;Rettilineo;Una carreggiata a doppio senso;Asciutto;Asfaltata;Orizzontale;Sereno;Normale;Buona;Sufficiente;0;0;0;2;12.44589;41.92361;-1;2;Autovettura privata;In marcia / fermata / arresto;Conducente;F;Illeso;0;;Non accertato;Inesploso
2830180;20;24/05/2016 15:13;Strada Urbana;CORSO DI FRANCIA;in prossimità;;del civico n.;80;;Scontro frontale/laterale DX fra veicoli in marcia;Rettilineo;Due carreggiate;Asciutto;Asfaltata;Verticale ed orizzontale;Nuvoloso;Normale;Buona;Ore Diurne;1;0;0;1;12.47151;41.9399;-1;1;Autovettura privata;In marcia / fermata / arresto;Conducente;M;Illeso;0;;;
2830180;20;24/05/2016 15:13;Strada Urbana;CORSO DI FRANCIA;in prossimità;;del civico n.;80;;Scontro frontale/laterale DX fra veicoli in marcia;Rettilineo;Due carreggiate;Asciutto;Asfaltata;Verticale ed orizzontale;Nuvoloso;Normale;Buona;Ore Diurne;1;0;0;1;12.47151;41.9399;-1;2;Motociclo a solo;In marcia / fermata / arresto;Conducente;M;Rimandato;0;NON DECEDUTO;;
2830182;20;24/05/2016 12:30;Strada Urbana;VIALE DI TOR DI QUINTO;in prossimità;;del civico n.;58;;Veicolo in marcia contro ostacolo fisso;Rettilineo;Una carreggiata a doppio senso;Asciutto;Asfaltata;Verticale ed orizzontale;Sereno;Normale;Buona;Ore Diurne;1;0;0;0;12.47549;41.93731;-1;1;Autovettura privata;In marcia / fermata / arresto;Conducente;M;Rimandato;0;NON DECEDUTO;Non accertato;
2830188;4;24/05/2016 06:00;Statale;VIA SALARIA;in corrispondenza;;della chilometrica;18.7;;Scontro frontale fra veicoli in marcia;Rettilineo;Una carreggiata a doppio senso;Asciutto;Asfaltata;Verticale ed orizzontale;Nuvoloso;Normale;Buona;Ore Diurne;2;0;0;0;12.50445;41.9554;-1;1;Autovettura privata;In marcia / fermata / arresto;Conducente;M;Rimandato;0;NON DECEDUTO;Non accertato;Esploso
2830188;4;24/05/2016 06:00;Statale;VIA SALARIA;in corrispondenza;;della chilometrica;18.7;;Scontro frontale fra veicoli in marcia;Rettilineo;Una carreggiata a doppio senso;Asciutto;Asfaltata;Verticale ed orizzontale;Nuvoloso;Normale;Buona;Ore Diurne;2;0;0;0;12.50445;41.9554;-1;2;Autovettura privata;In marcia / fermata / arresto;Conducente;M;Rimandato;0;NON DECEDUTO;Non accertato;Esploso
2830199;19;24/05/2016 20:45;Strada Urbana;VIA TRIONFALE;da specificare;;;;altezza fronte Fratelli Gualandi;Scontro laterale fra veicoli in marcia;Rettilineo;Una carreggiata a doppio senso;Asciutto;Asfaltata;Verticale ed orizzontale;Sereno;Normale;Buona;Sufficiente;1;0;0;2;12.42296;41.94088;-1;1;Motociclo a solo;In marcia / fermata / arresto;Conducente;M;Rimandato;0;NON DECEDUTO;Non accertato;
2830199;19;24/05/2016 20:45;Strada Urbana;VIA TRIONFALE;da specificare;;;;altezza fronte Fratelli Gualandi;Scontro laterale fra veicoli in marcia;Rettilineo;Una carreggiata a doppio senso;Asciutto;Asfaltata;Verticale ed orizzontale;Sereno;Normale;Buona;Sufficiente;1;0;0;2;12.42296;41.94088;-1;2;Autovettura privata;In marcia / fermata / arresto;Conducente;M;Illeso;0;;Non accertato;
2830199;19;24/05/2016 20:45;Strada Urbana;VIA TRIONFALE;da specificare;;;;altezza fronte Fratelli Gualandi;Scontro laterale fra veicoli in marcia;Rettilineo;Una carreggiata a doppio senso;Asciutto;Asfaltata;Verticale ed orizzontale;Sereno;Normale;Buona;Sufficiente;1;0;0;2;12.42296;41.94088;-1;2;Autovettura privata;In marcia / fermata / arresto;Passeggero;M;Illeso;0;;Non accertato;
2830202;17;24/05/2016 21:50;Strada Urbana;VIA SFORZA PALLAVICINI;all'intersezione semaforizzata con;VIA CRESCENZIO;VIA CRESCENZIO;;;Veicolo in marcia contro ostacolo accidentale;Intersezione semaforizzata;Una carreggiata a senso unico di marcia;Bagnato (pioggia);In cubetti di porfido;Verticale ed orizzontale;Sereno;Scarso;Sufficiente;Sufficiente;0;0;0;1;12.4634;41.90573;-1;1;Motociclo a solo;In marcia / fermata / arresto;Conducente;M;Illeso;0;;Non accertato;
2830212;20;25/05/2016 01:00;Strada Urbana;VIA FLAMINIA;da specificare;;;;altezza KM 18,200 (direzione TERNI);Scontro frontale fra veicoli in marcia;Curva senza visuale libera;Una carreggiata a doppio senso;Asciutto;Asfaltata;Verticale ed orizzontale;Sereno;Scarso;Buona;Inesistente;2;0;0;0;12.47183;41.94192;-1;1;Autovettura privata;In marcia / fermata / arresto;Conducente;F;Rimandato;0;NON DECEDUTO;Non utilizzato;Esploso
2830212;20;25/05/2016 01:00;Strada Urbana;VIA FLAMINIA;da specificare;;;;altezza KM 18,200 (direzione TERNI);Scontro frontale fra veicoli in marcia;Curva senza visuale libera;Una carreggiata a doppio senso;Asciutto;Asfaltata;Verticale ed orizzontale;Sereno;Scarso;Buona;Inesistente;2;0;0;0;12.47183;41.94192;-1;2;Autovettura privata;In marcia / fermata / arresto;Conducente;M;Rimandato;0;NON DECEDUTO;;Esploso
2830214;4;24/05/2016 11:15;Strada Urbana;VIA UGO OJETTI;da specificare;;;;Rotatoria G. Stampa;Scontro laterale fra veicoli in marcia;Rotatoria;Due carreggiate;Asciutto;Asfaltata;Verticale ed orizzontale;Sereno;Normale;Buona;Ore Diurne;0;0;0;2;12.55461;41.94712;-1;1;Autovettura privata;In marcia / fermata / arresto;Conducente;M;Illeso;0;;Non accertato;Inesploso
2830214;4;24/05/2016 11:15;Strada Urbana;VIA UGO OJETTI;da specificare;;;;Rotatoria G. Stampa;Scontro laterale fra veicoli in marcia;Rotatoria;Due carreggiate;Asciutto;Asfaltata;Verticale ed orizzontale;Sereno;Normale;Buona;Ore Diurne;0;0;0;2;12.55461;41.94712;-1;2;Autocarro inferiore 35 q.;In marcia / fermata / arresto;Conducente;M;Illeso;0;;Non accertato;Inesploso
2830215;1;24/05/2016 23:45;Strada Urbana;LUNGOTEVERE DE' CENCI;in prossimità;;del civico n.;3;;Tamponamento;Rettilineo;Una carreggiata a senso unico di marcia;Asciutto;Asfaltata;Verticale ed orizzontale;Sereno;Normale;Sufficiente;Sufficiente;1;0;0;1;12.47647;41.89194;-1;1;Autovettura privata;In marcia / fermata / arresto;Conducente;M;Illeso;0;;Non accertato;
2830215;1;24/05/2016 23:45;Strada Urbana;LUNGOTEVERE DE' CENCI;in prossimità;;del civico n.;3;;Tamponamento;Rettilineo;Una carreggiata a senso unico di marcia;Asciutto;Asfaltata;Verticale ed orizzontale;Sereno;Normale;Sufficiente;Sufficiente;1;0;0;1;12.47647;41.89194;-1;2;Autovettura privata;In marcia / fermata / arresto;Conducente;F;Rimandato;0;NON DECEDUTO;Non accertato;
2830216;20;24/05/2016 19:40;Strada Urbana;VIA DI GROTTAROSSA;all'intersezione con;VIA DELLA CRESCENZA;VIA DELLA CRESCENZA;;;Scontro frontale/laterale SX fra veicoli in marcia;Intersezione stradale segnalata;Una carreggiata a doppio senso;Asciutto;Asfaltata;Verticale ed orizzontale;Sereno;Scarso;Sufficiente;Inesistente;0;0;0;3;12.45994;41.97305;-1;1;Autovettura privata;In marcia / fermata / arresto;Conducente;M;Illeso;0;;;
2830216;20;24/05/2016 19:40;Strada Urbana;VIA DI GROTTAROSSA;all'intersezione con;VIA DELLA CRESCENZA;VIA DELLA CRESCENZA;;;Scontro frontale/laterale SX fra veicoli in marcia;Intersezione stradale segnalata;Una carreggiata a doppio senso;Asciutto;Asfaltata;Verticale ed orizzontale;Sereno;Scarso;Sufficiente;Inesistente;0;0;0;3;12.45994;41.97305;-1;2;Autovettura privata;In marcia / fermata / arresto;Conducente;M;Illeso;0;;;
2830216;20;24/05/2016 19:40;Strada Urbana;VIA DI GROTTAROSSA;all'intersezione con;VIA DELLA CRESCENZA;VIA DELLA CRESCENZA;;;Scontro frontale/laterale SX fra veicoli in marcia;Intersezione stradale segnalata;Una carreggiata a doppio senso;Asciutto;Asfaltata;Verticale ed orizzontale;Sereno;Scarso;Sufficiente;Inesistente;0;0;0;3;12.45994;41.97305;-1;2;Autovettura privata;In marcia / fermata / arresto;Passeggero;M;Illeso;0;;;
2830224;17;24/05/2016 20:40;Strada Urbana;VIA RUGGERO DI LAURIA;in prossimità;;del civico n.;24;;Scontro laterale fra veicoli in marcia;Rettilineo;Una carreggiata a senso unico di marcia;Asciutto;Asfaltata;Verticale ed orizzontale;Sereno;Normale;Buona;Sufficiente;2;0;0;5;12.45046;41.90838;-1;1;Autovettura privata;In marcia / fermata / arresto;Conducente;M;Illeso;0;;;
2830224;17;24/05/2016 20:40;Strada Urbana;VIA RUGGERO DI LAURIA;in prossimità;;del civico n.;24;;Scontro laterale fra veicoli in marcia;Rettilineo;Una carreggiata a senso unico di marcia;Asciutto;Asfaltata;Verticale ed orizzontale;Sereno;Normale;Buona;Sufficiente;2;0;0;5;12.45046;41.90838;-1;1;Autovettura privata;In marcia / fermata / arresto;Passeggero;F;Rimandato;0;NON DECEDUTO;;
2830224;17;24/05/2016 20:40;Strada Urbana;VIA RUGGERO DI LAURIA;in prossimità;;del civico n.;24;;Scontro laterale fra veicoli in marcia;Rettilineo;Una carreggiata a senso unico di marcia;Asciutto;Asfaltata;Verticale ed orizzontale;Sereno;Normale;Buona;Sufficiente;2;0;0;5;12.45046;41.90838;-1;1;Autovettura privata;In marcia / fermata / arresto;Passeggero;M;Rimandato;0;NON DECEDUTO;;
2830224;17;24/05/2016 20:40;Strada Urbana;VIA RUGGERO DI LAURIA;in prossimità;;del civico n.;24;;Scontro laterale fra veicoli in marcia;Rettilineo;Una carreggiata a senso unico di marcia;Asciutto;Asfaltata;Verticale ed orizzontale;Sereno;Normale;Buona;Sufficiente;2;0;0;5;12.45046;41.90838;-1;2;Autovettura privata;In marcia / fermata / arresto;Conducente;F;Illeso;0;;;
2830224;17;24/05/2016 20:40;Strada Urbana;VIA RUGGERO DI LAURIA;in prossimità;;del civico n.;24;;Scontro laterale fra veicoli in marcia;Rettilineo;Una carreggiata a senso unico di marcia;Asciutto;Asfaltata;Verticale ed orizzontale;Sereno;Normale;Buona;Sufficiente;2;0;0;5;12.45046;41.90838;-1;2;Autovettura privata;In marcia / fermata / arresto;Passeggero;M;Illeso;0;;;
2830224;17;24/05/2016 20:40;Strada Urbana;VIA RUGGERO DI LAURIA;in prossimità;;del civico n.;24;;Scontro laterale fra veicoli in marcia;Rettilineo;Una carreggiata a senso unico di marcia;Asciutto;Asfaltata;Verticale ed orizzontale;Sereno;Normale;Buona;Sufficiente;2;0;0;5;12.45046;41.90838;-1;2;Autovettura privata;In marcia / fermata / arresto;Passeggero;F;Illeso;0;;;
2830224;17;24/05/2016 20:40;Strada Urbana;VIA RUGGERO DI LAURIA;in prossimità;;del civico n.;24;;Scontro laterale fra veicoli in marcia;Rettilineo;Una carreggiata a senso unico di marcia;Asciutto;Asfaltata;Verticale ed orizzontale;Sereno;Normale;Buona;Sufficiente;2;0;0;5;12.45046;41.90838;-1;2;Autovettura privata;In marcia / fermata / arresto;Passeggero;M;Illeso;0;;;
2830239;1;24/05/2016 14:30;Strada Urbana;PIAZZALE NUMA POMPILIO;all'intersezione semaforizzata con;VIA DI PORTA S. SEBASTIANO;VIA DI PORTA S. SEBASTIANO;;;Tamponamento;Intersezione semaforizzata;Una carreggiata a doppio senso;Asciutto;Asfaltata;Verticale ed orizzontale;Sereno;Normale;Buona;Ore Diurne;2;0;0;2;12.49592;41.87957;-1;1;Autovettura privata;In marcia / fermata / arresto;Conducente;F;Illeso;0;;Non accertato;
2830239;1;24/05/2016 14:30;Strada Urbana;PIAZZALE NUMA POMPILIO;all'intersezione semaforizzata con;VIA DI PORTA S. SEBASTIANO;VIA DI PORTA S. SEBASTIANO;;;Tamponamento;Intersezione semaforizzata;Una carreggiata a doppio senso;Asciutto;Asfaltata;Verticale ed orizzontale;Sereno;Normale;Buona;Ore Diurne;2;0;0;2;12.49592;41.87957;-1;1;Autovettura privata;In marcia / fermata / arresto;Passeggero;F;Rifiuta cure immediate;0;NON DECEDUTO;;
2830239;1;24/05/2016 14:30;Strada Urbana;PIAZZALE NUMA POMPILIO;all'intersezione semaforizzata con;VIA DI PORTA S. SEBASTIANO;VIA DI PORTA S. SEBASTIANO;;;Tamponamento;Intersezione semaforizzata;Una carreggiata a doppio senso;Asciutto;Asfaltata;Verticale ed orizzontale;Sereno;Normale;Buona;Ore Diurne;2;0;0;2;12.49592;41.87957;-1;2;Autovettura privata;In marcia / fermata / arresto;Conducente;M;Illeso;0;;Non accertato;
2830239;1;24/05/2016 14:30;Strada Urbana;PIAZZALE NUMA POMPILIO;all'intersezione semaforizzata con;VIA DI PORTA S. SEBASTIANO;VIA DI PORTA S. SEBASTIANO;;;Tamponamento;Intersezione semaforizzata;Una carreggiata a doppio senso;Asciutto;Asfaltata;Verticale ed orizzontale;Sereno;Normale;Buona;Ore Diurne;2;0;0;2;12.49592;41.87957;-1;2;Autovettura privata;In marcia / fermata / arresto;Passeggero;F;Rifiuta cure immediate;0;NON DECEDUTO;Non accertato;
2830246;4;24/05/2016 17:30;Strada Urbana;VIA RADICOFANI;da specificare;;;;Fermata Capannori 204;Scontro laterale fra veicoli in marcia;Rettilineo;Una carreggiata a doppio senso;Asciutto;Asfaltata;Verticale ed orizzontale;Sereno;Normale;Buona;Ore Diurne;0;0;0;4;12.51261;41.97493;-1;1;Autovettura privata;In marcia / fermata / arresto;Passeggero;F;Illeso;0;;Non accertato;Inesploso
2830246;4;24/05/2016 17:30;Strada Urbana;VIA RADICOFANI;da specificare;;;;Fermata Capannori 204;Scontro laterale fra veicoli in marcia;Rettilineo;Una carreggiata a doppio senso;Asciutto;Asfaltata;Verticale ed orizzontale;Sereno;Normale;Buona;Ore Diurne;0;0;0;4;12.51261;41.97493;-1;1;Autovettura privata;In marcia / fermata / arresto;Conducente;F;Illeso;0;;Non accertato;Inesploso
2830246;4;24/05/2016 17:30;Strada Urbana;VIA RADICOFANI;da specificare;;;;Fermata Capannori 204;Scontro laterale fra veicoli in marcia;Rettilineo;Una carreggiata a doppio senso;Asciutto;Asfaltata;Verticale ed orizzontale;Sereno;Normale;Buona;Ore Diurne;0;0;0;4;12.51261;41.97493;-1;1;Autovettura privata;In marcia / fermata / arresto;Passeggero;M;Illeso;0;;Non accertato;Inesploso
2830246;4;24/05/2016 17:30;Strada Urbana;VIA RADICOFANI;da specificare;;;;Fermata Capannori 204;Scontro laterale fra veicoli in marcia;Rettilineo;Una carreggiata a doppio senso;Asciutto;Asfaltata;Verticale ed orizzontale;Sereno;Normale;Buona;Ore Diurne;0;0;0;4;12.51261;41.97493;-1;2;Autobus urbano;In marcia / fermata / arresto;Conducente;M;Illeso;0;;Non accertato;
2830250;20;24/05/2016 23:40;Provinciale entro l'abitato;VIA FLAMINIA;da specificare;;;;alt svincolo Saxa direzione Roma centro;Veicolo in marcia contro ostacolo accidentale;Rettilineo;Due carreggiate;Asciutto;Asfaltata;Verticale ed orizzontale;Sereno;Scarso;Buona;Sufficiente;0;0;0;2;12.47183;41.94192;-1;1;Autovettura privata;In marcia / fermata / arresto;Conducente;M;Illeso;0;;;
2830250;20;24/05/2016 23:40;Provinciale entro l'abitato;VIA FLAMINIA;da specificare;;;;alt svincolo Saxa direzione Roma centro;Veicolo in marcia contro ostacolo accidentale;Rettilineo;Due carreggiate;Asciutto;Asfaltata;Verticale ed orizzontale;Sereno;Scarso;Buona;Sufficiente;0;0;0;2;12.47183;41.94192;-1;1;Autovettura privata;In marcia / fermata / arresto;Passeggero;F;Illeso;0;;;
2830257;8;24/05/2016 11:30;Strada Urbana;VIA DELLA RICERCA SCIENTIFICA;da specificare;;;;pross. entrata scienze matematiche fisiche;Veicolo in marcia contro veicolo in sosta;Rettilineo;Una carreggiata a doppio senso;Asciutto;Asfaltata;Verticale ed orizzontale;Sereno;Normale;Buona;Ore Diurne;0;0;0;1;12.60524;41.85443;-1;2;Autocarro inferiore 35 q.;In marcia / fermata / arresto;Conducente;M;Illeso;0;;Non accertato;Inesistente
2830265;8;24/05/2016 11:30;Provinciale;VIA POLENSE;in prossimità;;della chilometrica;32.3;;Scontro frontale fra veicoli in marcia;Curva a visuale libera;Una carreggiata a doppio senso;Asciutto;Asfaltata;Verticale ed orizzontale;Nuvoloso;Scarso;Buona;Ore Diurne;2;0;0;2;12.70292;41.89532;-1;1;Autocarro inferiore 35 q.;In marcia / fermata / arresto;Conducente;M;Illeso;0;;Non accertato;Inesploso
2830265;8;24/05/2016 11:30;Provinciale;VIA POLENSE;in prossimità;;della chilometrica;32.3;;Scontro frontale fra veicoli in marcia;Curva a visuale libera;Una carreggiata a doppio senso;Asciutto;Asfaltata;Verticale ed orizzontale;Nuvoloso;Scarso;Buona;Ore Diurne;2;0;0;2;12.70292;41.89532;-1;1;Autocarro inferiore 35 q.;In marcia / fermata / arresto;Passeggero;M;Illeso;0;;Non accertato;Inesploso
2830265;8;24/05/2016 11:30;Provinciale;VIA POLENSE;in prossimità;;della chilometrica;32.3;;Scontro frontale fra veicoli in marcia;Curva a visuale libera;Una carreggiata a doppio senso;Asciutto;Asfaltata;Verticale ed orizzontale;Nuvoloso;Scarso;Buona;Ore Diurne;2;0;0;2;12.70292;41.89532;-1;2;Autovettura privata;In marcia / fermata / arresto;Conducente;M;Rimandato;0;NON DECEDUTO;Non accertato;Esploso