Protocollo;Gruppo;DataOraIncidente;Localizzazione1;STRADA1;Localizzazione2;STRADA2;Strada02;Chilometrica;DaSpecificare;NaturaIncidente;particolaritastrade;TipoStrada;FondoStradale;Pavimentazione;Segnaletica;CondizioneAtmosferica;Traffico;Visibilita;Illuminazione;NUM_FERITI;NUM_RISERVATA;NUM_MORTI;NUM_ILLESI;Longitudine;Latitudine;Confermato;Progressivo;TipoVeicolo;StatoVeicolo;TipoPersona;Sesso;Tipolesione;Deceduto;DecedutoDopo;CinturaCascoUtilizzato;Airbag
2833302;17;26/05/2016 10:55;Strada Urbana;VIA TOMMASO CAMPANELLA;all'intersezione con;VIA PIETRO GIANNONE;VIA PIETRO GIANNONE;;;Scontro frontale/laterale SX fra veicoli in marcia;Incrocio;Una carreggiata a senso unico di marcia;Asciutto;Asfaltata;Verticale ed orizzontale;Sereno;Scarso;Buona;Ore Diurne;0;0;0;2;12.45051;41.91028;-1;2;Autovettura privata;In marcia / fermata / arresto;Conducente;M;Illeso;0;;;
2833311;7;26/05/2016 14:30;Strada Urbana;VIA DELLE CELIDONIE;all'intersezione con;VIALE DELLE GARDENIE;VIALE DELLE GARDENIE;;;Scontro frontale/laterale DX fra veicoli in marcia;Incrocio;Una carreggiata a doppio senso;Asciutto;Asfaltata;Verticale;Sereno;Normale;Buona;Ore Diurne;0;0;0;2;12.56435;41.88609;-1;1;Autocarro inferiore 35 q.;In marcia / fermata / arresto;Conducente;M;Illeso;0;;Non accertato;Inesploso
2833311;7;26/05/2016 14:30;Strada Urbana;VIA DELLE CELIDONIE;all'intersezione con;VIALE DELLE GARDENIE;VIALE DELLE GARDENIE;;;Scontro frontale/laterale DX fra veicoli in marcia;Incrocio;Una carreggiata a doppio senso;Asciutto;Asfaltata;Verticale;Sereno;Normale;Buona;Ore Diurne;0;0;0;2;12.56435;41.88609;-1;2;Autovettura privata;In marcia / fermata / arresto;Conducente;F;Illeso;0;;Non accertato;Inesploso
2833312;17;26/05/2016 08:40;Strada Urbana;VIA ANDREA DORIA;all'intersezione con;VIA RUGGERO DI LAURIA;VIA RUGGERO DI LAURIA;;;Veicolo in marcia contro ostacolo accidentale;Intersezione semaforizzata;Una carreggiata a doppio senso;Asciutto;Asfaltata;Verticale ed orizzontale;Sereno;Normale;Buona;Ore Diurne;1;0;0;0;12.45009;41.90923;-1;1;Motociclo a solo;In marcia / fermata / arresto;Conducente;M;Rimandato;0;NON DECEDUTO;;
2833313;18;27/05/2016 02:30;Strada Urbana;LUNGOTEVERE IN SASSIA;da specificare;;;;ALL'ALTEZZA DELLA GALLERIA PASA;Veicolo in marcia contro ostacolo fisso;Rettilineo;Una carreggiata a senso unico di marcia;Asciutto;Asfaltata;Verticale ed orizzontale;Sereno;Scarso;Buona;Sufficiente;2;0;0;1;12.46305;41.90088;-1;1;Autovettura privata;In marcia / fermata / arresto;Conducente;M;Illeso;0;;;
2833313;18;27/05/2016 02:30;Strada Urbana;LUNGOTEVERE IN SASSIA;da specificare;;;;ALL'ALTEZZA DELLA GALLERIA PASA;Veicolo in marcia contro ostacolo fisso;Rettilineo;Una carreggiata a senso unico di marcia;Asciutto;Asfaltata;Verticale ed orizzontale;Sereno;Scarso;Buona;Sufficiente;2;0;0;1;12.46305;41.90088;-1;1;Autovettura privata;In marcia / fermata / arresto;Passeggero;M;Rimandato;0;NON DECEDUTO;;
2833313;18;27/05/2016 02:30;Strada Urbana;LUNGOTEVERE IN SASSIA;da specificare;;;;ALL'ALTEZZA DELLA GALLERIA PASA;Veicolo in marcia contro ostacolo fisso;Rettilineo;Una carreggiata a senso unico di marcia;Asciutto;Asfaltata;Verticale ed orizzontale;Sereno;Scarso;Buona;Sufficiente;2;0;0;1;12.46305;41.90088;-1;1;Autovettura privata;In marcia / fermata / arresto;Passeggero;F;Rimandato;0;NON DECEDUTO;;
2833323;20;26/05/2016 16:20;Strada Urbana;VIA FLAMINIA;da specificare;;;;(sottovia altezza Centro Euclide, dir. centro);Scontro laterale fra veicoli in marcia;Curva senza visuale libera;Una carreggiata a senso unico di marcia;Asciutto;Asfaltata;Verticale ed orizzontale;Sereno;Normale;Sufficiente;Ore Diurne;0;0;0;3;12.48473;41.9525;-1;1;Autovettura privata;In marcia / fermata / arresto;Conducente;F;Illeso;0;;Non accertato;
2833323;20;26/05/2016 16:20;Strada Urbana;VIA FLAMINIA;da specificare;;;;(sottovia altezza Centro Euclide, dir. centro);Scontro laterale fra veicoli in marcia;Curva senza visuale libera;Una carreggiata a senso unico di marcia;Asciutto;Asfaltata;Verticale ed orizzontale;Sereno;Normale;Sufficiente;Ore Diurne;0;0;0;3;12.48473;41.9525;-1;1;Autovettura privata;In marcia / fermata / arresto;Passeggero;F;Illeso;0;;;
2833323;20;26/05/2016 16:20;Strada Urbana;VIA FLAMINIA;da specificare;;;;(sottovia altezza Centro Euclide, dir. centro);Scontro laterale fra veicoli in marcia;Curva senza visuale libera;Una carreggiata a senso unico di marcia;Asciutto;Asfaltata;Verticale ed orizzontale;Sereno;Normale;Sufficiente;Ore Diurne;0;0;0;3;12.48473;41.9525;-1;2;Autocarro inferiore 35 q.;Allontanatosi;Conducente;M;Illeso;0;;Non accertato;Inesploso
2833329;17;26/05/2016 11:45;Strada Urbana;VIA COLA DI RIENZO;in corrispondenza;;del civico n.;211;;Veicolo in marcia contro veicolo fermo;Rettilineo;Una carreggiata a doppio senso;Asciutto;Acciotolata;Verticale ed orizzontale;Grandine in atto;Intenso;Sufficiente;Ore Diurne;0;0;0;2;12.46319;41.90761;-1;1;Autocarro inferiore 35 q.;In marcia / fermata / arresto;Conducente;M;Illeso;0;;;
2833329;17;26/05/2016 11:45;Strada Urbana;VIA COLA DI RIENZO;in corrispondenza;;del civico n.;211;;Veicolo in marcia contro veicolo fermo;Rettilineo;Una carreggiata a doppio senso;Asciutto;Acciotolata;Verticale ed orizzontale;Grandine in atto;Intenso;Sufficiente;Ore Diurne;0;0;0;2;12.46319;41.90761;-1;2;Autovettura privata;In marcia / fermata / arresto;Conducente;F;Illeso;0;;;
2833340;10;26/05/2016 14:00;Strada Urbana;VIALE MARCO FULVIO NOBILIORE;in prossimità;;del civico n.;149;;Scontro laterale fra veicoli in marcia;Rettilineo;Una carreggiata a senso unico di marcia;Asciutto;Asfaltata;Orizzontale;Sereno;Scarso;Buona;Ore Diurne;0;0;0;2;12.56718;41.86229;-1;1;Autovettura privata;In marcia / fermata / arresto;Conducente;M;Illeso;0;;Non accertato;Inesploso
2833340;10;26/05/2016 14:00;Strada Urbana;VIALE MARCO FULVIO NOBILIORE;in prossimità;;del civico n.;149;;Scontro laterale fra veicoli in marcia;Rettilineo;Una carreggiata a senso unico di marcia;Asciutto;Asfaltata;Orizzontale;Sereno;Scarso;Buona;Ore Diurne;0;0;0;2;12.56718;41.86229;-1;2;Autovettura privata;In marcia / fermata / arresto;Conducente;M;Illeso;0;;;
2833357;17;26/05/2016 11:00;Strada Urbana;GALLERIA PRINCIPE AMEDEO SAVOIA AOSTA;da specificare;;;;direzione p.a rovere alt. lamp. 415;Veicolo in marcia contro ostacolo accidentale;Galleria illuminata;Una carreggiata a senso unico di marcia;Asciutto;Asfaltata;Orizzontale;Sereno;Normale;Sufficiente;Ore Diurne;1;0;0;0;12.45963;41.89973;-1;1;Velocipede;In marcia / fermata / arresto;Conducente;M;Rimandato;0;NON DECEDUTO;Esente;
2833358;20;26/05/2016 13:45;Strada Urbana;LUNGOTEVERE MARESCIALLO DIAZ;all'intersezione semaforizzata con;LARGO MARESCIALLO DIAZ;LARGO MARESCIALLO DIAZ;;;Tamponamento;Intersezione semaforizzata;Due carreggiate;Asciutto;Asfaltata;Verticale ed orizzontale;Sereno;Intenso;Sufficiente;Ore Diurne;1;0;0;1;12.46487;41.93596;-1;1;Autocarro inferiore 35 q.;In marcia / fermata / arresto;Conducente;F;Illeso;0;;;
2833358;20;26/05/2016 13:45;Strada Urbana;LUNGOTEVERE MARESCIALLO DIAZ;all'intersezione semaforizzata con;LARGO MARESCIALLO DIAZ;LARGO MARESCIALLO DIAZ;;;Tamponamento;Intersezione semaforizzata;Due carreggiate;Asciutto;Asfaltata;Verticale ed orizzontale;Sereno;Intenso;Sufficiente;Ore Diurne;1;0;0;1;12.46487;41.93596;-1;2;Autovettura privata;In marcia / fermata / arresto;Conducente;F;Rimandato;0;NON DECEDUTO;;
2833370;4;26/05/2016 22:00;Strada Urbana;VIALE VENTUNO APRILE;in prossimità;;del civico n.;53;;Investimento di pedone;Rettilineo;Due carreggiate;Asciutto;Asfaltata;Verticale ed orizzontale;Sereno;Scarso;Buona;Sufficiente;1;0;0;1;12.51998;41.91767;-1;;;;Pedone;F;Rimandato;0;NON DECEDUTO;;
2833370;4;26/05/2016 22:00;Strada Urbana;VIALE VENTUNO APRILE;in prossimità;;del civico n.;53;;Investimento di pedone;Rettilineo;Due carreggiate;Asciutto;Asfaltata;Verticale ed orizzontale;Sereno;Scarso;Buona;Sufficiente;1;0;0;1;12.51998;41.91767;-1;1;Autovettura privata;In marcia / fermata / arresto;Conducente;M;Illeso;0;;Non accertato;
2833387;19;26/05/2016 15:10;Strada Urbana;VIA CARLO LIVI;all'intersezione con;VIA ANDREA VERGA;VIA ANDREA VERGA;;;Scontro frontale/laterale SX fra veicoli in marcia;Incrocio;Una carreggiata a senso unico di marcia;Asciutto;Asfaltata;Verticale ed orizzontale;Sereno;Scarso;Buona;Ore Diurne;0;0;0;3;12.41951;41.93517;-1;1;Autovettura privata;In marcia / fermata / arresto;Conducente;F;Illeso;0;;Non accertato;Inesploso
2833387;19;26/05/2016 15:10;Strada Urbana;VIA CARLO LIVI;all'intersezione con;VIA ANDREA VERGA;VIA ANDREA VERGA;;;Scontro frontale/laterale SX fra veicoli in marcia;Incrocio;Una carreggiata a senso unico di marcia;Asciutto;Asfaltata;Verticale ed orizzontale;Sereno;Scarso;Buona;Ore Diurne;0;0;0;3;12.41951;41.93517;-1;2;Autovettura privata;In marcia / fermata / arresto;Conducente;F;Illeso;0;;Non accertato;Inesploso
2833387;19;26/05/2016 15:10;Strada Urbana;VIA CARLO LIVI;all'intersezione con;VIA ANDREA VERGA;VIA ANDREA VERGA;;;Scontro frontale/laterale SX fra veicoli in marcia;Incrocio;Una carreggiata a senso unico di marcia;Asciutto;Asfaltata;Verticale ed orizzontale;Sereno;Scarso;Buona;Ore Diurne;0;0;0;3;12.41951;41.93517;-1;2;Autovettura privata;In marcia / fermata / arresto;Passeggero;F;Illeso;0;;Non accertato;Inesploso
2833389;4;26/05/2016 16:45;Provinciale entro l'abitato;VIA NOMENTANA;all'intersezione con;VIA CARLO LORENZINI;VIA CARLO LORENZINI;;;Scontro laterale fra veicoli in marcia;Incrocio;Una carreggiata a doppio senso;Asciutto;Asfaltata;Verticale ed orizzontale;Sereno;Intenso;Buona;Ore Diurne;0;0;0;3;12.55713;41.94294;-1;1;Motociclo a solo;In marcia / fermata / arresto;Conducente;M;Illeso;0;;Non accertato;
2833389;4;26/05/2016 16:45;Provinciale entro l'abitato;VIA NOMENTANA;all'intersezione con;VIA CARLO LORENZINI;VIA CARLO LORENZINI;;;Scontro laterale fra veicoli in marcia;Incrocio;Una carreggiata a doppio senso;Asciutto;Asfaltata;Verticale ed orizzontale;Sereno;Intenso;Buona;Ore Diurne;0;0;0;3;12.55713;41.94294;-1;2;Autovettura privata;In marcia / fermata / arresto;Conducente;M;Illeso;0;;Non accertato;
2833389;4;26/05/2016 16:45;Provinciale entro l'abitato;VIA NOMENTANA;all'intersezione con;VIA CARLO LORENZINI;VIA CARLO LORENZINI;;;Scontro laterale fra veicoli in marcia;Incrocio;Una carreggiata a doppio senso;Asciutto;Asfaltata;Verticale ed orizzontale;Sereno;Intenso;Buona;Ore Diurne;0;0;0;3;12.55713;41.94294;-1;3;Autovettura pubblica;In marcia / fermata / arresto;Conducente;M;Illeso;0;;Non accertato;
2833417;16;26/05/2016 11:20;Strada Urbana;VIALE DEI QUATTRO VENTI;da specificare;;;;in corrispondenza del fronte civico 172/B;Scontro laterale fra veicoli in marcia;Rettilineo;Una carreggiata a doppio senso;Asciutto;Asfaltata;Orizzontale;Sereno;Normale;Buona;Ore Diurne;1;0;0;1;12.45799;41.8762;-1;1;Motociclo a solo;In marcia / fermata / arresto;Conducente;M;Rifiuta cure immediate;0;NON DECEDUTO;Non accertato;
2833417;16;26/05/2016 11:20;Strada Urbana;VIALE DEI QUATTRO VENTI;da specificare;;;;in corrispondenza del fronte civico 172/B;Scontro laterale fra veicoli in marcia;Rettilineo;Una carreggiata a doppio senso;Asciutto;Asfaltata;Orizzontale;Sereno;Normale;Buona;Ore Diurne;1;0;0;1;12.45799;41.8762;-1;2;Autovettura privata;In marcia / fermata / arresto;Conducente;M;Illeso;0;;Non accertato;Inesploso
2833419;16;25/05/2016 21:30;Strada Urbana;VIA GUIDO CAVALCANTI;all'intersezione con;VIA ANNIBAL CARO;VIA ANNIBAL CARO;;;Scontro frontale/laterale SX fra veicoli in marcia;Intersezione stradale segnalata;Una carreggiata a senso unico di marcia;Asciutto;Asfaltata;Verticale;Sereno;Scarso;Buona;Sufficiente;0;0;0;3;12.46039;41.87505;-1;1;Autovettura privata;In marcia / fermata / arresto;Conducente;M;Illeso;0;;Non accertato;Inesploso
2833419;16;25/05/2016 21:30;Strada Urbana;VIA GUIDO CAVALCANTI;all'intersezione con;VIA ANNIBAL CARO;VIA ANNIBAL CARO;;;Scontro frontale/laterale SX fra veicoli in marcia;Intersezione stradale segnalata;Una carreggiata a senso unico di marcia;Asciutto;Asfaltata;Verticale;Sereno;Scarso;Buona;Sufficiente;0;0;0;3;12.46039;41.87505;-1;1;Autovettura privata;In marcia / fermata / arresto;Passeggero;F;Illeso;0;;Non accertato;Inesploso
2833419;16;25/05/2016 21:30;Strada Urbana;VIA GUIDO CAVALCANTI;all'intersezione con;VIA ANNIBAL CARO;VIA ANNIBAL CARO;;;Scontro frontale/laterale SX fra veicoli in marcia;Intersezione stradale segnalata;Una carreggiata a senso unico di marcia;Asciutto;Asfaltata;Verticale;Sereno;Scarso;Buona;Sufficiente;0;0;0;3;12.46039;41.87505;-1;2;Autovettura privata;In marcia / fermata / arresto;Conducente;M;Illeso;0;;Non accertato;Inesploso
2833434;2;26/05/2016 11:55;Strada Urbana;PIAZZALE BRASILE;da specificare;;;;ALT. SOTTOVIA IGNAZIO GUIDI DIR. VIA PINCIANA;Scontro frontale/laterale DX fra veicoli in marcia;Rotatoria;Una carreggiata a senso unico di marcia;Asciutto;Asfaltata;Verticale;Sereno;Normale;Buona;Ore Diurne;0;0;0;2;12.48876;41.90959;-1;1;Quadriciclo leggero;In marcia / fermata / arresto;Conducente;F;Illeso;0;;;
2833434;2;26/05/2016 11:55;Strada Urbana;PIAZZALE BRASILE;da specificare;;;;ALT. SOTTOVIA IGNAZIO GUIDI DIR. VIA PINCIANA;Scontro frontale/laterale DX fra veicoli in marcia;Rotatoria;Una carreggiata a senso unico di marcia;Asciutto;Asfaltata;Verticale;Sereno;Normale;Buona;Ore Diurne;0;0;0;2;12.48876;41.90959;-1;2;Autovettura privata;In marcia / fermata / arresto;Conducente;M;Illeso;0;;;
2833439;2;26/05/2016 16:10;Strada Urbana;VIA DEL FORO ITALICO;da specificare;;;;FR. CIV. 491;Tamponamento Multiplo;Rettilineo;Due carreggiate;Asciutto;Asfaltata;Orizzontale;Sereno;Normale;Buona;Ore Diurne;1;0;0;2;12.49886;41.9408;-1;1;Autovettura privata;In marcia / fermata / arresto;Conducente;M;Illeso;0;;;
2833439;2;26/05/2016 16:10;Strada Urbana;VIA DEL FORO ITALICO;da specificare;;;;FR. CIV. 491;Tamponamento Multiplo;Rettilineo;Due carreggiate;Asciutto;Asfaltata;Orizzontale;Sereno;Normale;Buona;Ore Diurne;1;0;0;2;12.49886;41.9408;-1;2;Autovettura privata;In marcia / fermata / arresto;Conducente;M;Illeso;0;;;
2833439;2;26/05/2016 16:10;Strada Urbana;VIA DEL FORO ITALICO;da specificare;;;;FR. CIV. 491;Tamponamento Multiplo;Rettilineo;Due carreggiate;Asciutto;Asfaltata;Orizzontale;Sereno;Normale;Buona;Ore Diurne;1;0;0;2;12.49886;41.9408;-1;3;Motociclo a solo;In marcia / fermata / arresto;Conducente;M;Rifiuta cure immediate;0;NON DECEDUTO;;
2833465;20;26/05/2016 16:00;Strada Urbana;PONTE DUCA D'AOSTA;da specificare;;;;in prossimità di PIAZZA LAURO DE BOSIS;Scontro laterale fra veicoli in marcia;Rettilineo;Una carreggiata a doppio senso;Asciutto;Asfaltata;Verticale ed orizzontale;Sereno;Normale;Sufficiente;Ore Diurne;0;0;0;3;12.46109;41.93107;-1;1;Autovettura privata;In marcia / fermata / arresto;Conducente;M;Illeso;0;;;Inesploso
2833465;20;26/05/2016 16:00;Strada Urbana;PONTE DUCA D'AOSTA;da specificare;;;;in prossimità di PIAZZA LAURO DE BOSIS;Scontro laterale fra veicoli in marcia;Rettilineo;Una carreggiata a doppio senso;Asciutto;Asfaltata;Verticale ed orizzontale;Sereno;Normale;Sufficiente;Ore Diurne;0;0;0;3;12.46109;41.93107;-1;2;Autocarro inferiore 35 q.;In marcia / fermata / arresto;Conducente;M;Illeso;0;;;
2833465;20;26/05/2016 16:00;Strada Urbana;PONTE DUCA D'AOSTA;da specificare;;;;in prossimità di PIAZZA LAURO DE BOSIS;Scontro laterale fra veicoli in marcia;Rettilineo;Una carreggiata a doppio senso;Asciutto;Asfaltata;Verticale ed orizzontale;Sereno;Normale;Sufficiente;Ore Diurne;0;0;0;3;12.46109;41.93107;-1;2;Autocarro inferiore 35 q.;In marcia / fermata / arresto;Passeggero;M;Illeso;0;;;
2833467;7;27/05/2016 02:15;Strada Urbana;VIA TEANO;da specificare;;;;fonte civico 289;Scontro laterale fra veicoli in marcia;Rettilineo;Una carreggiata a senso unico di marcia;Asciutto;Asfaltata;Verticale ed orizzontale;Sereno;Scarso;Buona;Sufficiente;0;0;0;1;12.54994;41.8894;-1;1;Autovettura privata;In marcia / fermata / arresto;Conducente;M;Illeso;0;;Non accertato;Inesploso
2833492;15;26/05/2016 20:15;Strada Urbana;VIA PIETRO MARONCELLI;all'intersezione con;VIA LUIGI ANGELONI;VIA LUIGI ANGELONI;;;Scontro laterale fra veicoli in marcia;Incrocio;Una carreggiata a senso unico di marcia;Asciutto;Asfaltata;Verticale ed orizzontale;Sereno;Normale;Buona;Ore Diurne;0;0;0;3;12.44912;41.85468;-1;1;Autovettura privata;In marcia / fermata / arresto;Conducente;F;Illeso;0;;Utilizzato;
2833492;15;26/05/2016 20:15;Strada Urbana;VIA PIETRO MARONCELLI;all'intersezione con;VIA LUIGI ANGELONI;VIA LUIGI ANGELONI;;;Scontro laterale fra veicoli in marcia;Incrocio;Una carreggiata a senso unico di marcia;Asciutto;Asfaltata;Verticale ed orizzontale;Sereno;Normale;Buona;Ore Diurne;0;0;0;3;12.44912;41.85468;-1;2;Autovettura privata;In marcia / fermata / arresto;Conducente;M;Illeso;0;;Utilizzato;
2833492;15;26/05/2016 20:15;Strada Urbana;VIA PIETRO MARONCELLI;all'intersezione con;VIA LUIGI ANGELONI;VIA LUIGI ANGELONI;;;Scontro laterale fra veicoli in marcia;Incrocio;Una carreggiata a senso unico di marcia;Asciutto;Asfaltata;Verticale ed orizzontale;Sereno;Normale;Buona;Ore Diurne;0;0;0;3;12.44912;41.85468;-1;2;Autovettura privata;In marcia / fermata / arresto;Passeggero;F;Illeso;0;;Utilizzato;
2833499;15;26/05/2016 19:00;Strada Urbana;VIA DELLA MAGLIANA NUOVA;da specificare;;;;fronte civico 175;Tamponamento;Rettilineo;Una carreggiata a doppio senso;Asciutto;Asfaltata;Verticale ed orizzontale;Sereno;Normale;Buona;Ore Diurne;1;0;0;2;12.45655;41.84899;-1;1;Autovettura privata;In marcia / fermata / arresto;Conducente;F;Illeso;0;;Utilizzato;
2833499;15;26/05/2016 19:00;Strada Urbana;VIA DELLA MAGLIANA NUOVA;da specificare;;;;fronte civico 175;Tamponamento;Rettilineo;Una carreggiata a doppio senso;Asciutto;Asfaltata;Verticale ed orizzontale;Sereno;Normale;Buona;Ore Diurne;1;0;0;2;12.45655;41.84899;-1;1;Autovettura privata;In marcia / fermata / arresto;Passeggero;M;Illeso;0;;Utilizzato;
2833499;15;26/05/2016 19:00;Strada Urbana;VIA DELLA MAGLIANA NUOVA;da specificare;;;;fronte civico 175;Tamponamento;Rettilineo;Una carreggiata a doppio senso;Asciutto;Asfaltata;Verticale ed orizzontale;Sereno;Normale;Buona;Ore Diurne;1;0;0;2;12.45655;41.84899;-1;2;Motociclo a solo;In marcia / fermata / arresto;Conducente;F;Rimandato;0;NON DECEDUTO;Utilizzato;
2833500;17;27/05/2016 09:05;Strada Urbana;PARCO DELLA VITTORIA;da specificare;;;;altezza curva;Veicolo in marcia contro veicoli in arresto;Curva senza visuale libera;Una carreggiata a doppio senso;Asciutto;Asfaltata;Verticale;Sereno;Intenso;Sufficiente;Ore Diurne;0;0;0;3;12.44881;41.92459;-1;1;Autovettura privata;In marcia / fermata / arresto;Conducente;F;Illeso;0;;;
2833500;17;27/05/2016 09:05;Strada Urbana;PARCO DELLA VITTORIA;da specificare;;;;altezza curva;Veicolo in marcia contro veicoli in arresto;Curva senza visuale libera;Una carreggiata a doppio senso;Asciutto;Asfaltata;Verticale;Sereno;Intenso;Sufficiente;Ore Diurne;0;0;0;3;12.44881;41.92459;-1;1;Autovettura privata;In marcia / fermata / arresto;Passeggero;M;Illeso;0;;;
2833500;17;27/05/2016 09:05;Strada Urbana;PARCO DELLA VITTORIA;da specificare;;;;altezza curva;Veicolo in marcia contro veicoli in arresto;Curva senza visuale libera;Una carreggiata a doppio senso;Asciutto;Asfaltata;Verticale;Sereno;Intenso;Sufficiente;Ore Diurne;0;0;0;3;12.44881;41.92459;-1;2;Autovettura privata;In marcia / fermata / arresto;Conducente;F;Illeso;0;;;
2833507;10;27/05/2016 09:30;Strada Urbana;VIA DELLA STAZIONE DI CIAMPINO;all'intersezione con;VIA DI TORRE MORENA;VIA DI TORRE MORENA;;;Scontro frontale/laterale DX fra veicoli in marcia;Incrocio;Una carreggiata a doppio senso;Asciutto;Asfaltata;Verticale ed orizzontale;Sereno;Normale;Buona;Ore Diurne;0;0;0;2;12.6142;41.81126;-1;1;Autovettura privata;In marcia / fermata / arresto;Conducente;F;Illeso;0;;Non accertato;Inesploso
2833507;10;27/05/2016 09:30;Strada Urbana;VIA DELLA STAZIONE DI CIAMPINO;all'intersezione con;VIA DI TORRE MORENA;VIA DI TORRE MORENA;;;Scontro frontale/laterale DX fra veicoli in marcia;Incrocio;Una carreggiata a doppio senso;Asciutto;Asfaltata;Verticale ed orizzontale;Sereno;Normale;Buona;Ore Diurne;0;0;0;2;12.6142;41.81126;-1;2;Autovettura privata;In marcia / fermata / arresto;Conducente;F;Illeso;0;;Non accertato;Inesploso
2833521;16;26/05/2016 11:45;Strada Urbana;VIA LORENZO ROCCI;all'intersezione con;VIA CARLO ORESTE ZURETTI;VIA CARLO ORESTE ZURETTI;;;Investimento di pedone;Intersezione non regolata/non segnalata;Una carreggiata a doppio senso;Asciutto;Asfaltata;Verticale ed orizzontale;Sereno;Normale;Buona;Ore Diurne;0;0;0;2;12.43972;41.8617;-1;;;;Pedone;M;Illeso;0;;;
2833521;16;26/05/2016 11:45;Strada Urbana;VIA LORENZO ROCCI;all'intersezione con;VIA CARLO ORESTE ZURETTI;VIA CARLO ORESTE ZURETTI;;;Investimento di pedone;Intersezione non regolata/non segnalata;Una carreggiata a doppio senso;Asciutto;Asfaltata;Verticale ed orizzontale;Sereno;Normale;Buona;Ore Diurne;0;0;0;2;12.43972;41.8617;-1;1;Autovettura privata;In marcia / fermata / arresto;Conducente;F;Illeso;0;;Non accertato;
2833574;10;26/05/2016 15:30;Strada Urbana;VIA DI S. TARCISIO;all'intersezione con;VIA SOLONIA;VIA SOLONIA;;;Scontro frontale/laterale SX fra veicoli in marcia;Incrocio;Una carreggiata a senso unico di marcia;Asciutto;Asfaltata;Verticale ed orizzontale;Sereno;Normale;Buona;Ore Diurne;0;0;0;2;12.54999;41.8436;-1;1;Autovettura privata;In marcia / fermata / arresto;Conducente;M;Illeso;0;;Non accertato;Inesploso
2833574;10;26/05/2016 15:30;Strada Urbana;VIA DI S. TARCISIO;all'intersezione con;VIA SOLONIA;VIA SOLONIA;;;Scontro frontale/laterale SX fra veicoli in marcia;Incrocio;Una carreggiata a senso unico di marcia;Asciutto;Asfaltata;Verticale ed orizzontale;Sereno;Normale;Buona;Ore Diurne;0;0;0;2;12.54999;41.8436;-1;2;Autovettura privata;In marcia / fermata / arresto;Conducente;M;Illeso;0;;Non accertato;Inesploso
2833589;10;26/05/2016 19:05;Strada Urbana;VIA BERNARDINO ALIMENA;in corrispondenza;;del civico n.;54;;Scontro frontale/laterale SX fra veicoli in marcia;Rettilineo;Più di due carreggiate;Asciutto;Asfaltata;Verticale ed orizzontale;Sereno;Normale;Buona;Ore Diurne;0;0;0;3;12.60284;41.84764;-1;1;Autovettura privata;In marcia / fermata / arresto;Conducente;F;Illeso;0;;Non accertato;Inesploso
2833589;10;26/05/2016 19:05;Strada Urbana;VIA BERNARDINO ALIMENA;in corrispondenza;;del civico n.;54;;Scontro frontale/laterale SX fra veicoli in marcia;Rettilineo;Più di due carreggiate;Asciutto;Asfaltata;Verticale ed orizzontale;Sereno;Normale;Buona;Ore Diurne;0;0;0;3;12.60284;41.84764;-1;2;Autovettura privata;In marcia / fermata / arresto;Conducente;M;Illeso;0;;Non accertato;Inesploso
2833589;10;26/05/2016 19:05;Strada Urbana;VIA BERNARDINO ALIMENA;in corrispondenza;;del civico n.;54;;Scontro frontale/laterale SX fra veicoli in marcia;Rettilineo;Più di due carreggiate;Asciutto;Asfaltata;Verticale ed orizzontale;Sereno;Normale;Buona;Ore Diurne;0;0;0;3;12.60284;41.84764;-1;2;Autovettura privata;In marcia / fermata / arresto;Passeggero;F;Illeso;0;;Non accertato;Inesploso
2833633;20;26/05/2016 20:30;Strada Urbana;VIA MADIGNANO;all'intersezione con;VIA RONCOFERRARO;VIA RONCOFERRARO;;;Scontro frontale/laterale DX fra veicoli in marcia;Intersezione non regolata/non segnalata;Una carreggiata a doppio senso;Asciutto;Asfaltata;Orizzontale;Sereno;Scarso;Sufficiente;Sufficiente;0;0;0;2;12.45407;42.02538;-1;1;Autovettura privata;In marcia / fermata / arresto;Conducente;F;Illeso;0;;;Inesploso
2833633;20;26/05/2016 20:30;Strada Urbana;VIA MADIGNANO;all'intersezione con;VIA RONCOFERRARO;VIA RONCOFERRARO;;;Scontro frontale/laterale DX fra veicoli in marcia;Intersezione non regolata/non segnalata;Una carreggiata a doppio senso;Asciutto;Asfaltata;Orizzontale;Sereno;Scarso;Sufficiente;Sufficiente;0;0;0;2;12.45407;42.02538;-1;2;Autovettura privata;In marcia / fermata / arresto;Conducente;M;Illeso;0;;;Inesploso
2833655;20;26/05/2016 21:00;Strada Urbana;VIA JONAS EDWARD SALK;da specificare;;;;in prossimità del palo illuminazione n.33;Veicolo in marcia contro ostacolo accidentale;Rettilineo;Una carreggiata a doppio senso;Asciutto;Asfaltata;Orizzontale;Sereno;Scarso;Sufficiente;Sufficiente;0;0;0;2;12.48282;41.98761;-1;1;Autovettura privata;In marcia / fermata / arresto;Conducente;F;Illeso;0;;;Inesploso