Protocollo;Gruppo;DataOraIncidente;Localizzazione1;STRADA1;Localizzazione2;STRADA2;Strada02;Chilometrica;DaSpecificare;NaturaIncidente;particolaritastrade;TipoStrada;FondoStradale;Pavimentazione;Segnaletica;CondizioneAtmosferica;Traffico;Visibilita;Illuminazione;NUM_FERITI;NUM_RISERVATA;NUM_MORTI;NUM_ILLESI;Longitudine;Latitudine;Confermato;Progressivo;TipoVeicolo;StatoVeicolo;TipoPersona;Sesso;Tipolesione;Deceduto;DecedutoDopo;CinturaCascoUtilizzato;Airbag
2834210;4;27/05/2016 09:30;Strada Urbana;VIADOTTO SANDRO PERTINI;da specificare;;;;Altezza Palo ACEA nr. 10 SP2009;Investimento di pedone;Rettilineo;Due carreggiate;Asciutto;Asfaltata;Verticale ed orizzontale;Sereno;Normale;Buona;Ore Diurne;2;0;0;1;12.49637;41.90278;-1;1;Autovettura privata;In marcia / fermata / arresto;Conducente;M;Illeso;0;;Non accertato;Inesploso
2834221;26;23/05/2016 11:10;Strada Urbana;PIAZZA DEL CAMPIDOGLIO;all'intersezione con;VIA DI S. PIETRO IN CARCERE;VIA DI S. PIETRO IN CARCERE;;;Veicolo in marcia contro ostacolo fisso;Incrocio;Una carreggiata a doppio senso;Asciutto;Asfaltata;Verticale;Nuvoloso;Scarso;Buona;Ore Diurne;0;0;0;1;12.48319;41.89337;-1;1;Veicolo speciale;In marcia / fermata / arresto;Conducente;M;Illeso;0;;Utilizzato;Inesploso
2834261;1;27/05/2016 07:10;Strada Urbana;PIAZZALE UGO LA MALFA;all'intersezione con;VIA DEL CIRCO MASSIMO;VIA DEL CIRCO MASSIMO;;;Scontro frontale/laterale SX fra veicoli in marcia;Incrocio;Una carreggiata a doppio senso;Asciutto;Asfaltata;Verticale ed orizzontale;Sereno;Normale;Buona;Ore Diurne;1;0;0;1;12.48499;41.88535;-1;1;Autovettura pubblica;In marcia / fermata / arresto;Conducente;M;Illeso;0;;Non accertato;
2834261;1;27/05/2016 07:10;Strada Urbana;PIAZZALE UGO LA MALFA;all'intersezione con;VIA DEL CIRCO MASSIMO;VIA DEL CIRCO MASSIMO;;;Scontro frontale/laterale SX fra veicoli in marcia;Incrocio;Una carreggiata a doppio senso;Asciutto;Asfaltata;Verticale ed orizzontale;Sereno;Normale;Buona;Ore Diurne;1;0;0;1;12.48499;41.88535;-1;2;Motociclo a solo;In marcia / fermata / arresto;Conducente;M;Rimandato;0;NON DECEDUTO;Non accertato;
2834287;1;27/05/2016 08:30;Strada Urbana;VIALE DEL MONTE OPPIO;in prossimità;;del civico n.;28;;Veicolo in marcia contro veicolo in sosta;Rettilineo;Una carreggiata a doppio senso;Asciutto;Asfaltata;Verticale ed orizzontale;Sereno;Normale;Buona;Ore Diurne;0;0;0;1;12.49853;41.89426;-1;1;Autovettura pubblica;In marcia / fermata / arresto;Conducente;M;Illeso;0;;Non accertato;Inesploso
2834352;19;27/05/2016 15:30;Strada Urbana;VIA TRIONFALE;in prossimità;;del civico n.;9560;;Tamponamento Multiplo;Rettilineo;Una carreggiata a doppio senso;Asciutto;Asfaltata;Verticale ed orizzontale;Sereno;Normale;Buona;Ore Diurne;0;0;0;5;12.41734;41.94589;-1;1;Autovettura privata;In marcia / fermata / arresto;Conducente;M;Illeso;0;;Non accertato;Inesploso
2834352;19;27/05/2016 15:30;Strada Urbana;VIA TRIONFALE;in prossimità;;del civico n.;9560;;Tamponamento Multiplo;Rettilineo;Una carreggiata a doppio senso;Asciutto;Asfaltata;Verticale ed orizzontale;Sereno;Normale;Buona;Ore Diurne;0;0;0;5;12.41734;41.94589;-1;2;Autovettura privata;In marcia / fermata / arresto;Conducente;F;Illeso;0;;Non accertato;Inesploso
2834352;19;27/05/2016 15:30;Strada Urbana;VIA TRIONFALE;in prossimità;;del civico n.;9560;;Tamponamento Multiplo;Rettilineo;Una carreggiata a doppio senso;Asciutto;Asfaltata;Verticale ed orizzontale;Sereno;Normale;Buona;Ore Diurne;0;0;0;5;12.41734;41.94589;-1;3;Autovettura privata;In marcia / fermata / arresto;Conducente;F;Illeso;0;;Non accertato;Inesploso
2834352;19;27/05/2016 15:30;Strada Urbana;VIA TRIONFALE;in prossimità;;del civico n.;9560;;Tamponamento Multiplo;Rettilineo;Una carreggiata a doppio senso;Asciutto;Asfaltata;Verticale ed orizzontale;Sereno;Normale;Buona;Ore Diurne;0;0;0;5;12.41734;41.94589;-1;3;Autovettura privata;In marcia / fermata / arresto;Passeggero;M;Illeso;0;;Non accertato;Inesploso
2834352;19;27/05/2016 15:30;Strada Urbana;VIA TRIONFALE;in prossimità;;del civico n.;9560;;Tamponamento Multiplo;Rettilineo;Una carreggiata a doppio senso;Asciutto;Asfaltata;Verticale ed orizzontale;Sereno;Normale;Buona;Ore Diurne;0;0;0;5;12.41734;41.94589;-1;3;Autovettura privata;In marcia / fermata / arresto;Passeggero;F;Illeso;0;;Non accertato;Inesploso
2834412;6;27/05/2016 16:10;Strada Urbana;VIA GUGLIELMO DEGLI UBERTINI;in corrispondenza;;del civico n.;47;;Scontro laterale fra veicoli in marcia;Rettilineo;Due carreggiate;Asciutto;Asfaltata;Verticale ed orizzontale;Sereno;Scarso;Buona;Ore Diurne;0;0;0;2;12.54;41.88977;-1;1;Autocarro inferiore 35 q.;In marcia / fermata / arresto;Conducente;M;Illeso;0;;Non accertato;
2834412;6;27/05/2016 16:10;Strada Urbana;VIA GUGLIELMO DEGLI UBERTINI;in corrispondenza;;del civico n.;47;;Scontro laterale fra veicoli in marcia;Rettilineo;Due carreggiate;Asciutto;Asfaltata;Verticale ed orizzontale;Sereno;Scarso;Buona;Ore Diurne;0;0;0;2;12.54;41.88977;-1;2;Autovettura privata;In marcia / fermata / arresto;Conducente;M;Illeso;0;;Non accertato;
2834426;1;27/05/2016 17:15;Strada Urbana;PIAZZA VITTORIO EMANUELE II;all'intersezione con;VIA CONTE VERDE;VIA CONTE VERDE;;;Investimento di pedone;Intersezione stradale segnalata;Una carreggiata a doppio senso;Asciutto;Acciotolata;Verticale ed orizzontale;Sereno;Normale;Buona;Ore Diurne;1;0;0;1;12.50482;41.89511;-1;;;;Pedone;F;Ricoverato;0;NON DECEDUTO;;
2834426;1;27/05/2016 17:15;Strada Urbana;PIAZZA VITTORIO EMANUELE II;all'intersezione con;VIA CONTE VERDE;VIA CONTE VERDE;;;Investimento di pedone;Intersezione stradale segnalata;Una carreggiata a doppio senso;Asciutto;Acciotolata;Verticale ed orizzontale;Sereno;Normale;Buona;Ore Diurne;1;0;0;1;12.50482;41.89511;-1;1;Autovettura privata;In marcia / fermata / arresto;Conducente;M;Illeso;0;;Non accertato;Inesploso
2834434;6;27/05/2016 16:30;Strada Urbana;LARGO PRENESTE;in prossimità;;del civico n.;52;;Scontro laterale fra veicoli in marcia;Rettilineo;Una carreggiata a senso unico di marcia;Asciutto;Asfaltata;Verticale ed orizzontale;Sereno;Normale;Buona;Ore Diurne;0;0;0;2;12.54069;41.89223;-1;1;Autobus urbano;In marcia / fermata / arresto;Conducente;M;Illeso;0;;Non accertato;Inesploso
2834434;6;27/05/2016 16:30;Strada Urbana;LARGO PRENESTE;in prossimità;;del civico n.;52;;Scontro laterale fra veicoli in marcia;Rettilineo;Una carreggiata a senso unico di marcia;Asciutto;Asfaltata;Verticale ed orizzontale;Sereno;Normale;Buona;Ore Diurne;0;0;0;2;12.54069;41.89223;-1;2;Autocarro inferiore 35 q.;In marcia / fermata / arresto;Conducente;M;Illeso;0;;Non accertato;Inesploso
2834746;11;27/05/2016 17:20;Strada Urbana;VIALE GUGLIELMO MARCONI;all'intersezione semaforizzata con;VIA GIBILMANNA;VIA GIBILMANNA;;;Tamponamento;Intersezione semaforizzata;Una carreggiata a doppio senso;Asciutto;Asfaltata;Verticale ed orizzontale;Sereno;Normale;Buona;Ore Diurne;1;0;0;1;12.4758;41.84702;-1;1;Motociclo a solo;In marcia / fermata / arresto;Conducente;M;Rimandato;0;NON DECEDUTO;Non accertato;
2834746;11;27/05/2016 17:20;Strada Urbana;VIALE GUGLIELMO MARCONI;all'intersezione semaforizzata con;VIA GIBILMANNA;VIA GIBILMANNA;;;Tamponamento;Intersezione semaforizzata;Una carreggiata a doppio senso;Asciutto;Asfaltata;Verticale ed orizzontale;Sereno;Normale;Buona;Ore Diurne;1;0;0;1;12.4758;41.84702;-1;2;Autovettura privata;In marcia / fermata / arresto;Conducente;M;Illeso;0;;Non accertato;
2834749;11;27/05/2016 17:30;Strada Urbana;VIA CRISTOFORO COLOMBO;in prossimità;;del palo luce n.;28;;Tamponamento;Rettilineo;Più di due carreggiate;Asciutto;Asfaltata;Verticale ed orizzontale;Sereno;Intenso;Buona;Ore Diurne;1;0;0;1;12.49604;41.86994;-1;1;Motociclo con passeggero;In marcia / fermata / arresto;Conducente;M;Rifiuta cure immediate;0;NON DECEDUTO;;
2834749;11;27/05/2016 17:30;Strada Urbana;VIA CRISTOFORO COLOMBO;in prossimità;;del palo luce n.;28;;Tamponamento;Rettilineo;Più di due carreggiate;Asciutto;Asfaltata;Verticale ed orizzontale;Sereno;Intenso;Buona;Ore Diurne;1;0;0;1;12.49604;41.86994;-1;2;Autovettura privata;In marcia / fermata / arresto;Conducente;F;Illeso;0;;;
2834775;11;27/05/2016 18:00;Strada Urbana;PIAZZALE ANTONIO TOSTI;all'intersezione con;VIALE CARLO TOMMASO ODESCALCHI;VIALE CARLO TOMMASO ODESCALCHI;;;Scontro frontale/laterale SX fra veicoli in marcia;Incrocio;Due carreggiate;Asciutto;Asfaltata;Verticale ed orizzontale;Sereno;Normale;Buona;Ore Diurne;1;0;0;2;12.50122;41.85737;-1;1;Autovettura privata;In marcia / fermata / arresto;Conducente;F;Illeso;0;;Non accertato;
2834775;11;27/05/2016 18:00;Strada Urbana;PIAZZALE ANTONIO TOSTI;all'intersezione con;VIALE CARLO TOMMASO ODESCALCHI;VIALE CARLO TOMMASO ODESCALCHI;;;Scontro frontale/laterale SX fra veicoli in marcia;Incrocio;Due carreggiate;Asciutto;Asfaltata;Verticale ed orizzontale;Sereno;Normale;Buona;Ore Diurne;1;0;0;2;12.50122;41.85737;-1;1;Autovettura privata;In marcia / fermata / arresto;Passeggero;F;Illeso;0;;Non accertato;
2834775;11;27/05/2016 18:00;Strada Urbana;PIAZZALE ANTONIO TOSTI;all'intersezione con;VIALE CARLO TOMMASO ODESCALCHI;VIALE CARLO TOMMASO ODESCALCHI;;;Scontro frontale/laterale SX fra veicoli in marcia;Incrocio;Due carreggiate;Asciutto;Asfaltata;Verticale ed orizzontale;Sereno;Normale;Buona;Ore Diurne;1;0;0;2;12.50122;41.85737;-1;2;Autovettura privata;In marcia / fermata / arresto;Conducente;F;Rimandato;0;NON DECEDUTO;Non accertato;
2834781;8;27/05/2016 23:30;Strada Urbana;VIA PRENESTINA;in prossimità;;della chilometrica;13;;Infortunio per sola frenata improvvisa;Rettilineo;Una carreggiata a doppio senso;Asciutto;Asfaltata;Verticale ed orizzontale;Sereno;Scarso;Sufficiente;Sufficiente;1;0;0;0;12.6069;41.89378;-1;1;Motociclo a solo;In marcia / fermata / arresto;Conducente;M;Rimandato;0;NON DECEDUTO;Non accertato;
2834783;8;27/05/2016 21:35;Strada Urbana;VIA LUIGI RUSSOLO;all'intersezione con;VIA LUCIO FONTANA;VIA LUCIO FONTANA;;;Scontro frontale/laterale DX fra veicoli in marcia;Incrocio;Una carreggiata a doppio senso;Asciutto;Asfaltata;Verticale ed orizzontale;Sereno;Normale;Buona;Sufficiente;2;0;0;1;12.61814;41.91151;-1;1;Autovettura privata;In marcia / fermata / arresto;Conducente;M;Illeso;0;;Non accertato;Inesploso
2834783;8;27/05/2016 21:35;Strada Urbana;VIA LUIGI RUSSOLO;all'intersezione con;VIA LUCIO FONTANA;VIA LUCIO FONTANA;;;Scontro frontale/laterale DX fra veicoli in marcia;Incrocio;Una carreggiata a doppio senso;Asciutto;Asfaltata;Verticale ed orizzontale;Sereno;Normale;Buona;Sufficiente;2;0;0;1;12.61814;41.91151;-1;2;Autovettura privata;In marcia / fermata / arresto;Conducente;M;Rimandato;0;NON DECEDUTO;Non accertato;Inesploso
2834783;8;27/05/2016 21:35;Strada Urbana;VIA LUIGI RUSSOLO;all'intersezione con;VIA LUCIO FONTANA;VIA LUCIO FONTANA;;;Scontro frontale/laterale DX fra veicoli in marcia;Incrocio;Una carreggiata a doppio senso;Asciutto;Asfaltata;Verticale ed orizzontale;Sereno;Normale;Buona;Sufficiente;2;0;0;1;12.61814;41.91151;-1;2;Autovettura privata;In marcia / fermata / arresto;Passeggero;F;Rimandato;0;NON DECEDUTO;Non accertato;Inesploso
2834787;8;27/05/2016 17:00;Strada Urbana;VIA DI LUNGHEZZINA;da specificare;;;;700 mt dalla A24 dir Polense;Veicolo in marcia contro ostacolo accidentale;Rettilineo;Una carreggiata a doppio senso;Asciutto;Asfaltata;Verticale ed orizzontale;Sereno;Normale;Buona;Ore Diurne;0;0;0;1;12.67819;41.92641;-1;1;Autovettura privata;In marcia / fermata / arresto;Conducente;M;Illeso;0;;Non accertato;Inesploso
2834794;8;27/05/2016 16:20;Strada Urbana;VIA DEI LUCENTI;in prossimità;;del civico n.;1;;Veicolo in marcia contro ostacolo accidentale;Rettilineo;Una carreggiata a doppio senso;Asciutto;Con buche;Verticale;Sereno;Scarso;Buona;Ore Diurne;0;0;0;2;12.59813;41.86234;-1;1;Motociclo a solo;In marcia / fermata / arresto;Conducente;M;Illeso;0;;Non accertato;
2834794;8;27/05/2016 16:20;Strada Urbana;VIA DEI LUCENTI;in prossimità;;del civico n.;1;;Veicolo in marcia contro ostacolo accidentale;Rettilineo;Una carreggiata a doppio senso;Asciutto;Con buche;Verticale;Sereno;Scarso;Buona;Ore Diurne;0;0;0;2;12.59813;41.86234;-1;1;Motociclo a solo;In marcia / fermata / arresto;Passeggero;M;Illeso;0;;Non accertato;
2834798;8;27/05/2016 11:45;Strada Urbana;VIA DEI CENTAURI;in prossimità;;del civico n.;31;;Tamponamento;Rettilineo;Una carreggiata a doppio senso;Asciutto;Con buche;Verticale;Sereno;Scarso;Buona;Ore Diurne;0;0;0;4;12.61933;41.87746;-1;1;Autovettura privata;In marcia / fermata / arresto;Conducente;M;Illeso;0;;Non accertato;Inesploso
2834798;8;27/05/2016 11:45;Strada Urbana;VIA DEI CENTAURI;in prossimità;;del civico n.;31;;Tamponamento;Rettilineo;Una carreggiata a doppio senso;Asciutto;Con buche;Verticale;Sereno;Scarso;Buona;Ore Diurne;0;0;0;4;12.61933;41.87746;-1;1;Autovettura privata;In marcia / fermata / arresto;Passeggero;F;Illeso;0;;Non accertato;Inesploso
2834798;8;27/05/2016 11:45;Strada Urbana;VIA DEI CENTAURI;in prossimità;;del civico n.;31;;Tamponamento;Rettilineo;Una carreggiata a doppio senso;Asciutto;Con buche;Verticale;Sereno;Scarso;Buona;Ore Diurne;0;0;0;4;12.61933;41.87746;-1;2;Autovettura privata;In marcia / fermata / arresto;Conducente;M;Illeso;0;;Non accertato;Inesploso
2834798;8;27/05/2016 11:45;Strada Urbana;VIA DEI CENTAURI;in prossimità;;del civico n.;31;;Tamponamento;Rettilineo;Una carreggiata a doppio senso;Asciutto;Con buche;Verticale;Sereno;Scarso;Buona;Ore Diurne;0;0;0;4;12.61933;41.87746;-1;2;Autovettura privata;In marcia / fermata / arresto;Passeggero;M;Illeso;0;;Non accertato;Inesploso
2834800;8;27/05/2016 16:15;Provinciale entro l'abitato;VIA PRENESTINA;all'intersezione con;VIA PEDICA DI TOR ANGELA;VIA PEDICA DI TOR ANGELA;;;Scontro laterale fra veicoli in marcia;Incrocio;Una carreggiata a doppio senso;Asciutto;Asfaltata;Verticale ed orizzontale;Sereno;Normale;Buona;Ore Diurne;0;0;0;3;12.62887;41.89253;-1;1;Autovettura privata;In marcia / fermata / arresto;Conducente;M;Illeso;0;;Non accertato;Inesploso
2834800;8;27/05/2016 16:15;Provinciale entro l'abitato;VIA PRENESTINA;all'intersezione con;VIA PEDICA DI TOR ANGELA;VIA PEDICA DI TOR ANGELA;;;Scontro laterale fra veicoli in marcia;Incrocio;Una carreggiata a doppio senso;Asciutto;Asfaltata;Verticale ed orizzontale;Sereno;Normale;Buona;Ore Diurne;0;0;0;3;12.62887;41.89253;-1;2;Autovettura privata;In marcia / fermata / arresto;Conducente;M;Illeso;0;;Non accertato;Inesploso
2834800;8;27/05/2016 16:15;Provinciale entro l'abitato;VIA PRENESTINA;all'intersezione con;VIA PEDICA DI TOR ANGELA;VIA PEDICA DI TOR ANGELA;;;Scontro laterale fra veicoli in marcia;Incrocio;Una carreggiata a doppio senso;Asciutto;Asfaltata;Verticale ed orizzontale;Sereno;Normale;Buona;Ore Diurne;0;0;0;3;12.62887;41.89253;-1;2;Autovettura privata;In marcia / fermata / arresto;Passeggero;M;Illeso;0;;Non accertato;Inesploso
2834801;11;27/05/2016 16:00;Strada Urbana;VICOLO DELL'ANNUNZIATELLA;all'intersezione con;VIA ARDEATINA;VIA ARDEATINA;;;Scontro frontale/laterale SX fra veicoli in marcia;Intersezione stradale segnalata;Una carreggiata a doppio senso;Asciutto;Asfaltata;Verticale ed orizzontale;Sereno;Normale;Buona;Ore Diurne;0;0;0;2;12.51376;41.84124;-1;1;Autocarro inferiore 35 q.;In marcia / fermata / arresto;Conducente;M;Illeso;0;;Non accertato;Inesploso
2834801;11;27/05/2016 16:00;Strada Urbana;VICOLO DELL'ANNUNZIATELLA;all'intersezione con;VIA ARDEATINA;VIA ARDEATINA;;;Scontro frontale/laterale SX fra veicoli in marcia;Intersezione stradale segnalata;Una carreggiata a doppio senso;Asciutto;Asfaltata;Verticale ed orizzontale;Sereno;Normale;Buona;Ore Diurne;0;0;0;2;12.51376;41.84124;-1;2;Autovettura privata;In marcia / fermata / arresto;Conducente;M;Illeso;0;;Non accertato;Inesploso
2834803;8;27/05/2016 10:00;Strada Urbana;VIALE OXFORD;in prossimità;;del civico n.;81;;Tamponamento;Rettilineo;Una carreggiata a senso unico di marcia;Asciutto;Asfaltata;Verticale ed orizzontale;Sereno;Normale;Buona;Ore Diurne;0;0;0;2;12.6299;41.85846;-1;1;Motociclo a solo;In marcia / fermata / arresto;Conducente;M;Illeso;0;;;
2834803;8;27/05/2016 10:00;Strada Urbana;VIALE OXFORD;in prossimità;;del civico n.;81;;Tamponamento;Rettilineo;Una carreggiata a senso unico di marcia;Asciutto;Asfaltata;Verticale ed orizzontale;Sereno;Normale;Buona;Ore Diurne;0;0;0;2;12.6299;41.85846;-1;2;Autovettura privata;In marcia / fermata / arresto;Conducente;M;Illeso;0;;Non accertato;Inesploso
2834805;8;27/05/2016 08:30;Strada Urbana;VIA AUFIDIO NAMUSA;in prossimità;;del civico n.;170;;Veicolo in marcia contro veicoli in sosta;Rettilineo;Una carreggiata a doppio senso;Asciutto;Asfaltata;Assente;Sereno;Normale;Buona;Ore Diurne;0;0;0;2;12.57403;41.87179;-1;1;Autovettura privata;In marcia / fermata / arresto;Conducente;M;Illeso;0;;Non accertato;Inesploso
2834805;8;27/05/2016 08:30;Strada Urbana;VIA AUFIDIO NAMUSA;in prossimità;;del civico n.;170;;Veicolo in marcia contro veicoli in sosta;Rettilineo;Una carreggiata a doppio senso;Asciutto;Asfaltata;Assente;Sereno;Normale;Buona;Ore Diurne;0;0;0;2;12.57403;41.87179;-1;3;Autovettura privata;In marcia / fermata / arresto;Conducente;F;Illeso;0;;Non accertato;Inesploso
2834807;8;27/05/2016 11:35;Strada Urbana;VIA DEL FOSSO DELL'OSA;all'intersezione con;VIA DEL FOSSO SCILICINO;VIA DEL FOSSO SCILICINO;;;Scontro frontale/laterale DX fra veicoli in marcia;Incrocio;Una carreggiata a doppio senso;Asciutto;Asfaltata;Verticale ed orizzontale;Sereno;Normale;Buona;Ore Diurne;2;0;0;2;12.68431;41.90552;-1;1;Autovettura privata;In marcia / fermata / arresto;Conducente;M;Rimandato;0;NON DECEDUTO;Non accertato;Inesploso
2834807;8;27/05/2016 11:35;Strada Urbana;VIA DEL FOSSO DELL'OSA;all'intersezione con;VIA DEL FOSSO SCILICINO;VIA DEL FOSSO SCILICINO;;;Scontro frontale/laterale DX fra veicoli in marcia;Incrocio;Una carreggiata a doppio senso;Asciutto;Asfaltata;Verticale ed orizzontale;Sereno;Normale;Buona;Ore Diurne;2;0;0;2;12.68431;41.90552;-1;2;Autovettura privata;In marcia / fermata / arresto;Conducente;F;Illeso;0;;Non accertato;Inesploso
2834807;8;27/05/2016 11:35;Strada Urbana;VIA DEL FOSSO DELL'OSA;all'intersezione con;VIA DEL FOSSO SCILICINO;VIA DEL FOSSO SCILICINO;;;Scontro frontale/laterale DX fra veicoli in marcia;Incrocio;Una carreggiata a doppio senso;Asciutto;Asfaltata;Verticale ed orizzontale;Sereno;Normale;Buona;Ore Diurne;2;0;0;2;12.68431;41.90552;-1;2;Autovettura privata;In marcia / fermata / arresto;Passeggero;F;Illeso;0;;Non accertato;Inesploso
2834807;8;27/05/2016 11:35;Strada Urbana;VIA DEL FOSSO DELL'OSA;all'intersezione con;VIA DEL FOSSO SCILICINO;VIA DEL FOSSO SCILICINO;;;Scontro frontale/laterale DX fra veicoli in marcia;Incrocio;Una carreggiata a doppio senso;Asciutto;Asfaltata;Verticale ed orizzontale;Sereno;Normale;Buona;Ore Diurne;2;0;0;2;12.68431;41.90552;-1;3;Autovettura privata;In marcia / fermata / arresto;Conducente;M;Rifiuta cure immediate;0;NON DECEDUTO;Non accertato;Inesploso
2834808;8;27/05/2016 13:40;Statale entro l'abitato;VIA CASILINA;da specificare;;;;rampa di uscita GRA dir RM/AQ;Scontro laterale fra veicoli in marcia;Curva a visuale libera;Una carreggiata a senso unico di marcia;Asciutto;Asfaltata;Verticale ed orizzontale;Sereno;Normale;Buona;Ore Diurne;0;0;0;2;12.60933;41.86405;-1;1;Autocarro inferiore 35 q.;In marcia / fermata / arresto;Conducente;M;Illeso;0;;Non accertato;Inesploso
2834808;8;27/05/2016 13:40;Statale entro l'abitato;VIA CASILINA;da specificare;;;;rampa di uscita GRA dir RM/AQ;Scontro laterale fra veicoli in marcia;Curva a visuale libera;Una carreggiata a senso unico di marcia;Asciutto;Asfaltata;Verticale ed orizzontale;Sereno;Normale;Buona;Ore Diurne;0;0;0;2;12.60933;41.86405;-1;2;Autovettura privata;In marcia / fermata / arresto;Conducente;F;Illeso;0;;Non accertato;Inesploso
2834821;11;27/05/2016 06:25;Strada Urbana;VIA OSTIENSE;in corrispondenza;;del civico n.;56;;Scontro laterale fra veicoli in marcia;Rettilineo;Più di due carreggiate;Asciutto;Asfaltata;Verticale ed orizzontale;Sereno;Scarso;Buona;Ore Diurne;0;0;0;2;12.47975;41.87154;-1;1;Autovettura privata;In marcia / fermata / arresto;Conducente;M;Illeso;0;;Non accertato;
2834821;11;27/05/2016 06:25;Strada Urbana;VIA OSTIENSE;in corrispondenza;;del civico n.;56;;Scontro laterale fra veicoli in marcia;Rettilineo;Più di due carreggiate;Asciutto;Asfaltata;Verticale ed orizzontale;Sereno;Scarso;Buona;Ore Diurne;0;0;0;2;12.47975;41.87154;-1;2;Autovettura privata;In marcia / fermata / arresto;Conducente;M;Illeso;0;;Non accertato;
2834870;20;27/05/2016 12:15;Regionale entro l'abitato;VIA CASSIA;in prossimità;;del civico n.;1779;;Scontro frontale/laterale DX fra veicoli in marcia;Rettilineo;Una carreggiata a doppio senso;Asciutto;Asfaltata;Verticale ed orizzontale;Sereno;Normale;Buona;Ore Diurne;1;0;0;1;12.37841;42.00999;-1;1;Autovettura privata;In marcia / fermata / arresto;Conducente;M;Illeso;0;;Non accertato;
2834870;20;27/05/2016 12:15;Regionale entro l'abitato;VIA CASSIA;in prossimità;;del civico n.;1779;;Scontro frontale/laterale DX fra veicoli in marcia;Rettilineo;Una carreggiata a doppio senso;Asciutto;Asfaltata;Verticale ed orizzontale;Sereno;Normale;Buona;Ore Diurne;1;0;0;1;12.37841;42.00999;-1;2;Autovettura privata;In marcia / fermata / arresto;Conducente;M;Rimandato;0;NON DECEDUTO;Non accertato;Esploso
2834906;20;27/05/2016 14:15;Regionale;VIA FLAMINIA;da specificare;;;;galleria centrale direzione Terni km 14,550;Scontro laterale fra veicoli in marcia;Galleria illuminata;Una carreggiata a senso unico di marcia;Asciutto;Asfaltata;Verticale ed orizzontale;Sereno;Scarso;Buona;Ore Diurne;0;0;0;5;12.49518;42.00305;-1;1;Autovettura privata;In marcia / fermata / arresto;Conducente;M;Illeso;0;;Non accertato;
2834906;20;27/05/2016 14:15;Regionale;VIA FLAMINIA;da specificare;;;;galleria centrale direzione Terni km 14,550;Scontro laterale fra veicoli in marcia;Galleria illuminata;Una carreggiata a senso unico di marcia;Asciutto;Asfaltata;Verticale ed orizzontale;Sereno;Scarso;Buona;Ore Diurne;0;0;0;5;12.49518;42.00305;-1;1;Autovettura privata;In marcia / fermata / arresto;Passeggero;M;Illeso;0;;Non accertato;
2834906;20;27/05/2016 14:15;Regionale;VIA FLAMINIA;da specificare;;;;galleria centrale direzione Terni km 14,550;Scontro laterale fra veicoli in marcia;Galleria illuminata;Una carreggiata a senso unico di marcia;Asciutto;Asfaltata;Verticale ed orizzontale;Sereno;Scarso;Buona;Ore Diurne;0;0;0;5;12.49518;42.00305;-1;2;Autovettura privata;In marcia / fermata / arresto;Conducente;M;Illeso;0;;Non accertato;
2834906;20;27/05/2016 14:15;Regionale;VIA FLAMINIA;da specificare;;;;galleria centrale direzione Terni km 14,550;Scontro laterale fra veicoli in marcia;Galleria illuminata;Una carreggiata a senso unico di marcia;Asciutto;Asfaltata;Verticale ed orizzontale;Sereno;Scarso;Buona;Ore Diurne;0;0;0;5;12.49518;42.00305;-1;2;Autovettura privata;In marcia / fermata / arresto;Passeggero;F;Illeso;0;;Non accertato;
2834906;20;27/05/2016 14:15;Regionale;VIA FLAMINIA;da specificare;;;;galleria centrale direzione Terni km 14,550;Scontro laterale fra veicoli in marcia;Galleria illuminata;Una carreggiata a senso unico di marcia;Asciutto;Asfaltata;Verticale ed orizzontale;Sereno;Scarso;Buona;Ore Diurne;0;0;0;5;12.49518;42.00305;-1;2;Autovettura privata;In marcia / fermata / arresto;Passeggero;M;Illeso;0;;Non accertato;
2835008;20;26/05/2016 16:45;Strada Urbana;VICOLO ANGUILLARESE;in corrispondenza;;del civico n.;254/258;;Scontro frontale/laterale DX fra veicoli in marcia;Rettilineo;Una carreggiata a doppio senso;Asciutto;Asfaltata;Verticale ed orizzontale;Sereno;Normale;Buona;Ore Diurne;0;0;0;2;12.30836;42.03957;-1;1;Autovettura privata;In marcia / fermata / arresto;Conducente;F;Illeso;0;;Non accertato;
2835008;20;26/05/2016 16:45;Strada Urbana;VICOLO ANGUILLARESE;in corrispondenza;;del civico n.;254/258;;Scontro frontale/laterale DX fra veicoli in marcia;Rettilineo;Una carreggiata a doppio senso;Asciutto;Asfaltata;Verticale ed orizzontale;Sereno;Normale;Buona;Ore Diurne;0;0;0;2;12.30836;42.03957;-1;2;Autovettura privata;In marcia / fermata / arresto;Conducente;F;Illeso;0;;Non accertato;
2835032;20;27/05/2016 17:00;Strada Urbana;VIALE DI TOR DI QUINTO;in corrispondenza;;del civico n.;58;;Tamponamento Multiplo;Rettilineo;Una carreggiata a doppio senso;Asciutto;Asfaltata;Verticale ed orizzontale;Sereno;Normale;Buona;Ore Diurne;0;0;0;6;12.47549;41.93731;-1;1;Autovettura privata;In marcia / fermata / arresto;Conducente;F;Illeso;0;;Non accertato;