Protocollo;Gruppo;DataOraIncidente;Localizzazione1;STRADA1;Localizzazione2;STRADA2;Strada02;Chilometrica;DaSpecificare;NaturaIncidente;particolaritastrade;TipoStrada;FondoStradale;Pavimentazione;Segnaletica;CondizioneAtmosferica;Traffico;Visibilita;Illuminazione;NUM_FERITI;NUM_RISERVATA;NUM_MORTI;NUM_ILLESI;Longitudine;Latitudine;Confermato;Progressivo;TipoVeicolo;StatoVeicolo;TipoPersona;Sesso;Tipolesione;Deceduto;DecedutoDopo;CinturaCascoUtilizzato;Airbag
2838779;12;30/05/2016 15:30;Strada Urbana;VIA LAURENTINA;da specificare;;;;prossimità VIALE AFRICA;Tamponamento Multiplo;Rettilineo;Due carreggiate;Asciutto;Asfaltata;Verticale ed orizzontale;Sereno;Normale;Buona;Ore Diurne;2;0;0;2;12.47911;41.82523;-1;2;Autovettura privata;In marcia / fermata / arresto;Conducente;F;Rimandato;0;NON DECEDUTO;Utilizzato;Inesploso
2838779;12;30/05/2016 15:30;Strada Urbana;VIA LAURENTINA;da specificare;;;;prossimità VIALE AFRICA;Tamponamento Multiplo;Rettilineo;Due carreggiate;Asciutto;Asfaltata;Verticale ed orizzontale;Sereno;Normale;Buona;Ore Diurne;2;0;0;2;12.47911;41.82523;-1;3;Autovettura privata;In marcia / fermata / arresto;Conducente;F;Rimandato;0;NON DECEDUTO;Non utilizzato;Inesploso
2838790;2;30/05/2016 22:00;Strada Urbana;VIALE PIETRO DE COUBERTIN;da specificare;;;;alt. AUDITORIUM;Veicolo in marcia contro veicoli in sosta;Rettilineo;Più di due carreggiate;Asciutto;Asfaltata;Verticale ed orizzontale;Sereno;Scarso;Sufficiente;Sufficiente;0;0;0;1;12.47327;41.92956;-1;3;Autovettura privata;In marcia / fermata / arresto;Conducente;F;Illeso;0;;;
2838791;4;30/05/2016 09:10;Provinciale entro l'abitato;VIA NOMENTANA;da specificare;;;;altezza l.go Arci;Scontro frontale/laterale SX fra veicoli in marcia;Rettilineo;Una carreggiata a doppio senso;Asciutto;Asfaltata;Verticale ed orizzontale;Sereno;Normale;Buona;Ore Diurne;2;0;0;0;12.55238;41.94111;-1;1;Motociclo a solo;In marcia / fermata / arresto;Conducente;M;Rimandato;0;NON DECEDUTO;Non accertato;
2838791;4;30/05/2016 09:10;Provinciale entro l'abitato;VIA NOMENTANA;da specificare;;;;altezza l.go Arci;Scontro frontale/laterale SX fra veicoli in marcia;Rettilineo;Una carreggiata a doppio senso;Asciutto;Asfaltata;Verticale ed orizzontale;Sereno;Normale;Buona;Ore Diurne;2;0;0;0;12.55238;41.94111;-1;2;Autovettura privata;In marcia / fermata / arresto;Conducente;F;Rimandato;0;NON DECEDUTO;Non accertato;
2838798;7;30/05/2016 09:10;Strada Urbana;VIALE DELLE GARDENIE;in prossimità;;del civico n.;2;;Scontro frontale/laterale SX fra veicoli in marcia;Rettilineo;Una carreggiata a doppio senso;Asciutto;Asfaltata;Verticale ed orizzontale;Sereno;Normale;Buona;Ore Diurne;1;0;0;3;12.56289;41.88605;-1;1;Autovettura privata;In marcia / fermata / arresto;Conducente;M;Illeso;0;;Non accertato;Inesploso
2838798;7;30/05/2016 09:10;Strada Urbana;VIALE DELLE GARDENIE;in prossimità;;del civico n.;2;;Scontro frontale/laterale SX fra veicoli in marcia;Rettilineo;Una carreggiata a doppio senso;Asciutto;Asfaltata;Verticale ed orizzontale;Sereno;Normale;Buona;Ore Diurne;1;0;0;3;12.56289;41.88605;-1;1;Autovettura privata;In marcia / fermata / arresto;Passeggero;F;Illeso;0;;Non accertato;Inesploso
2838798;7;30/05/2016 09:10;Strada Urbana;VIALE DELLE GARDENIE;in prossimità;;del civico n.;2;;Scontro frontale/laterale SX fra veicoli in marcia;Rettilineo;Una carreggiata a doppio senso;Asciutto;Asfaltata;Verticale ed orizzontale;Sereno;Normale;Buona;Ore Diurne;1;0;0;3;12.56289;41.88605;-1;1;Autovettura privata;In marcia / fermata / arresto;Passeggero;F;Rimandato;0;NON DECEDUTO;Non accertato;Inesploso
2838798;7;30/05/2016 09:10;Strada Urbana;VIALE DELLE GARDENIE;in prossimità;;del civico n.;2;;Scontro frontale/laterale SX fra veicoli in marcia;Rettilineo;Una carreggiata a doppio senso;Asciutto;Asfaltata;Verticale ed orizzontale;Sereno;Normale;Buona;Ore Diurne;1;0;0;3;12.56289;41.88605;-1;2;Autovettura privata;In marcia / fermata / arresto;Conducente;M;Illeso;0;;Non accertato;Inesistente
2838842;12;30/05/2016 16:10;Strada Urbana;VIA ALFONSINE;all'intersezione con;VIA DI MEZZOCAMMINO;VIA DI MEZZOCAMMINO;;;Scontro frontale/laterale DX fra veicoli in marcia;Intersezione stradale segnalata;Una carreggiata a doppio senso;Asciutto;Asfaltata;Verticale ed orizzontale;Sereno;Normale;Sufficiente;Ore Diurne;0;0;0;2;12.42284;41.78986;-1;1;Autovettura privata;In marcia / fermata / arresto;Conducente;M;Illeso;0;;Non accertato;Esploso
2838842;12;30/05/2016 16:10;Strada Urbana;VIA ALFONSINE;all'intersezione con;VIA DI MEZZOCAMMINO;VIA DI MEZZOCAMMINO;;;Scontro frontale/laterale DX fra veicoli in marcia;Intersezione stradale segnalata;Una carreggiata a doppio senso;Asciutto;Asfaltata;Verticale ed orizzontale;Sereno;Normale;Sufficiente;Ore Diurne;0;0;0;2;12.42284;41.78986;-1;2;Autovettura privata;In marcia / fermata / arresto;Conducente;M;Illeso;0;;Non accertato;Esploso
2838862;12;31/05/2016 07:00;Provinciale;VIA OSTIENSE;all'intersezione con;VIA DEL RISARO;VIA DEL RISARO;;;Scontro frontale fra veicoli in marcia;Incrocio;Una carreggiata a doppio senso;Asciutto;Asfaltata;Verticale ed orizzontale;Sereno;Intenso;Buona;Ore Diurne;0;0;0;2;12.42161;41.80982;-1;1;Autovettura privata;In marcia / fermata / arresto;Conducente;M;Illeso;0;;Utilizzato;Inesploso
2838862;12;31/05/2016 07:00;Provinciale;VIA OSTIENSE;all'intersezione con;VIA DEL RISARO;VIA DEL RISARO;;;Scontro frontale fra veicoli in marcia;Incrocio;Una carreggiata a doppio senso;Asciutto;Asfaltata;Verticale ed orizzontale;Sereno;Intenso;Buona;Ore Diurne;0;0;0;2;12.42161;41.80982;-1;2;Autovettura privata;In marcia / fermata / arresto;Conducente;M;Illeso;0;;Utilizzato;Inesploso
2838880;19;31/05/2016 09:10;Strada Urbana;VIA GABRIELE PALEOTTI;all'intersezione con;VIA ANDREA BARBAZZA;VIA ANDREA BARBAZZA;;;Scontro frontale/laterale DX fra veicoli in marcia;Incrocio;Una carreggiata a senso unico di marcia;Asciutto;Asfaltata;Verticale ed orizzontale;Sereno;Normale;Buona;Ore Diurne;1;0;0;2;12.41125;41.91997;-1;1;Autovettura privata;In marcia / fermata / arresto;Conducente;M;Illeso;0;;Non accertato;Inesploso
2838880;19;31/05/2016 09:10;Strada Urbana;VIA GABRIELE PALEOTTI;all'intersezione con;VIA ANDREA BARBAZZA;VIA ANDREA BARBAZZA;;;Scontro frontale/laterale DX fra veicoli in marcia;Incrocio;Una carreggiata a senso unico di marcia;Asciutto;Asfaltata;Verticale ed orizzontale;Sereno;Normale;Buona;Ore Diurne;1;0;0;2;12.41125;41.91997;-1;2;Autovettura privata;In marcia / fermata / arresto;Conducente;M;Illeso;0;;Non accertato;Inesploso
2838880;19;31/05/2016 09:10;Strada Urbana;VIA GABRIELE PALEOTTI;all'intersezione con;VIA ANDREA BARBAZZA;VIA ANDREA BARBAZZA;;;Scontro frontale/laterale DX fra veicoli in marcia;Incrocio;Una carreggiata a senso unico di marcia;Asciutto;Asfaltata;Verticale ed orizzontale;Sereno;Normale;Buona;Ore Diurne;1;0;0;2;12.41125;41.91997;-1;2;Autovettura privata;In marcia / fermata / arresto;Passeggero;M;Ricoverato;0;NON DECEDUTO;Non accertato;Inesploso
2838892;16;30/05/2016 16:00;Strada Urbana;VIA DI MONTE VERDE;in prossimità;;del civico n.;34;;Scontro laterale fra veicoli in marcia;Rettilineo;Una carreggiata a senso unico di marcia;Asciutto;Asfaltata;Assente;Sereno;Normale;Buona;Ore Diurne;1;0;0;2;12.45432;41.87184;-1;1;Autovettura privata;In marcia / fermata / arresto;Conducente;F;Illeso;0;;Non accertato;Inesploso
2838892;16;30/05/2016 16:00;Strada Urbana;VIA DI MONTE VERDE;in prossimità;;del civico n.;34;;Scontro laterale fra veicoli in marcia;Rettilineo;Una carreggiata a senso unico di marcia;Asciutto;Asfaltata;Assente;Sereno;Normale;Buona;Ore Diurne;1;0;0;2;12.45432;41.87184;-1;1;Autovettura privata;In marcia / fermata / arresto;Passeggero;F;Illeso;0;;Non accertato;Inesploso
2838892;16;30/05/2016 16:00;Strada Urbana;VIA DI MONTE VERDE;in prossimità;;del civico n.;34;;Scontro laterale fra veicoli in marcia;Rettilineo;Una carreggiata a senso unico di marcia;Asciutto;Asfaltata;Assente;Sereno;Normale;Buona;Ore Diurne;1;0;0;2;12.45432;41.87184;-1;2;Motociclo a solo;In marcia / fermata / arresto;Conducente;M;Rifiuta cure immediate;0;NON DECEDUTO;Non accertato;
2838919;18;31/05/2016 08:20;Strada Urbana;VIA AURELIA;in corrispondenza;;del civico n.;511;;Tamponamento Multiplo;Rettilineo;Una carreggiata a doppio senso;Asciutto;Asfaltata;Verticale ed orizzontale;Sereno;Intenso;Buona;Ore Diurne;0;0;0;4;12.42346;41.89801;-1;1;Autocarro inferiore 35 q.;In marcia / fermata / arresto;Conducente;M;Illeso;0;;;
2838919;18;31/05/2016 08:20;Strada Urbana;VIA AURELIA;in corrispondenza;;del civico n.;511;;Tamponamento Multiplo;Rettilineo;Una carreggiata a doppio senso;Asciutto;Asfaltata;Verticale ed orizzontale;Sereno;Intenso;Buona;Ore Diurne;0;0;0;4;12.42346;41.89801;-1;2;Autovettura privata;In marcia / fermata / arresto;Conducente;M;Illeso;0;;;
2838919;18;31/05/2016 08:20;Strada Urbana;VIA AURELIA;in corrispondenza;;del civico n.;511;;Tamponamento Multiplo;Rettilineo;Una carreggiata a doppio senso;Asciutto;Asfaltata;Verticale ed orizzontale;Sereno;Intenso;Buona;Ore Diurne;0;0;0;4;12.42346;41.89801;-1;2;Autovettura privata;In marcia / fermata / arresto;Passeggero;F;Illeso;0;;;
2838919;18;31/05/2016 08:20;Strada Urbana;VIA AURELIA;in corrispondenza;;del civico n.;511;;Tamponamento Multiplo;Rettilineo;Una carreggiata a doppio senso;Asciutto;Asfaltata;Verticale ed orizzontale;Sereno;Intenso;Buona;Ore Diurne;0;0;0;4;12.42346;41.89801;-1;3;Autovettura privata;In marcia / fermata / arresto;Conducente;M;Illeso;0;;;
2838950;23;30/05/2016 17:20;Comunale extraurbana;VIA CRISTOFORO COLOMBO;in prossimità;;della chilometrica;17.8;;Tamponamento;Rettilineo;Due carreggiate;Asciutto;Asfaltata;Verticale ed orizzontale;Sereno;Intenso;Buona;Ore Diurne;3;0;0;1;12.39343;41.77294;-1;1;Autovettura privata;In marcia / fermata / arresto;Conducente;F;Rimandato;0;NON DECEDUTO;Non accertato;Inesploso
2838950;23;30/05/2016 17:20;Comunale extraurbana;VIA CRISTOFORO COLOMBO;in prossimità;;della chilometrica;17.8;;Tamponamento;Rettilineo;Due carreggiate;Asciutto;Asfaltata;Verticale ed orizzontale;Sereno;Intenso;Buona;Ore Diurne;3;0;0;1;12.39343;41.77294;-1;1;Autovettura privata;In marcia / fermata / arresto;Passeggero;F;Rimandato;0;NON DECEDUTO;Non accertato;Inesploso
2838950;23;30/05/2016 17:20;Comunale extraurbana;VIA CRISTOFORO COLOMBO;in prossimità;;della chilometrica;17.8;;Tamponamento;Rettilineo;Due carreggiate;Asciutto;Asfaltata;Verticale ed orizzontale;Sereno;Intenso;Buona;Ore Diurne;3;0;0;1;12.39343;41.77294;-1;1;Autovettura privata;In marcia / fermata / arresto;Passeggero;M;Rimandato;0;NON DECEDUTO;Non accertato;Inesploso
2838950;23;30/05/2016 17:20;Comunale extraurbana;VIA CRISTOFORO COLOMBO;in prossimità;;della chilometrica;17.8;;Tamponamento;Rettilineo;Due carreggiate;Asciutto;Asfaltata;Verticale ed orizzontale;Sereno;Intenso;Buona;Ore Diurne;3;0;0;1;12.39343;41.77294;-1;2;Autovettura privata;In marcia / fermata / arresto;Conducente;M;Illeso;0;;Non accertato;Inesploso
2838957;2;30/05/2016 14:50;Strada Urbana;VIALE REGINA MARGHERITA;all'intersezione con;VIA OMBRONE;VIA OMBRONE;;;Tamponamento;Intersezione semaforizzata;Una carreggiata a doppio senso;Asciutto;Asfaltata;Verticale ed orizzontale;Nuvoloso;Normale;Buona;Ore Diurne;0;0;0;2;12.5017;41.91697;-1;1;Autovettura privata;In marcia / fermata / arresto;Conducente;F;Illeso;0;;;
2838957;2;30/05/2016 14:50;Strada Urbana;VIALE REGINA MARGHERITA;all'intersezione con;VIA OMBRONE;VIA OMBRONE;;;Tamponamento;Intersezione semaforizzata;Una carreggiata a doppio senso;Asciutto;Asfaltata;Verticale ed orizzontale;Nuvoloso;Normale;Buona;Ore Diurne;0;0;0;2;12.5017;41.91697;-1;2;Autovettura pubblica;In marcia / fermata / arresto;Conducente;M;Illeso;0;;;
2838960;9;31/05/2016 10:30;Strada Urbana;VIA MONZA;in prossimità;;del civico n.;15;;Scontro laterale fra veicoli in marcia;Rettilineo;Una carreggiata a doppio senso;Asciutto;Asfaltata;Verticale ed orizzontale;Sereno;Normale;Buona;Ore Diurne;0;0;0;2;12.51527;41.88554;-1;1;Autovettura privata;In marcia / fermata / arresto;Conducente;F;Illeso;0;;Utilizzato;Inesploso
2838960;9;31/05/2016 10:30;Strada Urbana;VIA MONZA;in prossimità;;del civico n.;15;;Scontro laterale fra veicoli in marcia;Rettilineo;Una carreggiata a doppio senso;Asciutto;Asfaltata;Verticale ed orizzontale;Sereno;Normale;Buona;Ore Diurne;0;0;0;2;12.51527;41.88554;-1;2;Motociclo a solo;In marcia / fermata / arresto;Conducente;M;Illeso;0;;Utilizzato;
2839029;7;30/05/2016 10:00;Strada Urbana;VIA DEI CICLAMINI;all'intersezione con;VIA DEI GELSI;VIA DEI GELSI;;;Scontro frontale/laterale DX fra veicoli in marcia;Incrocio;Una carreggiata a doppio senso;Asciutto;Asfaltata;Verticale ed orizzontale;Sereno;Normale;Buona;Ore Diurne;2;0;0;1;12.56719;41.88888;-1;1;Autovettura privata;In marcia / fermata / arresto;Conducente;M;Illeso;0;;Non accertato;Inesploso
2839029;7;30/05/2016 10:00;Strada Urbana;VIA DEI CICLAMINI;all'intersezione con;VIA DEI GELSI;VIA DEI GELSI;;;Scontro frontale/laterale DX fra veicoli in marcia;Incrocio;Una carreggiata a doppio senso;Asciutto;Asfaltata;Verticale ed orizzontale;Sereno;Normale;Buona;Ore Diurne;2;0;0;1;12.56719;41.88888;-1;1;Autovettura privata;In marcia / fermata / arresto;Passeggero;F;Rimandato;0;NON DECEDUTO;Non accertato;Inesploso
2839029;7;30/05/2016 10:00;Strada Urbana;VIA DEI CICLAMINI;all'intersezione con;VIA DEI GELSI;VIA DEI GELSI;;;Scontro frontale/laterale DX fra veicoli in marcia;Incrocio;Una carreggiata a doppio senso;Asciutto;Asfaltata;Verticale ed orizzontale;Sereno;Normale;Buona;Ore Diurne;2;0;0;1;12.56719;41.88888;-1;2;Autovettura privata;In marcia / fermata / arresto;Conducente;F;Rimandato;0;NON DECEDUTO;Non accertato;Inesploso
2839082;6;31/05/2016 10:30;Statale entro l'abitato;VIA CASILINA;all'intersezione semaforizzata con;VIALE DELLA PRIMAVERA;VIALE DELLA PRIMAVERA;;;Scontro laterale fra veicoli in marcia;Intersezione semaforizzata;Due carreggiate;Asciutto;Asfaltata;Verticale ed orizzontale;Sereno;Normale;Buona;Ore Diurne;1;0;0;1;12.55744;41.87543;-1;1;Motociclo a solo;In marcia / fermata / arresto;Conducente;M;Rimandato;0;NON DECEDUTO;Non accertato;
2839082;6;31/05/2016 10:30;Statale entro l'abitato;VIA CASILINA;all'intersezione semaforizzata con;VIALE DELLA PRIMAVERA;VIALE DELLA PRIMAVERA;;;Scontro laterale fra veicoli in marcia;Intersezione semaforizzata;Due carreggiate;Asciutto;Asfaltata;Verticale ed orizzontale;Sereno;Normale;Buona;Ore Diurne;1;0;0;1;12.55744;41.87543;-1;2;Autovettura privata;In marcia / fermata / arresto;Conducente;F;Illeso;0;;Non accertato;Inesploso
2839086;12;31/05/2016 11:00;Strada Urbana;VIALE DELLA GRANDE MURAGLIA;da specificare;;;;altezza viale dell'Oceano Pacifico;Veicolo in marcia contro ostacolo fisso;Curva a visuale libera;Due carreggiate;Asciutto;Asfaltata;Verticale ed orizzontale;Sereno;Scarso;Buona;Ore Diurne;1;0;0;0;12.45648;41.82416;-1;1;Autovettura privata;In marcia / fermata / arresto;Conducente;M;Rimandato;0;NON DECEDUTO;Utilizzato;Esploso
2839092;13;30/05/2016 22:40;Strada Urbana;VIA GUIDO VINCON;in prossimità;;del civico n.;46;;Scontro laterale fra veicoli in marcia;Rettilineo;Una carreggiata a doppio senso;Asciutto;Asfaltata;Verticale ed orizzontale;Sereno;Intenso;Buona;Sufficiente;0;0;0;1;12.25987;41.73631;-1;1;Autovettura privata;In marcia / fermata / arresto;Conducente;F;Illeso;0;;Non accertato;Inesploso
2839097;2;30/05/2016 12:00;Strada Urbana;VIA GUIDO D'AREZZO;da specificare;;;;pross, civ. 7;Veicolo in marcia contro veicoli in sosta;Rettilineo;Una carreggiata a senso unico di marcia;Asciutto;Asfaltata;Verticale ed orizzontale;Sereno;Normale;Buona;Ore Diurne;0;0;0;1;12.49306;41.92108;-1;1;Autovettura privata;In marcia / fermata / arresto;Conducente;F;Illeso;0;;;
2839098;20;31/05/2016 12:15;Strada Urbana;LUNGOTEVERE MARESCIALLO DIAZ;da specificare;;;;prossimità via antonino di san giuliano dir. GRA;Veicolo in marcia contro ostacolo accidentale;Rettilineo;Due carreggiate;Asciutto;Asfaltata;Verticale ed orizzontale;Sereno;Scarso;Buona;Ore Diurne;0;0;0;1;12.46195;41.93395;-1;1;Autocarro inferiore 35 q.;In marcia / fermata / arresto;Conducente;M;Illeso;0;;;
2839187;11;31/05/2016 13:05;Strada Urbana;VIA CRISTOFORO COLOMBO;da specificare;;;;prossimità via C. Federici;Investimento di pedone;Rettilineo;Più di due carreggiate;Asciutto;Asfaltata;Verticale ed orizzontale;Sereno;Scarso;Buona;Ore Diurne;1;0;0;1;12.49785;41.8641;-1;;;;Pedone;F;Rimandato;0;NON DECEDUTO;;
2839187;11;31/05/2016 13:05;Strada Urbana;VIA CRISTOFORO COLOMBO;da specificare;;;;prossimità via C. Federici;Investimento di pedone;Rettilineo;Più di due carreggiate;Asciutto;Asfaltata;Verticale ed orizzontale;Sereno;Scarso;Buona;Ore Diurne;1;0;0;1;12.49785;41.8641;-1;1;Autovettura privata;In marcia / fermata / arresto;Conducente;M;Illeso;0;;Non accertato;Inesploso
2839208;13;30/05/2016 23:44;Strada Urbana;VIA AGOSTINO CHIGI;in prossimità;;del civico n.;212;;Veicolo in marcia contro ostacolo fisso;Rettilineo;Una carreggiata a doppio senso;Asciutto;Asfaltata;Assente;Sereno;Normale;Buona;Ore Diurne;0;0;0;1;12.31761;41.7652;-1;1;Autovettura privata;In marcia / fermata / arresto;Conducente;M;Illeso;0;;Non accertato;Inesploso
2839246;2;30/05/2016 10:30;Strada Urbana;VIA ULISSE ALDROVANDI;da specificare;;;;all'altezza di Viale delle Belle Arti;Scontro laterale fra veicoli in marcia;Curva a visuale libera;Una carreggiata a doppio senso;Asciutto;Asfaltata;Verticale ed orizzontale;Sereno;Normale;Buona;Ore Diurne;0;0;0;3;12.4828;41.91618;-1;1;Autovettura privata;In marcia / fermata / arresto;Conducente;M;Illeso;0;;Non accertato;Inesploso
2839246;2;30/05/2016 10:30;Strada Urbana;VIA ULISSE ALDROVANDI;da specificare;;;;all'altezza di Viale delle Belle Arti;Scontro laterale fra veicoli in marcia;Curva a visuale libera;Una carreggiata a doppio senso;Asciutto;Asfaltata;Verticale ed orizzontale;Sereno;Normale;Buona;Ore Diurne;0;0;0;3;12.4828;41.91618;-1;2;Autovettura privata;In marcia / fermata / arresto;Conducente;M;Illeso;0;;Non accertato;Inesploso
2839246;2;30/05/2016 10:30;Strada Urbana;VIA ULISSE ALDROVANDI;da specificare;;;;all'altezza di Viale delle Belle Arti;Scontro laterale fra veicoli in marcia;Curva a visuale libera;Una carreggiata a doppio senso;Asciutto;Asfaltata;Verticale ed orizzontale;Sereno;Normale;Buona;Ore Diurne;0;0;0;3;12.4828;41.91618;-1;2;Autovettura privata;In marcia / fermata / arresto;Passeggero;F;Illeso;0;;Non utilizzato;Inesploso
2839268;20;31/05/2016 14:35;Strada Urbana;VIA DI GROTTAROSSA;in corrispondenza;;del civico n.;55;;Scontro laterale fra veicoli in marcia;Rettilineo;Una carreggiata a doppio senso;Asciutto;Asfaltata;Verticale ed orizzontale;Sereno;Scarso;Buona;Ore Diurne;1;0;0;3;12.4361;41.97159;-1;1;Autovettura privata;In marcia / fermata / arresto;Conducente;F;Illeso;0;;;
2839268;20;31/05/2016 14:35;Strada Urbana;VIA DI GROTTAROSSA;in corrispondenza;;del civico n.;55;;Scontro laterale fra veicoli in marcia;Rettilineo;Una carreggiata a doppio senso;Asciutto;Asfaltata;Verticale ed orizzontale;Sereno;Scarso;Buona;Ore Diurne;1;0;0;3;12.4361;41.97159;-1;1;Autovettura privata;In marcia / fermata / arresto;Passeggero;F;Illeso;0;;;
2839268;20;31/05/2016 14:35;Strada Urbana;VIA DI GROTTAROSSA;in corrispondenza;;del civico n.;55;;Scontro laterale fra veicoli in marcia;Rettilineo;Una carreggiata a doppio senso;Asciutto;Asfaltata;Verticale ed orizzontale;Sereno;Scarso;Buona;Ore Diurne;1;0;0;3;12.4361;41.97159;-1;1;Autovettura privata;In marcia / fermata / arresto;Passeggero;F;Illeso;0;;Esente;Inesistente
2839268;20;31/05/2016 14:35;Strada Urbana;VIA DI GROTTAROSSA;in corrispondenza;;del civico n.;55;;Scontro laterale fra veicoli in marcia;Rettilineo;Una carreggiata a doppio senso;Asciutto;Asfaltata;Verticale ed orizzontale;Sereno;Scarso;Buona;Ore Diurne;1;0;0;3;12.4361;41.97159;-1;2;Motociclo a solo;In marcia / fermata / arresto;Conducente;F;Rimandato;0;NON DECEDUTO;;
2839336;1;31/05/2016 09:30;Strada Urbana;VIA DEL CORSO;in prossimità;;del civico n.;258;;Investimento di pedone;Rettilineo;Una carreggiata a doppio senso;Asciutto;Asfaltata;Verticale ed orizzontale;Sereno;Normale;Buona;Ore Diurne;1;0;0;0;12.48153;41.89841;-1;;;;Pedone;F;Rimandato;0;NON DECEDUTO;;
2839343;12;31/05/2016 11:15;Strada Urbana;VIALE DELL'OCEANO PACIFICO;da specificare;;;;in prossimità VIA INDONESIA;Tamponamento Multiplo;Rettilineo;Due carreggiate;Asciutto;Asfaltata;Verticale ed orizzontale;Sereno;Normale;Buona;Ore Diurne;0;0;0;4;12.462;41.81888;-1;1;Autovettura privata;In marcia / fermata / arresto;Conducente;F;Illeso;0;;Utilizzato;Inesploso
2839343;12;31/05/2016 11:15;Strada Urbana;VIALE DELL'OCEANO PACIFICO;da specificare;;;;in prossimità VIA INDONESIA;Tamponamento Multiplo;Rettilineo;Due carreggiate;Asciutto;Asfaltata;Verticale ed orizzontale;Sereno;Normale;Buona;Ore Diurne;0;0;0;4;12.462;41.81888;-1;2;Autovettura privata;In marcia / fermata / arresto;Conducente;F;Illeso;0;;Utilizzato;Inesploso
2839343;12;31/05/2016 11:15;Strada Urbana;VIALE DELL'OCEANO PACIFICO;da specificare;;;;in prossimità VIA INDONESIA;Tamponamento Multiplo;Rettilineo;Due carreggiate;Asciutto;Asfaltata;Verticale ed orizzontale;Sereno;Normale;Buona;Ore Diurne;0;0;0;4;12.462;41.81888;-1;2;Autovettura privata;In marcia / fermata / arresto;Passeggero;F;Illeso;0;;Utilizzato;Inesploso
2839343;12;31/05/2016 11:15;Strada Urbana;VIALE DELL'OCEANO PACIFICO;da specificare;;;;in prossimità VIA INDONESIA;Tamponamento Multiplo;Rettilineo;Due carreggiate;Asciutto;Asfaltata;Verticale ed orizzontale;Sereno;Normale;Buona;Ore Diurne;0;0;0;4;12.462;41.81888;-1;3;Autocarro inferiore 35 q.;In marcia / fermata / arresto;Conducente;M;Illeso;0;;Utilizzato;Inesploso
2839346;18;30/05/2016 20:15;Strada Urbana;VIA GIROLAMO VITELLI;all'intersezione con;VIA BALDO DEGLI UBALDI;VIA BALDO DEGLI UBALDI;;;Veicolo in marcia contro veicolo fermo;Incrocio;Una carreggiata a doppio senso;Asciutto;Asfaltata;Verticale ed orizzontale;Sereno;Normale;Buona;Sufficiente;0;0;0;2;12.43584;41.90029;-1;1;Autovettura privata;In marcia / fermata / arresto;Conducente;F;Illeso;0;;;
2839346;18;30/05/2016 20:15;Strada Urbana;VIA GIROLAMO VITELLI;all'intersezione con;VIA BALDO DEGLI UBALDI;VIA BALDO DEGLI UBALDI;;;Veicolo in marcia contro veicolo fermo;Incrocio;Una carreggiata a doppio senso;Asciutto;Asfaltata;Verticale ed orizzontale;Sereno;Normale;Buona;Sufficiente;0;0;0;2;12.43584;41.90029;-1;2;Autovettura privata;In marcia / fermata / arresto;Conducente;F;Illeso;0;;;
2839350;18;30/05/2016 17:10;Strada Urbana;PIAZZA DI VILLA CARPEGNA;da specificare;;;;fronte ingresso Villa;Scontro laterale fra veicoli in marcia;Rettilineo;Più di due carreggiate;Asciutto;Asfaltata;Verticale ed orizzontale;Sereno;Normale;Buona;Ore Diurne;1;0;0;3;12.42956;41.89544;-1;1;Autovettura pubblica;In marcia / fermata / arresto;Conducente;M;Illeso;0;;Non accertato;Inesploso
2839350;18;30/05/2016 17:10;Strada Urbana;PIAZZA DI VILLA CARPEGNA;da specificare;;;;fronte ingresso Villa;Scontro laterale fra veicoli in marcia;Rettilineo;Più di due carreggiate;Asciutto;Asfaltata;Verticale ed orizzontale;Sereno;Normale;Buona;Ore Diurne;1;0;0;3;12.42956;41.89544;-1;1;Autovettura pubblica;In marcia / fermata / arresto;Passeggero;F;Illeso;0;;;
2839350;18;30/05/2016 17:10;Strada Urbana;PIAZZA DI VILLA CARPEGNA;da specificare;;;;fronte ingresso Villa;Scontro laterale fra veicoli in marcia;Rettilineo;Più di due carreggiate;Asciutto;Asfaltata;Verticale ed orizzontale;Sereno;Normale;Buona;Ore Diurne;1;0;0;3;12.42956;41.89544;-1;1;Autovettura pubblica;In marcia / fermata / arresto;Passeggero;M;Illeso;0;;;
2839350;18;30/05/2016 17:10;Strada Urbana;PIAZZA DI VILLA CARPEGNA;da specificare;;;;fronte ingresso Villa;Scontro laterale fra veicoli in marcia;Rettilineo;Più di due carreggiate;Asciutto;Asfaltata;Verticale ed orizzontale;Sereno;Normale;Buona;Ore Diurne;1;0;0;3;12.42956;41.89544;-1;2;Motociclo a solo;In marcia / fermata / arresto;Conducente;M;Rimandato;0;NON DECEDUTO;Non accertato;
2839356;18;30/05/2016 18:15;Strada Urbana;VIA MOMBARUZZO;all'intersezione con;VIA CAPRIGLIO;VIA CAPRIGLIO;;;Scontro laterale fra veicoli in marcia;Intersezione non regolata/non segnalata;Una carreggiata a doppio senso;Asciutto;Asfaltata;Assente;Sereno;Scarso;Buona;Ore Diurne;0;0;0;2;12.37129;41.92425;-1;1;Autovettura privata;In marcia / fermata / arresto;Conducente;F;Illeso;0;;;