Protocollo;Gruppo;DataOraIncidente;Localizzazione1;STRADA1;Localizzazione2;STRADA2;Strada02;Chilometrica;DaSpecificare;NaturaIncidente;particolaritastrade;TipoStrada;FondoStradale;Pavimentazione;Segnaletica;CondizioneAtmosferica;Traffico;Visibilita;Illuminazione;NUM_FERITI;NUM_RISERVATA;NUM_MORTI;NUM_ILLESI;Longitudine;Latitudine;Confermato;Progressivo;TipoVeicolo;StatoVeicolo;TipoPersona;Sesso;Tipolesione;Deceduto;DecedutoDopo;CinturaCascoUtilizzato;Airbag
2840114;13;31/05/2016 12:40;Strada Urbana;PIAZZALE DELL'AQUILONE;da specificare;;;;FRONTE STABILIM. BALNEARE 'VECCHIA PINETA';Tamponamento Multiplo;Rettilineo;Una carreggiata a doppio senso;Asciutto;Asfaltata;Verticale ed orizzontale;Sereno;Intenso;Buona;Ore Diurne;0;0;0;9;12.30793;41.71789;-1;2;Autovettura privata;In marcia / fermata / arresto;Conducente;M;Illeso;0;;Non accertato;Inesploso
2840114;13;31/05/2016 12:40;Strada Urbana;PIAZZALE DELL'AQUILONE;da specificare;;;;FRONTE STABILIM. BALNEARE 'VECCHIA PINETA';Tamponamento Multiplo;Rettilineo;Una carreggiata a doppio senso;Asciutto;Asfaltata;Verticale ed orizzontale;Sereno;Intenso;Buona;Ore Diurne;0;0;0;9;12.30793;41.71789;-1;2;Autovettura privata;In marcia / fermata / arresto;Passeggero;F;Illeso;0;;Non accertato;Inesploso
2840114;13;31/05/2016 12:40;Strada Urbana;PIAZZALE DELL'AQUILONE;da specificare;;;;FRONTE STABILIM. BALNEARE 'VECCHIA PINETA';Tamponamento Multiplo;Rettilineo;Una carreggiata a doppio senso;Asciutto;Asfaltata;Verticale ed orizzontale;Sereno;Intenso;Buona;Ore Diurne;0;0;0;9;12.30793;41.71789;-1;2;Autovettura privata;In marcia / fermata / arresto;Passeggero;M;Illeso;0;;;
2840114;13;31/05/2016 12:40;Strada Urbana;PIAZZALE DELL'AQUILONE;da specificare;;;;FRONTE STABILIM. BALNEARE 'VECCHIA PINETA';Tamponamento Multiplo;Rettilineo;Una carreggiata a doppio senso;Asciutto;Asfaltata;Verticale ed orizzontale;Sereno;Intenso;Buona;Ore Diurne;0;0;0;9;12.30793;41.71789;-1;3;Autovettura privata;In marcia / fermata / arresto;Conducente;F;Illeso;0;;;
2840114;13;31/05/2016 12:40;Strada Urbana;PIAZZALE DELL'AQUILONE;da specificare;;;;FRONTE STABILIM. BALNEARE 'VECCHIA PINETA';Tamponamento Multiplo;Rettilineo;Una carreggiata a doppio senso;Asciutto;Asfaltata;Verticale ed orizzontale;Sereno;Intenso;Buona;Ore Diurne;0;0;0;9;12.30793;41.71789;-1;4;Autovettura privata;In marcia / fermata / arresto;Conducente;F;Illeso;0;;Non accertato;Inesploso
2840114;13;31/05/2016 12:40;Strada Urbana;PIAZZALE DELL'AQUILONE;da specificare;;;;FRONTE STABILIM. BALNEARE 'VECCHIA PINETA';Tamponamento Multiplo;Rettilineo;Una carreggiata a doppio senso;Asciutto;Asfaltata;Verticale ed orizzontale;Sereno;Intenso;Buona;Ore Diurne;0;0;0;9;12.30793;41.71789;-1;5;Autovettura privata;In marcia / fermata / arresto;Conducente;M;Illeso;0;;Non accertato;Inesploso
2840114;13;31/05/2016 12:40;Strada Urbana;PIAZZALE DELL'AQUILONE;da specificare;;;;FRONTE STABILIM. BALNEARE 'VECCHIA PINETA';Tamponamento Multiplo;Rettilineo;Una carreggiata a doppio senso;Asciutto;Asfaltata;Verticale ed orizzontale;Sereno;Intenso;Buona;Ore Diurne;0;0;0;9;12.30793;41.71789;-1;5;Autovettura privata;In marcia / fermata / arresto;Passeggero;M;Illeso;0;;;
2840115;1;31/05/2016 21:15;Strada Urbana;VIA CRISTOFORO COLOMBO;all'intersezione semaforizzata con;VIALE DI PORTA ARDEATINA;VIALE DI PORTA ARDEATINA;;;Scontro laterale fra veicoli in marcia;Intersezione semaforizzata;Una carreggiata a doppio senso;Asciutto;Asfaltata;Verticale ed orizzontale;Sereno;Normale;Buona;Sufficiente;1;0;0;1;12.42449;41.78815;-1;1;Autovettura privata;In marcia / fermata / arresto;Conducente;M;Illeso;0;;Non accertato;
2840115;1;31/05/2016 21:15;Strada Urbana;VIA CRISTOFORO COLOMBO;all'intersezione semaforizzata con;VIALE DI PORTA ARDEATINA;VIALE DI PORTA ARDEATINA;;;Scontro laterale fra veicoli in marcia;Intersezione semaforizzata;Una carreggiata a doppio senso;Asciutto;Asfaltata;Verticale ed orizzontale;Sereno;Normale;Buona;Sufficiente;1;0;0;1;12.42449;41.78815;-1;2;Motociclo a solo;In marcia / fermata / arresto;Conducente;M;Rifiuta cure immediate;0;NON DECEDUTO;Non accertato;
2840139;7;31/05/2016 09:00;Strada Urbana;VIA RAFFAELE COSTI;in corrispondenza;;del civico n.;23;;Scontro laterale fra veicoli in marcia;Rettilineo;Una carreggiata a doppio senso;Asciutto;Asfaltata;Orizzontale;Sereno;Normale;Buona;Ore Diurne;0;0;0;2;12.5899;41.90901;-1;1;Autobus di linea;In marcia / fermata / arresto;Conducente;M;Illeso;0;;Esente;Inesistente
2840139;7;31/05/2016 09:00;Strada Urbana;VIA RAFFAELE COSTI;in corrispondenza;;del civico n.;23;;Scontro laterale fra veicoli in marcia;Rettilineo;Una carreggiata a doppio senso;Asciutto;Asfaltata;Orizzontale;Sereno;Normale;Buona;Ore Diurne;0;0;0;2;12.5899;41.90901;-1;2;Autovettura privata;In marcia / fermata / arresto;Conducente;M;Illeso;0;;Non accertato;Inesploso
2840150;10;31/05/2016 20:30;Strada Urbana;VIA CARROCETO;da specificare;;;;all'intersezione con LARGO LORENZO CUNEO;Investimento di pedone;Rettilineo;Una carreggiata a senso unico di marcia;Asciutto;Asfaltata;Verticale ed orizzontale;Sereno;Normale;Sufficiente;Sufficiente;0;0;0;2;12.53809;41.86624;-1;;;;Pedone;F;Illeso;0;;;
2840150;10;31/05/2016 20:30;Strada Urbana;VIA CARROCETO;da specificare;;;;all'intersezione con LARGO LORENZO CUNEO;Investimento di pedone;Rettilineo;Una carreggiata a senso unico di marcia;Asciutto;Asfaltata;Verticale ed orizzontale;Sereno;Normale;Sufficiente;Sufficiente;0;0;0;2;12.53809;41.86624;-1;1;Autovettura privata;In marcia / fermata / arresto;Conducente;M;Illeso;0;;Non accertato;Inesploso
2840154;18;31/05/2016 17:20;Strada Urbana;VIA DI BOCCEA;all'intersezione semaforizzata con;VIA MATTIA BATTISTINI;VIA MATTIA BATTISTINI;;;Scontro laterale fra veicoli in marcia;Intersezione semaforizzata;Una carreggiata a senso unico di marcia;Asciutto;Asfaltata;Verticale ed orizzontale;Sereno;Normale;Buona;Ore Diurne;0;0;0;2;12.39188;41.91186;-1;1;Autobus di linea;In marcia / fermata / arresto;Conducente;M;Illeso;0;;;
2840154;18;31/05/2016 17:20;Strada Urbana;VIA DI BOCCEA;all'intersezione semaforizzata con;VIA MATTIA BATTISTINI;VIA MATTIA BATTISTINI;;;Scontro laterale fra veicoli in marcia;Intersezione semaforizzata;Una carreggiata a senso unico di marcia;Asciutto;Asfaltata;Verticale ed orizzontale;Sereno;Normale;Buona;Ore Diurne;0;0;0;2;12.39188;41.91186;-1;2;Autovettura privata;In marcia / fermata / arresto;Conducente;M;Illeso;0;;;
2840160;18;31/05/2016 18:30;Strada Urbana;VIA ENNIO BONIFAZI;in corrispondenza;;del civico n.;19;;Tamponamento;Rettilineo;Una carreggiata a doppio senso;Asciutto;Asfaltata;Verticale ed orizzontale;Sereno;Normale;Buona;Ore Diurne;0;0;0;2;12.41765;41.90441;-1;1;Autovettura privata;In marcia / fermata / arresto;Conducente;M;Illeso;0;;;
2840160;18;31/05/2016 18:30;Strada Urbana;VIA ENNIO BONIFAZI;in corrispondenza;;del civico n.;19;;Tamponamento;Rettilineo;Una carreggiata a doppio senso;Asciutto;Asfaltata;Verticale ed orizzontale;Sereno;Normale;Buona;Ore Diurne;0;0;0;2;12.41765;41.90441;-1;2;Autovettura privata;In marcia / fermata / arresto;Conducente;M;Illeso;0;;;
2840169;18;31/05/2016 17:20;Strada Urbana;VIA PAOLO II;in prossimità;;del civico n.;12;;Veicolo in marcia contro veicolo in sosta;Rettilineo;Una carreggiata a senso unico di marcia;Asciutto;Asfaltata;Verticale ed orizzontale;Sereno;Scarso;Buona;Ore Diurne;0;0;0;1;12.45414;41.89863;-1;1;Autocarro inferiore 35 q.;In marcia / fermata / arresto;Conducente;M;Illeso;0;;;
2840176;16;29/05/2016 11:40;Strada Urbana;LARGO MARTIN LUTHER KING;in prossimità;;del civico n.;8;;Veicolo in marcia contro ostacolo accidentale;Rettilineo;Una carreggiata a senso unico di marcia;Asciutto;Asfaltata;Orizzontale;Sereno;Normale;Buona;Ore Diurne;0;0;0;1;12.44009;41.88194;-1;1;Autovettura privata;In marcia / fermata / arresto;Conducente;M;Illeso;0;;Non accertato;Inesploso
2840177;18;31/05/2016 18:35;Strada Urbana;PIAZZA S. GIOVANNI BATTISTA DE LA SALLE;all'intersezione semaforizzata con;CIRCONVALLAZIONE AURELIA;CIRCONVALLAZIONE AURELIA;;;Investimento di pedone;Intersezione semaforizzata;Due carreggiate;Asciutto;Asfaltata;Verticale ed orizzontale;Sereno;Normale;Buona;Ore Diurne;1;0;0;1;12.42753;41.89842;-1;;;;Pedone;F;Rifiuta cure immediate;0;NON DECEDUTO;;
2840177;18;31/05/2016 18:35;Strada Urbana;PIAZZA S. GIOVANNI BATTISTA DE LA SALLE;all'intersezione semaforizzata con;CIRCONVALLAZIONE AURELIA;CIRCONVALLAZIONE AURELIA;;;Investimento di pedone;Intersezione semaforizzata;Due carreggiate;Asciutto;Asfaltata;Verticale ed orizzontale;Sereno;Normale;Buona;Ore Diurne;1;0;0;1;12.42753;41.89842;-1;1;Autovettura privata;In marcia / fermata / arresto;Conducente;M;Illeso;0;;Non accertato;Inesploso
2840178;1;31/05/2016 18:20;Strada Urbana;PORTO DI RIPA GRANDE;in prossimità;;del civico n.;25;;Tamponamento;Rettilineo;Una carreggiata a senso unico di marcia;Asciutto;Asfaltata;Verticale ed orizzontale;Sereno;Normale;Buona;Ore Diurne;0;0;0;2;12.47591;41.88481;-1;1;Autovettura privata;In marcia / fermata / arresto;Conducente;M;Illeso;0;;Non accertato;Inesploso
2840178;1;31/05/2016 18:20;Strada Urbana;PORTO DI RIPA GRANDE;in prossimità;;del civico n.;25;;Tamponamento;Rettilineo;Una carreggiata a senso unico di marcia;Asciutto;Asfaltata;Verticale ed orizzontale;Sereno;Normale;Buona;Ore Diurne;0;0;0;2;12.47591;41.88481;-1;2;Motociclo a solo;In marcia / fermata / arresto;Conducente;M;Illeso;0;;Non accertato;
2840208;4;31/05/2016 12:25;Strada Urbana;VIA GIANNA PEDERZINI;da specificare;;;;prossimità viadotto Saragat;Veicolo in marcia contro ostacolo accidentale;Curva a visuale libera;Due carreggiate;Asciutto;Asfaltata;Verticale ed orizzontale;Sereno;Normale;Buona;Ore Diurne;0;0;0;1;12.52152;41.97269;-1;1;Autovettura privata;In marcia / fermata / arresto;Conducente;M;Illeso;0;;Non accertato;
2840217;4;31/05/2016 21:30;Strada Urbana;VIA VALDINIEVOLE;all'intersezione con;VIA VALLE CORTENO;VIA VALLE CORTENO;;;Scontro laterale fra veicoli in marcia;Intersezione non regolata/non segnalata;Una carreggiata a senso unico di marcia;Sdrucciolevole (pietrisco);Strada pavimentata dissestata;Assente;Sereno;Scarso;Buona;Sufficiente;0;0;0;2;12.52765;41.93612;-1;1;Ciclomotore;In marcia / fermata / arresto;Conducente;M;Illeso;0;;Non accertato;
2840217;4;31/05/2016 21:30;Strada Urbana;VIA VALDINIEVOLE;all'intersezione con;VIA VALLE CORTENO;VIA VALLE CORTENO;;;Scontro laterale fra veicoli in marcia;Intersezione non regolata/non segnalata;Una carreggiata a senso unico di marcia;Sdrucciolevole (pietrisco);Strada pavimentata dissestata;Assente;Sereno;Scarso;Buona;Sufficiente;0;0;0;2;12.52765;41.93612;-1;2;Macchina operatrice;In marcia / fermata / arresto;Conducente;M;Illeso;0;;Esente;
2840233;3;31/05/2016 19:00;Strada Urbana;VIA LIVORNO;in corrispondenza;;del civico n.;32;;Veicolo in marcia contro veicolo in sosta;Rettilineo;Una carreggiata a doppio senso;Asciutto;Asfaltata;Verticale ed orizzontale;Sereno;Normale;Buona;Ore Diurne;0;0;0;2;12.52292;41.91492;-1;1;Autovettura privata;In marcia / fermata / arresto;Conducente;M;Illeso;0;;Non accertato;Inesploso
2840233;3;31/05/2016 19:00;Strada Urbana;VIA LIVORNO;in corrispondenza;;del civico n.;32;;Veicolo in marcia contro veicolo in sosta;Rettilineo;Una carreggiata a doppio senso;Asciutto;Asfaltata;Verticale ed orizzontale;Sereno;Normale;Buona;Ore Diurne;0;0;0;2;12.52292;41.91492;-1;2;Autovettura privata;Sosta;Passeggero;M;Illeso;0;;Non accertato;Inesploso
2840236;4;31/05/2016 17:10;Strada Urbana;VIA SUVERETO;in corrispondenza;;del civico n.;46;;Scontro laterale fra veicoli in marcia;Rettilineo;Due carreggiate;Asciutto;Asfaltata;Verticale ed orizzontale;Sereno;Normale;Buona;Ore Diurne;0;0;0;3;12.51838;41.95445;-1;1;Autovettura privata;In marcia / fermata / arresto;Conducente;F;Illeso;0;;Non accertato;
2840236;4;31/05/2016 17:10;Strada Urbana;VIA SUVERETO;in corrispondenza;;del civico n.;46;;Scontro laterale fra veicoli in marcia;Rettilineo;Due carreggiate;Asciutto;Asfaltata;Verticale ed orizzontale;Sereno;Normale;Buona;Ore Diurne;0;0;0;3;12.51838;41.95445;-1;2;Motociclo a solo;In marcia / fermata / arresto;Conducente;M;Illeso;0;;Non accertato;
2840236;4;31/05/2016 17:10;Strada Urbana;VIA SUVERETO;in corrispondenza;;del civico n.;46;;Scontro laterale fra veicoli in marcia;Rettilineo;Due carreggiate;Asciutto;Asfaltata;Verticale ed orizzontale;Sereno;Normale;Buona;Ore Diurne;0;0;0;3;12.51838;41.95445;-1;3;Autovettura privata;In marcia / fermata / arresto;Conducente;F;Illeso;0;;Non accertato;Inesploso
2840247;2;31/05/2016 11:10;Strada Urbana;VIA ELEONORA DUSE;all'intersezione con;VIA LUIGI BELLOTTI BON;VIA LUIGI BELLOTTI BON;;;Scontro frontale/laterale DX fra veicoli in marcia;Intersezione stradale segnalata;Una carreggiata a senso unico di marcia;Asciutto;Asfaltata;Verticale;Sereno;Scarso;Buona;Ore Diurne;4;0;0;0;12.49189;41.92838;-1;1;Autovettura privata;In marcia / fermata / arresto;Conducente;F;Rimandato;0;NON DECEDUTO;;
2840247;2;31/05/2016 11:10;Strada Urbana;VIA ELEONORA DUSE;all'intersezione con;VIA LUIGI BELLOTTI BON;VIA LUIGI BELLOTTI BON;;;Scontro frontale/laterale DX fra veicoli in marcia;Intersezione stradale segnalata;Una carreggiata a senso unico di marcia;Asciutto;Asfaltata;Verticale;Sereno;Scarso;Buona;Ore Diurne;4;0;0;0;12.49189;41.92838;-1;2;Autovettura privata;In marcia / fermata / arresto;Conducente;F;Rimandato;0;NON DECEDUTO;Non accertato;Inesploso
2840247;2;31/05/2016 11:10;Strada Urbana;VIA ELEONORA DUSE;all'intersezione con;VIA LUIGI BELLOTTI BON;VIA LUIGI BELLOTTI BON;;;Scontro frontale/laterale DX fra veicoli in marcia;Intersezione stradale segnalata;Una carreggiata a senso unico di marcia;Asciutto;Asfaltata;Verticale;Sereno;Scarso;Buona;Ore Diurne;4;0;0;0;12.49189;41.92838;-1;2;Autovettura privata;In marcia / fermata / arresto;Passeggero;M;Rimandato;0;NON DECEDUTO;Esente;Inesploso
2840248;12;31/05/2016 18:30;Strada Urbana;VIA TOLOSA;in prossimità;;del civico n.;34;;Veicolo in marcia contro ostacolo accidentale;Rettilineo;Una carreggiata a senso unico di marcia;Asciutto;Asfaltata;Verticale ed orizzontale;Sereno;Normale;Sufficiente;Ore Diurne;0;0;0;1;12.45607;41.81824;-1;1;Autovettura privata;In marcia / fermata / arresto;Conducente;M;Illeso;0;;Utilizzato;Inesploso
2840249;3;30/05/2016 20:50;Strada Urbana;VIA DELLE ISOLE CURZOLANE;all'intersezione con;VIA SARANDI;VIA SARANDI;;;Scontro laterale fra veicoli in marcia;Incrocio;Due carreggiate;Asciutto;Asfaltata;Verticale ed orizzontale;Sereno;Normale;Sufficiente;Sufficiente;0;0;0;3;12.53022;41.94917;-1;1;Autovettura privata;In marcia / fermata / arresto;Conducente;M;Illeso;0;;;
2840249;3;30/05/2016 20:50;Strada Urbana;VIA DELLE ISOLE CURZOLANE;all'intersezione con;VIA SARANDI;VIA SARANDI;;;Scontro laterale fra veicoli in marcia;Incrocio;Due carreggiate;Asciutto;Asfaltata;Verticale ed orizzontale;Sereno;Normale;Sufficiente;Sufficiente;0;0;0;3;12.53022;41.94917;-1;1;Autovettura privata;In marcia / fermata / arresto;Passeggero;F;Illeso;0;;Non accertato;
2840249;3;30/05/2016 20:50;Strada Urbana;VIA DELLE ISOLE CURZOLANE;all'intersezione con;VIA SARANDI;VIA SARANDI;;;Scontro laterale fra veicoli in marcia;Incrocio;Due carreggiate;Asciutto;Asfaltata;Verticale ed orizzontale;Sereno;Normale;Sufficiente;Sufficiente;0;0;0;3;12.53022;41.94917;-1;2;Autovettura privata;In marcia / fermata / arresto;Conducente;M;Illeso;0;;;
2840258;3;31/05/2016 16:30;Strada Urbana;VIALE DELL'UNIVERSITA';all'intersezione con;VIALE REGINA ELENA;VIALE REGINA ELENA;;;Scontro frontale/laterale SX fra veicoli in marcia;Incrocio;Due carreggiate;Asciutto;Asfaltata;Verticale ed orizzontale;Sereno;Normale;Buona;Ore Diurne;1;0;0;3;12.51179;41.90433;-1;1;Autovettura privata;In marcia / fermata / arresto;Conducente;M;Illeso;0;;Non accertato;Inesploso
2840258;3;31/05/2016 16:30;Strada Urbana;VIALE DELL'UNIVERSITA';all'intersezione con;VIALE REGINA ELENA;VIALE REGINA ELENA;;;Scontro frontale/laterale SX fra veicoli in marcia;Incrocio;Due carreggiate;Asciutto;Asfaltata;Verticale ed orizzontale;Sereno;Normale;Buona;Ore Diurne;1;0;0;3;12.51179;41.90433;-1;1;Autovettura privata;In marcia / fermata / arresto;Passeggero;M;Illeso;0;;Non accertato;Inesploso
2840258;3;31/05/2016 16:30;Strada Urbana;VIALE DELL'UNIVERSITA';all'intersezione con;VIALE REGINA ELENA;VIALE REGINA ELENA;;;Scontro frontale/laterale SX fra veicoli in marcia;Incrocio;Due carreggiate;Asciutto;Asfaltata;Verticale ed orizzontale;Sereno;Normale;Buona;Ore Diurne;1;0;0;3;12.51179;41.90433;-1;1;Autovettura privata;In marcia / fermata / arresto;Passeggero;F;Illeso;0;;Non accertato;Inesploso
2840258;3;31/05/2016 16:30;Strada Urbana;VIALE DELL'UNIVERSITA';all'intersezione con;VIALE REGINA ELENA;VIALE REGINA ELENA;;;Scontro frontale/laterale SX fra veicoli in marcia;Incrocio;Due carreggiate;Asciutto;Asfaltata;Verticale ed orizzontale;Sereno;Normale;Buona;Ore Diurne;1;0;0;3;12.51179;41.90433;-1;2;Motociclo a solo;In marcia / fermata / arresto;Conducente;M;Rimandato;0;NON DECEDUTO;Non accertato;
2840264;3;31/05/2016 16:00;Strada Urbana;VIA DEI TAURINI;in corrispondenza;;del civico n.;41A;;Veicolo in marcia contro veicolo fermo;Rettilineo;Due carreggiate;Asciutto;Asfaltata;Verticale ed orizzontale;Sereno;Scarso;Buona;Ore Diurne;0;0;0;2;12.5101;41.90058;-1;1;Autovettura privata;In marcia / fermata / arresto;Conducente;F;Illeso;0;;Non accertato;Inesploso
2840264;3;31/05/2016 16:00;Strada Urbana;VIA DEI TAURINI;in corrispondenza;;del civico n.;41A;;Veicolo in marcia contro veicolo fermo;Rettilineo;Due carreggiate;Asciutto;Asfaltata;Verticale ed orizzontale;Sereno;Scarso;Buona;Ore Diurne;0;0;0;2;12.5101;41.90058;-1;2;Autovettura privata;In marcia / fermata / arresto;Conducente;M;Illeso;0;;Non accertato;Inesploso
2840291;4;31/05/2016 12:35;Strada Urbana;VIA SALARIA;da specificare;;;;dir. GRA sottopasso alt. via Prati Fiscali;Tamponamento;Rettilineo;Una carreggiata a senso unico di marcia;Bagnato (pioggia);Asfaltata;Verticale;Sereno;Normale;Buona;Ore Diurne;1;0;0;1;12.50797;41.94212;-1;1;Autovettura privata;In marcia / fermata / arresto;Conducente;M;Illeso;0;;Non accertato;Inesploso
2840291;4;31/05/2016 12:35;Strada Urbana;VIA SALARIA;da specificare;;;;dir. GRA sottopasso alt. via Prati Fiscali;Tamponamento;Rettilineo;Una carreggiata a senso unico di marcia;Bagnato (pioggia);Asfaltata;Verticale;Sereno;Normale;Buona;Ore Diurne;1;0;0;1;12.50797;41.94212;-1;2;Motociclo a solo;In marcia / fermata / arresto;Conducente;M;Rimandato;0;NON DECEDUTO;Non accertato;
2840294;20;31/05/2016 18:55;Strada Urbana;VIALE DI TOR DI QUINTO;da specificare;;;;del fr. civ.35;Scontro frontale/laterale SX fra veicoli in marcia;Rettilineo;Una carreggiata a doppio senso;Asciutto;Asfaltata;Verticale ed orizzontale;Sereno;Normale;Buona;Ore Diurne;2;0;0;1;12.47847;41.94471;-1;1;Autovettura privata;In marcia / fermata / arresto;Conducente;F;Illeso;0;;Non accertato;
2840294;20;31/05/2016 18:55;Strada Urbana;VIALE DI TOR DI QUINTO;da specificare;;;;del fr. civ.35;Scontro frontale/laterale SX fra veicoli in marcia;Rettilineo;Una carreggiata a doppio senso;Asciutto;Asfaltata;Verticale ed orizzontale;Sereno;Normale;Buona;Ore Diurne;2;0;0;1;12.47847;41.94471;-1;2;Motociclo a solo;In marcia / fermata / arresto;Conducente;M;Ricoverato;0;NON DECEDUTO;Non accertato;
2840294;20;31/05/2016 18:55;Strada Urbana;VIALE DI TOR DI QUINTO;da specificare;;;;del fr. civ.35;Scontro frontale/laterale SX fra veicoli in marcia;Rettilineo;Una carreggiata a doppio senso;Asciutto;Asfaltata;Verticale ed orizzontale;Sereno;Normale;Buona;Ore Diurne;2;0;0;1;12.47847;41.94471;-1;2;Motociclo a solo;In marcia / fermata / arresto;Passeggero;F;Rimandato;0;NON DECEDUTO;;
2840306;1;31/05/2016 18:20;Strada Urbana;VIA DI PORTA S. SEBASTIANO;in prossimità;;del palo luce n.;28;;Tamponamento;Rettilineo;Una carreggiata a doppio senso;Asciutto;In cubetti di porfido;Verticale ed orizzontale;Sereno;Normale;Buona;Ore Diurne;2;0;0;0;12.49874;41.87755;-1;1;Motociclo a solo;In marcia / fermata / arresto;Conducente;M;Rimandato;0;NON DECEDUTO;Utilizzato;
2840306;1;31/05/2016 18:20;Strada Urbana;VIA DI PORTA S. SEBASTIANO;in prossimità;;del palo luce n.;28;;Tamponamento;Rettilineo;Una carreggiata a doppio senso;Asciutto;In cubetti di porfido;Verticale ed orizzontale;Sereno;Normale;Buona;Ore Diurne;2;0;0;0;12.49874;41.87755;-1;2;Velocipede;In marcia / fermata / arresto;Conducente;M;Rimandato;0;NON DECEDUTO;Esente;
2840308;2;31/05/2016 09:10;Strada Urbana;PIAZZA REGINA MARGHERITA;all'intersezione semaforizzata con;VIALE REGINA MARGHERITA;VIALE REGINA MARGHERITA;;;Tamponamento;Intersezione semaforizzata;Una carreggiata a doppio senso;Asciutto;Asfaltata;Verticale ed orizzontale;Sereno;Normale;Buona;Ore Diurne;0;0;0;4;12.5059;41.91382;-1;1;Autovettura privata;In marcia / fermata / arresto;Conducente;M;Illeso;0;;;
2840308;2;31/05/2016 09:10;Strada Urbana;PIAZZA REGINA MARGHERITA;all'intersezione semaforizzata con;VIALE REGINA MARGHERITA;VIALE REGINA MARGHERITA;;;Tamponamento;Intersezione semaforizzata;Una carreggiata a doppio senso;Asciutto;Asfaltata;Verticale ed orizzontale;Sereno;Normale;Buona;Ore Diurne;0;0;0;4;12.5059;41.91382;-1;1;Autovettura privata;In marcia / fermata / arresto;Passeggero;F;Illeso;0;;;
2840308;2;31/05/2016 09:10;Strada Urbana;PIAZZA REGINA MARGHERITA;all'intersezione semaforizzata con;VIALE REGINA MARGHERITA;VIALE REGINA MARGHERITA;;;Tamponamento;Intersezione semaforizzata;Una carreggiata a doppio senso;Asciutto;Asfaltata;Verticale ed orizzontale;Sereno;Normale;Buona;Ore Diurne;0;0;0;4;12.5059;41.91382;-1;2;Autovettura privata;In marcia / fermata / arresto;Conducente;M;Illeso;0;;;
2840308;2;31/05/2016 09:10;Strada Urbana;PIAZZA REGINA MARGHERITA;all'intersezione semaforizzata con;VIALE REGINA MARGHERITA;VIALE REGINA MARGHERITA;;;Tamponamento;Intersezione semaforizzata;Una carreggiata a doppio senso;Asciutto;Asfaltata;Verticale ed orizzontale;Sereno;Normale;Buona;Ore Diurne;0;0;0;4;12.5059;41.91382;-1;2;Autovettura privata;In marcia / fermata / arresto;Passeggero;F;Illeso;0;;;
2840340;12;31/05/2016 15:45;Regionale;VIA DEL MARE;in prossimità;;della chilometrica;9.8;;Tamponamento;Rettilineo;Una carreggiata a doppio senso;Asciutto;Asfaltata;Verticale ed orizzontale;Sereno;Normale;Buona;Ore Diurne;0;0;0;2;12.41783;41.80239;-1;1;Autovettura privata;In marcia / fermata / arresto;Conducente;F;Illeso;0;;Utilizzato;Esploso
2840340;12;31/05/2016 15:45;Regionale;VIA DEL MARE;in prossimità;;della chilometrica;9.8;;Tamponamento;Rettilineo;Una carreggiata a doppio senso;Asciutto;Asfaltata;Verticale ed orizzontale;Sereno;Normale;Buona;Ore Diurne;0;0;0;2;12.41783;41.80239;-1;2;Autovettura privata;In marcia / fermata / arresto;Conducente;M;Illeso;0;;Utilizzato;Inesploso
2840341;16;22/05/2016 12:00;Strada Urbana;VIALE DI TRASTEVERE;in prossimità;;del civico n.;199;;Veicolo in marcia contro veicolo in sosta;Rettilineo;Più di due carreggiate;Asciutto;Asfaltata;Verticale ed orizzontale;Sereno;Normale;Buona;Ore Diurne;0;0;0;1;12.4665;41.8794;-1;2;Motociclo a solo;In marcia / fermata / arresto;Conducente;M;Illeso;0;;Non accertato;
2840380;17;31/05/2016 11:20;Strada Urbana;VIA PASQUALE GALLUPPI;in prossimità;;del civico n.;3;;Scontro frontale/laterale SX fra veicoli in marcia;Rettilineo;Una carreggiata a senso unico di marcia;Asciutto;Asfaltata;Verticale ed orizzontale;Sereno;Normale;Buona;Ore Diurne;0;0;0;5;12.44898;41.91136;-1;1;Autovettura privata;In marcia / fermata / arresto;Conducente;F;Illeso;0;;;
2840380;17;31/05/2016 11:20;Strada Urbana;VIA PASQUALE GALLUPPI;in prossimità;;del civico n.;3;;Scontro frontale/laterale SX fra veicoli in marcia;Rettilineo;Una carreggiata a senso unico di marcia;Asciutto;Asfaltata;Verticale ed orizzontale;Sereno;Normale;Buona;Ore Diurne;0;0;0;5;12.44898;41.91136;-1;1;Autovettura privata;In marcia / fermata / arresto;Passeggero;F;Illeso;0;;;
2840380;17;31/05/2016 11:20;Strada Urbana;VIA PASQUALE GALLUPPI;in prossimità;;del civico n.;3;;Scontro frontale/laterale SX fra veicoli in marcia;Rettilineo;Una carreggiata a senso unico di marcia;Asciutto;Asfaltata;Verticale ed orizzontale;Sereno;Normale;Buona;Ore Diurne;0;0;0;5;12.44898;41.91136;-1;1;Autovettura privata;In marcia / fermata / arresto;Passeggero;F;Illeso;0;;;
2840380;17;31/05/2016 11:20;Strada Urbana;VIA PASQUALE GALLUPPI;in prossimità;;del civico n.;3;;Scontro frontale/laterale SX fra veicoli in marcia;Rettilineo;Una carreggiata a senso unico di marcia;Asciutto;Asfaltata;Verticale ed orizzontale;Sereno;Normale;Buona;Ore Diurne;0;0;0;5;12.44898;41.91136;-1;2;Autovettura privata;In marcia / fermata / arresto;Conducente;M;Illeso;0;;;